25232 10 .0189952
25241 10 .0384143
31581 10 .0118472
32192 10 .0194074
37577 10 .0225806
37856 10 .0207935
38188 10 .254158
38379 10 .0186027
39617 10 .0196244
41248 10 .0117616
41299 10 .0307094
41301 10 .0248502
41361 10 .160381
44347 10 .0588202
58786 10 .165784
58790 10 .0190993
58799 10 .0149417
60489 10 .0214454
60495 10 .0121869
60497 10 .0188862
60509 10 .0356409
60566 10 .03172
60678 10 .205868
60812 10 .0352967
60920 10 .0306732
60925 10 .0229047
61130 10 .0219864
61137 10 .0340005
67970 10 .0452119
67975 10 .0403245
67981 10 .212192
67996 10 .0269422
70908 10 .024617
70912 10 .018437
71216 10 .0362871
71218 10 .0350937
71449 10 .015862
71450 10 .0140832
71897 10 .0282395
72047 10 .0264998
74943 10 .0213921
74947 10 .0210967
74950 10 .0216548
74961 10 .0219228
74992 10 .0188073
74993 10 .0129346
74996 10 .0131466
74997 10 .0260937
75011 10 .0479486
75014 10 .0180983
1002 10 .0351721
4477 10 .0401424
5120 10 .0239016
7064 10 .0345123
15059 10 .0321762
20965 10 .0516677
21113 10 .282186
21432 10 .01983
21461 10 .0192129
21478 10 .018703
21488 10 .0285948
21490 10 .0538871
21492 10 .0802454
21493 10 .123889
21495 10 .243746
21496 10 .102941
21498 10 .891199
22426 10 .0218921
22429 10 .0335476
22433 10 .0180923
23878 10 .0243159
23896 10 .021291
23902 10 .35696
24054 10 .0173028
24151 10 .0147929
24229 10 .0197173
24573 10 .0186525
24574 10 .0194718
24710 10 .0330363
25009 10 .0132435
25037 10 .187477
25040 10 .0103423
25046 10 .0128593
25056 10 .0205122
25092 10 .0105189
25094 10 .0167316
25096 10 .0170751
25097 10 .0169088
25100 10 .0201237
25101 10 .0192239
25103 10 .0152042
25104 10 .0161846
25106 10 .0519521
25107 10 .0203148
25109 10 .0570183
25110 10 .0192874
25112 10 .0257836
25113 10 .0489855
25115 10 .0611962
25116 10 .0586509
75036 10 .0328418
75082 10 .0140796
75084 10 .0152979
75093 10 .0363179
75100 10 .0302527
75101 10 .0203667
75548 10 .264708
75558 10 .0239608
76397 10 .0189937
76411 10 .0248977
77172 10 .0237611
77455 10 .0274938
79553 10 .0447326
79556 10 .0558613
79702 10 .213037
79716 10 .0352839
79747 10 .0256045
79758 10 .0230886
79762 10 .0212014
79783 10 .041248
80105 10 .210884
80806 10 .0249747
81046 10 .204047
81059 10 .0215505
81159 10 .0233051
81169 10 .0220173
81263 10 .014776
81264 10 .035042
81267 10 .032012
81268 10 .0228154
81271 10 .0320503
81272 10 .033493
81274 10 .0424668
81275 10 .0198365
81277 10 .0293964
81278 10 .0296635
81280 10 .0587763
81282 10 .0352241
81284 10 .0518071
81285 10 .0306994
81287 10 .0404243
81288 10 .0310895
81290 10 .0607252
81291 10 .0389499
81293 10 .0473125
81294 10 .0438511
81296 10 .161008
81297 10 .0456261
81299 10 .0667847
81300 10 .325103
87784 10 .0221716
87785 10 .0190839
87787 10 .0252543
87788 10 .0228412
87791 10 .0804781
87792 10 .0681129
87794 10 .359603
87795 10 .035147
87797 10 .0355979
87798 10 .0407999
87800 10 .0388303
87801 10 .543931
87803 10 .367052
87804 10 .13428
89347 10 .0318237
89348 10 .0184627
89355 10 .019816
89356 10 .0205297
89827 10 .0479499
89927 10 .0323209
90653 10 .0304819
90755 10 .0293472
96837 10 .0283481
100503 10 .0525992
105793 10 .0324296
110801 10 .032204
120168 10 .0202603
120184 10 .0315661
120206 10 .0496143
120208 10 .022529
120210 10 .0217214
120212 10 .0207008
120214 10 .0155916
120215 10 .0196549
120217 10 .0735753
120218 10 .018955
120220 10 .0213842
120221 10 .184054
120223 10 .0361206
120224 10 .0509055
120226 10 .111649
120227 10 .129663
120275 10 .0335214
120298 10 .111027
120326 10 .0469397
120345 10 .0209364
120348 10 .0230338
120349 10 .0295391
120351 10 .0211095
120352 10 .208759
81302 10 .0994862
81303 10 .348795
81305 10 .259561
81306 10 .326766
81308 10 1.70313
81309 10 .761243
81311 10 .300884
81312 10 1.2506
81374 10 .0114874
81381 10 .0137701
81393 10 .0150262
81394 10 .015034
81733 10 .0218038
81748 10 .0597908
84351 10 .0115253
84356 10 .277111
84382 10 .0117795
84385 10 .0104894
84405 10 .0110559
84407 10 .0121998
84415 10 .0131424
84424 10 .0149869
84466 10 .0156644
84467 10 .133753
84470 10 .0160533
84471 10 .0170834
84474 10 .0305054
84475 10 .0202669
84478 10 .0159506
84479 10 .0227718
84481 10 .019846
84482 10 .0280102
84484 10 .0252221
84485 10 .0369136
84487 10 .164705
84488 10 .0413293
84490 10 .0425608
84491 10 .0503121
84493 10 .4967
84494 10 .0830673
84496 10 .332683
84497 10 .62828
84499 10 3.13392
84524 10 .0466409
87773 10 .0296905
87774 10 .0253313
87777 10 .0179209
87778 10 .0325103
87781 10 .0338378
87782 10 .0211975
338251 10 .0126276
338277 10 .021808
338978 10 .018734
339263 10 .0269585
344119 10 .0334258
345824 10 .0334304
349417 10 .11824
349426 10 .0156694
349456 10 .0121781
349463 10 .0130951
349478 10 .0115328
349480 10 .0146978
349535 10 .00967616
349545 10 .012245
349560 10 .111776
349579 10 .0187028
349667 10 .0197978
349680 10 .0343615
349743 10 .0224709
349775 10 .0509256
349790 10 .033893
349792 10 .0300243
349841 10 .0220713
349842 10 .0292934
349845 10 .0163266
349846 10 .0463168
349849 10 .0696653
349850 10 .0477775
349852 10 .119527
349853 10 .0432873
349856 10 .0436461
349857 10 .0622925
349859 10 .0544433
349860 10 .0439921
349862 10 .0819086
349863 10 .166931
349866 10 .284273
349867 10 .155431
349869 10 .0833005
349870 10 .189727
349872 10 .100662
349873 10 .264558
349875 10 .112408
349876 10 .169672
349878 10 .267743
349879 10 .440277
349881 10 .0972714
349882 10 .0661327
349884 10 2.78502
349885 10 .305157
185704 10 .063471
185705 10 .129995
185707 10 .245197
185708 10 .12723
185710 10 .135599
185711 10 .136789
185713 10 .93738
185714 10 .207405
185716 10 2.28945
185717 10 .221799
185719 10 .302101
185720 10 .17462
185722 10 1.48066
185723 10 .880447
185725 10 11.1141
185915 10 .252877
186227 10 .426532
191887 10 .224614
210028 10 .0544746
210031 10 .0163058
210468 10 .0393341
215009 10 .0315066
215041 10 .0477869
215070 10 .464358
219644 10 .0435652
219645 10 .0475974
220427 10 .491063
222549 10 .0532865
248606 10 .0155578
249354 10 .0129265
249638 10 .0221082
260424 10 .0101865
260466 10 .0139476
260479 10 .0163038
260983 10 .0126622
260985 10 .0104989
261417 10 .0155451
262159 10 .0164256
262682 10 .0166967
262730 10 .0115133
262738 10 .0119697
262739 10 .0190894
263282 10 .0206134
271359 10 .0218082
272305 10 .0253391
273142 10 .0206507
279412 10 .0221687
285445 10 .0428386
337940 10 .0293269
338246 10 .0149788
505627 10 .291976
537516 10 .242662
544507 10 .610553
548433 10 .0989452
548651 10 .0429831
567755 10 .562129
579495 10 .348504
579497 10 .017443
580160 10 .0384288
580166 10 .015901
580179 10 .0244425
580189 10 .0599497
580201 10 .0313368
580227 10 .0853582
580338 10 .0749225
580360 10 .19417
582013 10 .0152883
582020 10 .0429069
582039 10 .0300795
582055 10 .0950265
582162 10 .100655
582173 10 .0567666
582489 10 .0775221
582688 10 .0415628
582721 10 .162981
582754 10 .0262033
582757 10 .123496
582759 10 .0931115
582762 10 .0745653
582763 10 .39355
582765 10 .175914
582766 10 .135261
582768 10 .221243
582769 10 .142491
582771 10 .101166
582772 10 .0661511
582774 10 .0791683
582775 10 .123826
582777 10 .126348
582778 10 .271047
582781 10 .359202
582782 10 .547622
582784 10 .222095
582785 10 .179204
582787 10 .517564
582788 10 .312656
582790 10 .219496
582791 10 .83817
582793 10 .490081
582794 10 .830518
839914 10 .0199591
839915 10 .0121883
839929 10 .0184917
839957 10 .0102619
839962 10 .00918979
839970 10 .0112254
839976 10 .220666
839991 10 .0457765
840026 10 .0336918
840027 10 .0339864
840031 10 .0312299
840037 10 .0331587
840046 10 .0340186
840047 10 .0441669
840203 9 .339176
840208 9 .0230968
840272 9 .0270781
840448 10 .0246756
840454 9 .0466155
840573 10 .0349639
840592 9 .0609074
840773 9 .0838294
840781 9 .248431
840808 9 .0270466
840887 10 .0170955
840889 9 .0264196
840959 9 .0261996
841256 9 .0661373
841335 9 .0361421
841351 9 .0697142
841538 10 .0628261
841547 9 .0747367
841682 9 .0561287
841715 10 .0366757
841773 10 .0247335
841786 9 .0769421
843557 9 .0522334
843572 9 .053704
843637 9 .0701229
843673 9 .0488724
843708 10 .0316439
843726 9 .0392042
843764 9 .0220037
843779 10 .0203478
843857 10 .0370366
843867 10 .320581
843889 10 .0429648
843929 9 .0536285
843944 9 .0886805
843971 9 .0407486
349887 10 .40411
349888 10 .953205
349890 10 2.0541
349891 10 .665127
349893 10 .26014
349894 10 .465664
349896 10 1.17353
349897 10 4.54016
349899 10 2.33279
349900 10 1.8165
349910 10 .109518
349954 10 .0628581
350184 10 .281542
357877 10 .0322103
358135 10 .0368314
358137 10 .0279059
358140 10 .0285733
358141 10 .016629
358143 10 .0590898
358145 10 .0479879
358147 10 .0490407
358148 10 .0391492
358151 10 .0217936
358152 10 .0284027
358154 10 .0347265
358155 10 .0562368
358157 10 .0952599
358158 10 .0305392
358160 10 .0784036
358162 10 .0359084
358164 10 .0524735
358165 10 .0902907
358167 10 .103742
358168 10 .126873
358170 10 .13992
358171 10 .604019
358173 10 .119149
358174 10 .334537
358176 10 .427733
358177 10 .918621
359321 10 .0180935
359329 10 .0293533
359376 10 .0416224
359380 10 .0228123
359766 10 .0285777
366946 10 .0255877
378136 10 .0813467
425065 10 .422122
452890 10 .103013
454189 10 .087917
838239 10 .0164729
838240 10 .0180831
838242 10 .0216339
838243 10 .015051
838245 10 .0126227
838246 10 .0219844
838248 10 .194879
838249 10 .0388837
838251 10 .051875
838252 10 .0110415
838260 10 .0108554
838268 10 .0164257
838295 10 .0180909
838317 10 .0250642
838342 10 .195617
838343 10 .0127033
838347 10 .0153908
838348 10 .0163755
838350 10 .0194069
838352 10 .0131698
838354 10 .0151493
838355 10 .0135206
838357 10 .0312437
838358 10 .0484722
838360 10 .0201639
838361 10 .0245351
838363 10 .0452018
838364 10 .0633881
838366 10 .405082
838367 10 .142654
838369 10 .609902
838370 10 .0191852
838379 10 .0393987
838389 10 .0403751
838422 10 .0373374
838443 9 .0372825
838470 10 .0973207
838471 10 .471752
838474 10 .0803591
838475 10 .223398
838477 10 .246819
838478 10 .0707105
838480 10 .994737
838481 10 1.58102
838483 10 2.06597
838489 10 .031918
839538 9 .0287573
839637 10 .0137162
839754 10 .020294
839768 9 .0422554
845482 10 .0332404
845483 10 .0193744
845485 10 .0186201
845486 10 .0306475
845488 10 .0431091
845489 10 .0443706
845491 10 .234572
845492 10 .036027
845494 10 .0761584
845495 10 .0483139
845497 10 .0819377
845498 10 .0447257
845500 10 .0292263
845501 10 .0454903
845503 10 .199368
845504 10 .0878197
845506 10 .0466976
845507 10 .0404166
845509 10 .504178
845511 10 .024157
845515 10 .0194555
845519 10 .0282422
845523 10 .0136682
845531 10 .0159178
845688 9 .0248157
845698 9 .0250493
845833 10 .0127833
845834 10 .0153038
845861 10 .0160704
845866 10 .0136142
845890 10 .0240533
845931 9 .0259197
845956 10 .014386
845958 10 .0150119
845961 10 .0152061
845962 10 .0161981
845965 10 .0199702
845966 10 .018916
845968 10 .0191028
845969 10 .0153736
845971 10 .0206204
845972 10 .0354851
845974 10 .029938
845976 10 .0277324
845978 10 .0310064
845979 10 .0269499
845981 10 .0152112
845982 10 .0193043
845984 10 .0202193
845985 10 .0492008
844030 10 .0342842
844032 10 .0355146
844034 10 .0513829
844036 10 .0308154
844039 10 .0723784
844041 10 .0487783
844043 10 .180937
844044 10 .0309852
844047 10 .0463419
844048 10 .0732081
844050 10 .0632308
844051 10 .103297
844053 10 .25337
844054 10 .067814
844056 10 .03054
844057 10 .0304012
844059 10 .138212
844060 10 .142753
844062 10 .254402
844063 10 .249156
844065 10 .21485
844066 10 .067831
844068 10 .047012
844069 10 .0537892
844071 10 .213293
844072 10 .818666
844074 10 .188796
844075 10 .292347
844077 10 .0159824
844096 10 .0197224
844167 9 .0734761
844194 9 .0414342
844280 9 .0998907
844304 9 .0499259
844352 9 .0622593
844367 9 .323004
844475 9 .0338273
844476 10 .0258908
844478 9 .0969417
844479 9 .077207
844481 9 .10254
844482 9 .385455
844485 9 .164853
844486 9 .0959016
844489 9 .0791761
844490 9 .115934
844492 9 .0639748
844493 9 .21744
844495 9 .758854
844496 9 .201245
845987 10 .070916
845988 10 .122796
845990 10 .0863984
845991 10 .115033
845993 10 .142316
845994 10 .409213
845996 10 .406897
845997 10 .171857
846039 9 .0194921
846098 9 .0406624
846115 10 .0201831
846134 10 .0142019
846172 9 .0175438
846186 9 .0354238
846377 10 .0271699
846443 10 .0231635
847128 9 .0261106
847131 9 .0349607
847268 9 .0157259
847298 9 .0258093
849503 9 .0328706
849504 9 .0425656
849711 9 .0265797
849826 9 .0173399
849828 9 .0311296
849830 9 .031244
849832 9 .0280663
849833 9 .0286765
849835 9 .0311594
849836 9 .195062
849839 9 .0277159
849840 9 .0325145
849842 9 .118193
849843 9 .0731627
849845 9 .0704975
849846 9 .0842637
849849 9 .0521514
849850 9 .0692134
849852 9 .073568
849853 9 .0469217
849855 9 .0568506
849856 9 .0714245
849858 9 .0803783
849859 9 .493755
849861 9 .249307
849862 9 .361161
849864 9 .517931
849865 9 .269658
849867 9 .305889
849868 9 .822788
858708 9 .0173105
858783 9 .0618896
858832 9 .0270553
858971 9 .0626104
859216 9 .0725072
859226 9 .0786696
859276 9 .169148
859321 9 .0330524
859366 9 .0232376
859371 9 .0308388
859414 9 .0580739
859615 9 .0476744
859838 9 .0560238
860248 9 .190479
860790 9 .0701186
861368 10 .0382427
861370 10 .0295113
861371 10 .0205693
861373 10 .0134515
861374 10 .0141578
861376 10 .0112658
861377 10 .010805
861379 10 .149204
861380 10 .0141605
861382 10 .0114442
861383 10 .0123214
861385 10 .0111595
861386 10 .0139243
861388 10 .017333
861389 10 .0157087
861391 10 .0138247
861392 10 .0137108
861394 10 .0158078
861395 10 .037843
861397 10 .0191262
861398 10 .0304759
861400 10 .0481735
861401 10 .0618958
861403 10 .235867
861635 9 .0571859
867391 9 .0256497
867410 9 .0246316
868265 9 .049624
869111 9 .0466444
869434 9 .088734
869441 9 .226702
869744 9 .0226337
869832 9 .0309434
870186 9 .0515652
870453 9 .0330814
850106 9 1.90667
850107 9 1.9185
853707 10 .0229978
853722 10 .0151918
853854 10 .0139204
854069 9 .0181952
854087 9 .0178444
854248 9 .0180539
854255 10 .0144344
854540 9 .0269344
854769 9 .0487414
854847 9 .0184684
854941 10 .0150522
855447 9 .0280954
856194 9 .012078
856599 10 .0114604
856612 10 .0118018
856616 10 .0141222
856641 10 .0191722
856688 10 .0139801
856700 10 .0212559
856705 10 .0154267
856766 10 .0123295
856769 10 .0113526
856773 10 .0107936
856775 10 .0158089
856785 10 .0118279
856787 10 .0118445
856792 10 .0151435
856794 10 .0137019
856798 10 .0127863
856800 10 .0140921
856831 10 .0248871
856837 10 .0153195
856841 10 .0131058
856879 10 .0162895
857022 9 .0152942
857056 10 .0119001
857195 9 .0208449
857444 9 .0166841
857694 10 .0170269
857697 9 .0353177
857758 9 .154274
857773 9 .0209518
857904 10 .0297963
857911 9 .0185569
858027 10 .015102
858048 10 .0189241
858554 9 .0181799
858555 9 .0206371
873581 10 .0119176
873593 10 .0134688
873602 10 .0141816
873622 10 .0221238
873671 10 .0110386
873673 10 .0136058
873702 10 .113585
873709 10 .013076
873717 10 .0165066
873719 10 .0137275
873854 10 .0123568
873857 9 .0184377
874466 10 .0292651
874469 9 .06663
874483 9 .229141
874534 9 .0311297
875247 9 .0289717
875252 9 .0228932
875536 9 .0351366
875537 9 .0275337
875612 9 .0187089
875814 9 .0343037
875853 9 .0685396
877961 9 .0113853
878013 9 .0168103
878015 9 .0141559
879309 9 .032713
879775 9 .0451043
881300 9 .0523564
881368 10 .0369846
881382 10 .0202085
881840 9 .0154652
882179 9 .0332733
882408 10 .014042
882439 9 .0369281
883446 9 .02219
883777 9 .0363406
883791 9 .265985
884407 9 .0336856
884938 9 .031405
891431 9 .0123893
891439 9 .0214701
891991 9 .0248742
893791 10 .0124293
893817 10 .0142739
893894 9 .0149143
893914 9 .0155192
893961 10 .0108971
893963 10 .0097263
893964 10 .0116684
893967 10 .0130571
893968 10 .0163739
893970 10 .0137571
893971 10 .0158178
893973 10 .0137213
893974 10 .0168545
893976 10 .124967
893977 10 .0130629
893979 10 .0155929
893980 10 .0127096
893982 10 .0133203
893984 10 .0142292
893986 10 .015233
893987 10 .0301845
893989 10 .155262
893990 10 .0133878
893992 10 .0148651
893993 10 .0152375
893995 10 .0199761
893996 10 .016989
893999 10 .0233134
894000 10 .01781
894002 10 .149383
894003 10 .0147237
894005 10 .0236766
894006 10 .0186503
894008 10 .0198218
894009 10 .0271098
894011 10 .0537081
894012 10 .0656406
894014 10 .0192711
894015 10 .0312183
894017 10 .0312995
894018 10 .0299683
894020 10 .0237263
894021 10 .0248116
894024 10 .0181349
894025 10 .039723
894027 10 .0211244
894028 10 .0220093
894030 10 .0373046
894031 10 .123256
894033 10 .247249
894034 10 .148911
894036 10 .111246
894037 10 .461181
894039 10 .0556771
894040 10 .0690346
894042 10 .0744724
894043 10 .169077
844498 9 .757408
844499 9 .954996
844501 9 .994591
844502 9 .240954
844504 9 .877171
844505 9 .767954
844507 9 .437575
844508 9 .288295
844510 9 1.15967
844511 9 4.19123
844513 9 2.66506
844514 9 1.48927
844516 9 13.651
844519 9 .0419737
844572 9 .107678
844599 9 .117587
844673 9 .0559793
844695 9 .0923565
844754 9 .108569
844798 9 .204945
844834 9 .120975
844861 9 .0420187
845303 10 .0173492
845317 10 .0186738
845388 10 .0125094
845389 10 .0125403
845408 10 .0240643
845411 10 .017219
845449 10 .0122818
845450 10 .0169764
845452 10 .0170678
845453 10 .0184284
845455 10 .0123082
845456 10 .215618
845458 10 .0201316
845459 10 .0135389
845461 10 .0128257
845462 10 .0140732
845464 10 .0125501
845465 10 .0122993
845467 10 .0157482
845468 10 .190546
845470 10 .0154787
845471 10 .0130125
845473 10 .0103769
845474 10 .0172592
845476 10 .0153914
845477 10 .0238523
845479 10 .0478476
845480 10 .0182756
894045 10 .427399
894046 10 .240328
894048 10 1.00919
894056 9 .0153603
894105 9 .0254311
894178 9 .0185276
894204 9 .0220713
894297 9 .0239529
894372 9 .0141896
894373 9 .0143862
894375 9 .0192762
894377 9 .0153399
894379 9 .0186795
894381 9 .0276318
894383 9 .0263791
894384 9 .0255556
894386 9 .032957
894388 9 .0306733
894391 9 .0270197
894392 9 .0240488
894395 9 .030433
894396 9 .0330344
894398 9 .0293377
894399 9 .211588
894403 9 .0267952
894405 9 .0291424
894408 9 .0509048
894409 9 .109356
894411 9 .0682938
894412 9 .0563292
894414 9 .0558234
894415 9 .408804
894417 9 .12399
894418 9 .21233
894421 9 .111144
894422 9 .0873218
894424 9 .0574178
894425 9 .119591
894427 9 .104356
894428 9 .0992575
894430 9 .102257
894431 9 .0698428
894434 9 .341886
894435 9 .128626
894437 9 .0841421
894438 9 .0528592
894440 9 .0624835
894441 9 .067242
894443 9 .316573
894444 9 .058592
120354 10 .203438
120355 10 .272381
120357 10 .419105
120358 10 .514464
120360 10 .746429
120361 10 .776664
120363 10 .479465
120364 10 3.94269
120374 10 .879146
120545 10 .0462664
120625 10 .0565493
120646 10 .0254749
120664 10 .0271071
120681 10 .0295818
120703 10 .0293264
120704 10 .0525098
120707 10 .0423132
120708 10 .944764
120710 10 1.59609
120711 10 .092567
120713 10 .0572253
120714 10 .161472
120716 10 .186946
120717 10 .185189
120719 10 2.68438
120720 10 3.18979
120731 10 .0362792
120791 10 .1313
120851 10 .144829
120871 10 .0526557
120874 10 .103902
120875 10 .150793
120877 10 .172647
120878 10 .680644
120880 10 1.62124
120881 10 .190215
120883 10 1.37583
120884 10 .279722
120886 10 1.70927
120887 10 1.41606
120889 10 3.84533
120890 10 27.7832
120930 10 .0740394
121049 10 .0733994
121804 10 .0484271
121822 10 .0924267
121900 10 .0893144
121925 10 .0400038
121934 10 .141271
121953 10 1.81768
849870 9 1.59211
849871 9 2.34012
849873 9 12.5202
849880 9 1.06058
850028 9 .173687
850029 9 .039295
850032 9 .0408952
850034 9 .0481201
850039 9 .0335239
850040 9 .0247767
850042 9 .0479465
850043 9 .0522351
850045 9 .297128
850047 9 .0240724
850049 9 .0296331
850050 9 .0299018
850052 9 .0268176
850053 9 .0255827
850055 9 .0603617
850056 9 .0597514
850058 9 .0915677
850059 9 .083655
850062 9 .123677
850063 9 .105873
850066 9 .0866802
850067 9 .0596142
850069 9 .0962375
850070 9 .103377
850072 9 .129579
850073 9 .241849
850076 9 .0734458
850077 9 .0918221
850079 9 .0702085
850080 9 .105274
850082 9 .0799423
850083 9 .119285
850085 9 .321213
850086 9 .471534
850088 9 .644516
850089 9 .399352
850091 9 .613707
850092 9 .726681
850094 9 .179205
850095 9 .229761
850097 9 .520774
850098 9 .250035
850100 9 .242513
850101 9 .301683
850103 9 2.77349
850104 9 1.35621
901651 9 .0342085
901658 9 .0270219
901754 9 .0706792
901803 9 .0464514
901910 9 .0322713
902021 10 .0294218
902470 10 .18575
903031 9 .0624452
904275 9 .0179725
904306 9 .0354425
904342 10 .0125067
904343 10 .0114111
904357 10 .0130959
904378 10 .0152161
904386 10 .138841
904423 10 .0277875
904500 9 .0898486
904521 10 .0164263
904588 9 .0892566
904653 9 .0197145
904687 9 .150198
904739 9 .0573851
904792 9 .0305338
904808 9 .0664263
904825 10 .0342836
904826 10 .0449026
904829 10 .0210132
904830 10 .0338899
904832 10 .0418343
904833 10 .142209
904835 10 .0395219
904836 10 .198238
904838 10 .0628831
904839 10 .0797993
904843 10 .0697277
904844 10 .061257
904846 10 .381876
904847 10 .0899915
904849 10 .128816
904850 10 .0980168
904852 10 .15582
904853 10 .132178
904855 10 .0678766
904856 10 .0783039
904858 10 .0690161
904859 10 .0937386
904861 10 .21675
904862 10 .85682
904864 10 .196469
904865 10 .333429
894446 9 .0451179
894447 9 .0948548
894449 9 .45591
894450 9 .683844
894452 9 1.1218
894453 9 .364792
894455 9 .304003
894456 9 .277858
894458 9 .943436
894459 9 .319275
894461 9 .181161
894462 9 .52401
894464 9 .637838
894465 9 .258669
894467 9 .18583
894468 9 .296617
894470 9 .172964
894471 9 1.30534
894473 9 2.27236
894474 9 1.90934
894476 9 2.82834
894477 9 .768127
894480 9 .0178586
894498 9 .0450775
894565 9 .0261379
894703 9 .0327623
894796 9 .0490219
894798 9 .0467768
897036 9 .0561677
899361 10 .0143771
899386 10 .0211346
899392 10 .0160334
899434 10 .0280394
899498 10 .0135303
899506 10 .0147355
899515 10 .0156463
899523 10 .0253423
899525 10 .0157751
899531 10 .0143972
899532 10 .0130116
899565 10 .015549
899571 10 .0198951
899581 10 .0141224
899624 10 .02549
900259 10 .0155016
900275 10 .0439885
901127 10 .0156817
901134 10 .0623314
901144 9 .0368097
901220 9 .0429347
907373 9 .0327791
907374 9 .0351257
907376 9 .0539588
907377 9 .0407785
907379 9 .0347681
907380 9 .0374893
907382 9 .170994
907383 9 .0292569
907385 9 .0451686
907386 9 .0270193
907388 9 .0246497
907389 9 .0251268
907391 9 .0252328
907392 9 .0447841
907394 9 .0338751
907395 9 .0276362
907397 9 .045407
907398 9 .0679702
907400 9 .126759
907401 9 .622163
907403 9 1.35346
907404 9 .111586
907406 9 .11358
907407 9 .0937061
907409 9 .0811154
907410 9 .51908
907413 9 .0934514
907414 9 .075912
907416 9 .0732413
907417 9 .0978632
907419 10 .0646448
907420 9 .0771562
907422 9 .117018
907423 9 .118835
907425 9 .082356
907426 9 .067094
907428 9 .122231
907429 9 .130813
907431 9 .100049
907432 9 .12717
907434 9 .0623389
907435 9 .0655037
907437 9 .140041
907438 9 .186677
907440 9 .210605
907441 9 .896752
907443 9 .354626
907444 9 .683417
907446 9 .366117
907447 9 .650943
904867 10 1.28478
904868 10 .387482
904870 10 .25118
904871 10 .301783
904873 10 .173648
904874 10 .13399
904876 10 .621675
904877 10 1.82119
904879 10 1.31902
904880 10 1.03671
904882 10 1.33383
904883 10 6.57796
904912 9 .0531738
904936 9 .187955
905008 9 .0339876
905033 9 .0769402
905078 9 .0189929
905079 9 .0185039
905081 9 .0311152
905082 9 .0438405
905085 9 .0341607
905086 9 .0341379
905088 9 .035862
905089 9 .0351971
905091 9 .0466991
905092 9 .032436
905095 9 .0377849
905097 9 .0469559
905100 9 .312063
905101 9 .0320376
905103 9 .0369197
905104 9 .0253717
905106 10 .0341378
905107 9 .0482126
905110 9 .132078
905111 9 .0706414
905113 9 .101477
905114 9 .0772944
905116 9 .109303
905118 9 .450607
905120 9 .0702823
905121 9 .0595697
905123 9 .098613
905124 9 .0776999
905126 9 .142141
905127 9 .0636312
905129 9 .10532
905130 9 .134511
905132 10 .0806985
905133 9 .410966
908002 9 4.12371
908003 9 1.47815
908133 10 .0208363
908266 9 .0318399
908415 10 .141955
908418 10 .0196427
908513 9 .0362976
909046 10 .0506198
910760 10 .0118992
910767 10 .0154315
910793 10 .0146432
910795 10 .0120493
910987 9 .0161476
911106 9 .0215516
911178 10 .0203944
911183 10 .0277002
911554 10 .051553
911660 10 .22295
911687 10 .0256646
911723 10 .0206507
911735 10 .0196268
911737 10 .0270876
911789 10 .0589351
911921 10 .0377846
912148 10 .0146411
912181 10 .0420909
912397 9 .0539977
912549 10 .024102
912574 10 .0282458
912598 10 .0734626
912648 10 .0267085
912649 10 .0193799
912651 10 .0232962
912654 10 .0360642
912656 10 .022032
912657 10 .0306516
912661 10 .0202112
912662 10 .0235321
912664 10 .0271531
912665 10 .0172661
912667 10 .25636
912668 10 .0986955
912670 10 .106867
912671 10 .164291
912675 10 .0885832
912676 10 .139295
912678 10 .0332096
912679 10 .0637497
912681 10 .0903227
912682 10 .0703618
905135 9 .109041
905136 9 .18992
905138 9 .239663
905139 9 .211421
905141 9 .326927
905142 9 .208307
905144 9 .0593348
905145 9 .0944229
905147 9 .0680782
905148 9 .0803671
905150 9 .104234
905151 9 .417916
905153 9 .146365
905154 9 .207405
905156 9 .564898
905157 9 .273443
905159 9 .304114
905160 9 .247426
905162 9 .245193
905163 9 .235468
905165 9 .359717
905166 9 .536244
905168 9 .217047
905169 9 .582229
905171 9 .31644
905172 9 .493197
905174 9 3.0148
905175 9 2.63288
905177 9 2.12904
905178 9 2.30313
905180 9 14.8522
905190 9 .0733654
905302 9 .25478
905349 9 .365438
905523 9 .274053
905567 9 .725349
905569 9 .595684
905570 9 .24441
905572 9 .241406
905573 9 1.02788
905575 9 .54971
905578 9 .336236
905580 9 .918373
905581 9 .395699
905584 9 .615129
905585 9 1.15744
905587 10 .326592
905588 9 .573348
905590 9 .440989
905591 9 .873625
917844 10 .0171239
917845 10 .0286151
917848 10 .0432342
917849 10 .328945
917851 10 .175024
917852 10 .172652
917854 10 .195219
917855 10 .0503938
917857 10 .051294
917858 10 .087877
917860 10 .0627464
917861 10 .736407
917863 10 .274742
917864 10 .0692642
917866 10 .0329655
917867 10 .133875
917869 10 .112991
917870 10 .150252
917872 10 .844966
917873 9 .0393676
917921 10 .019463
917923 9 .0321567
917941 10 .0479586
917977 10 .0219562
917997 10 .0397595
918016 9 .133071
918054 10 .0211749
918055 10 .233767
918059 10 .0788588
918060 10 .0465133
918062 10 .0599456
918064 10 .204662
918066 10 .104852
918067 10 .0687886
918070 10 .324523
918071 10 .0747785
918073 10 .047182
918074 10 .0418975
918076 10 .188363
918077 10 .721603
918079 10 .259763
918080 10 .872623
918082 10 .269519
918083 10 .824932
918085 10 .193247
918086 10 .267239
918088 10 1.17247
918089 10 .708265
918091 10 .823351
918092 10 1.19378
912684 10 .036125
912685 10 .0573168
912687 10 .0694438
912688 10 .117911
912690 10 .227097
912691 10 .357208
912693 10 1.74953
912694 10 .970387
912696 10 .138634
912697 10 1.39808
912699 10 .178848
912700 10 .823945
912702 10 .316
912703 10 .14286
912705 10 .143289
912706 10 1.97197
912708 10 2.00814
912709 10 1.18202
912711 10 6.845
912838 9 .0379583
912932 10 .0381028
912933 10 .0278238
913470 10 .0486519
913498 10 .164965
917665 9 .0464988
917690 10 .0113992
917694 10 .0117297
917695 10 .0124538
917711 10 .0164243
917714 10 .0225654
917734 10 .026343
917779 10 .0282563
917815 10 .0143409
917816 10 .0181219
917818 10 .0125707
917819 10 .0165528
917822 10 .0145563
917823 10 .0108076
917825 10 .012711
917826 10 .017624
917828 10 .0128442
917829 10 .012757
917832 10 .0137725
917833 10 .014643
917835 10 .171901
917836 10 .0129442
917838 10 .0245709
917839 10 .0178719
917841 10 .0307814
917842 10 .0220553
907449 9 .927617
907450 9 .327404
907452 9 1.87423
907453 9 .958394
907455 9 .170906
907456 9 .186875
907458 9 .62493
907459 9 .268925
907461 9 1.81707
907462 9 1.49332
907464 9 1.46871
907465 9 2.13381
907467 9 9.99014
907512 9 .719162
907942 9 .783726
907943 9 .0369156
907947 10 .951284
907948 9 .036613
907950 9 .0405769
907951 9 .0638784
907955 9 .197864
907956 9 .0256839
907958 9 .0674246
907959 9 .138497
907961 9 .191416
907964 9 .0925507
907966 9 .104198
907967 9 .133634
907969 9 .32914
907970 9 .108549
907972 10 .0489076
907973 9 .0596715
907975 9 .0670289
907976 9 .0702215
907978 9 .146521
907979 9 .0614027
907981 9 .0493391
907982 9 1.44743
907984 9 .226869
907985 9 1.77597
907987 9 .186231
907988 9 1.82552
907990 9 .232427
907991 9 1.87466
907993 9 .359812
907994 9 1.38983
907996 9 .193338
907997 9 .300467
907999 9 1.97966
908000 9 2.11052
919775 9 .0290755
919776 9 .0336042
919778 9 .155071
919779 9 .242261
919781 9 .0976793
919782 9 .326918
919784 9 .39525
919785 9 .117991
919787 9 .0865211
919788 9 .0505817
919790 9 .522053
919791 9 .342606
919793 9 .18492
919794 9 .669412
920191 10 .0347038
920274 9 .0451917
921323 9 .0756733
921685 9 .106387
922831 9 .281246
931736 9 .0752836
932344 9 .0952123
933609 9 .0947173
940856 9 .0664565
940858 9 .0900763
941162 9 .0869395
949784 9 .114426
950360 9 .112746
950363 9 .0862968
950782 9 .103459
950783 9 .0835801
950787 9 .0836211
950789 9 .105743
950792 9 .0842492
950793 10 .0406922
950798 9 .0779113
950799 9 .106452
950802 9 .0886142
950804 9 .0775449
950806 9 .0796941
950807 9 .0708378
950809 9 .0750901
950810 9 .0506363
950812 9 .0841995
950813 9 .0623668
950815 9 .308628
950816 9 .541002
950818 9 .265848
950819 9 .721005
950823 9 .320234
950824 9 .21269
918094 9 .0212179
918096 9 .0167062
918101 9 .0423585
918103 9 .206847
918106 9 .202042
918109 9 .988582
918111 9 .425462
918112 9 .104994
918115 9 .0619331
918116 9 .0654557
918120 9 .649196
918121 9 .677777
918123 9 .339961
918124 9 .427379
918126 9 .053514
918127 9 .169189
918129 9 .235747
918130 9 .375641
918132 9 .175377
918133 9 .614832
918135 9 .262321
918136 9 .293862
918138 9 .176658
918139 9 1.0579
918141 9 1.22584
918142 9 2.3913
918144 9 11.2629
918148 10 .0169161
918229 9 .075763
918249 9 .12754
918292 10 .75881
918293 9 .0232969
918370 10 .0261555
918371 9 .0431573
918418 9 .0430245
918438 9 .11054
918490 9 .0324606
918507 9 .0683444
918536 9 .0236529
918547 9 .0862214
918631 9 .503945
918652 9 .0702287
918654 9 .296343
918655 9 .298917
918657 9 .768168
918658 9 .492982
918661 9 1.13949
918662 9 .258196
918664 9 .240749
918665 10 .161616
965208 9 .139017
965209 9 .10725
965213 9 .081398
965214 9 .0734196
965216 9 .0782416
965217 9 .0844885
965219 9 .221993
965221 9 .056949
965223 9 .622668
965224 9 .265997
965226 9 .191018
965227 9 .528349
965229 9 .229551
965230 9 .474496
965232 9 .373616
965233 9 .230727
965236 9 .179602
965237 9 .265616
965239 9 .391283
965240 9 1.17021
965244 9 .149645
965245 9 .210253
965247 9 .319799
965248 9 .307574
965250 9 .187492
965251 9 .195857
965253 9 .283108
965254 9 .224769
965256 9 .278331
965257 9 .420379
965259 9 .17456
965260 9 .161742
965262 9 .571735
965263 9 .186237
965265 9 1.2593
965266 9 3.15944
965268 9 1.14074
965269 9 1.89339
965271 9 1.31313
965272 9 2.10815
965274 9 2.28564
965275 9 1.50566
965277 9 1.45273
965278 9 2.42314
965280 9 1.23298
965281 9 1.27565
965283 9 1.2629
965284 9 1.89032
965286 9 12.0526
965287 9 7.35403
918667 9 1.86865
918668 9 7.0956
918670 9 1.54875
918671 9 2.58793
918673 9 1.53012
918674 9 1.97706
918676 9 2.63002
918677 9 1.78063
918679 9 1.82306
918680 9 1.2562
918682 9 2.85142
918683 9 1.44745
918685 9 10.2522
918686 9 7.40231
918688 9 6.47367
918689 9 14.7148
918746 9 .260266
918797 9 .483321
918884 9 .827066
918907 9 .484705
918990 9 .18932
919004 9 .766495
919117 9 .363579
919132 9 .766657
919175 9 .247669
919199 9 .0778714
919254 9 .477769
919277 9 .0950199
919707 10 .0219823
919737 10 .0181369
919741 9 .0123201
919742 9 .016832
919745 9 .0160004
919746 10 .0163497
919748 9 .0215887
919749 9 .0312476
919751 10 .0199828
919752 9 .0293519
919756 9 .336209
919757 9 .0233917
919759 9 .0303131
919760 9 .0745612
919762 9 .0373082
919763 9 .0690149
919765 9 .0424063
919766 9 .0473804
919768 9 .0725989
919769 9 .107704
919772 9 .0462096
919773 9 .0256598
950826 9 .401842
950827 9 .8268
950830 9 1.11424
950831 9 .188341
950833 9 .616332
950834 9 .43618
950837 9 .951511
950838 9 .526689
950840 9 .222937
950841 9 .202951
950843 9 .275759
950844 9 .275939
950846 9 .248468
950847 9 .2842
950849 9 .23111
950850 9 .248935
950852 9 .153638
950853 9 .249681
950855 9 1.03259
950856 9 3.16157
950858 9 1.43833
950859 9 1.33713
950861 9 1.77825
950862 9 3.95659
950864 9 1.84873
950865 9 2.20257
950867 9 1.4716
950868 9 1.66278
950870 9 1.31065
950871 9 1.11938
950873 9 1.04151
950874 9 .609255
950876 9 .670829
950877 9 10.2649
950879 9 9.10165
950880 9 5.61485
950882 9 4.25926
950883 9 8.27782
961298 9 .0602592
961654 9 .1657
964920 9 .231153
965013 9 .716318
965138 9 .0864202
965194 9 .134505
965198 9 .0952121
965199 9 .069474
965202 9 .0618299
965203 9 .110062
965205 9 .223424
965206 9 .0925435
989766 10 .0174711
989771 10 .0213731
989859 10 .0314599
989877 10 .0209454
989890 10 .0159238
989894 10 .0268642
990002 10 .131162
990004 10 .0162685
990007 10 .0159439
990018 10 .0138733
990023 10 .0149392
990028 10 .0171794
990033 10 .0149523
990038 10 .0162458
990041 10 .245312
990043 10 .0450196
990089 10 .0351989
990096 10 .0299286
990101 10 .0209844
990152 10 .0249079
990443 9 .0394515
990447 9 .0581882
990631 9 .209451
990725 9 .0296901
990829 10 .0305755
991237 9 .0527767
991467 10 .0210346
991485 9 .0496991
991715 10 .022442
991727 9 .0438539
991798 9 .0458447
991859 9 .0177854
992216 9 .0308489
992217 9 .0377792
992394 9 .0620014
992687 9 .0281172
992886 10 .0202681
993215 9 .0686922
995639 9 .0131954
995695 9 .0200667
995853 10 .012224
995908 10 .018443
996038 10 .0190226
996247 9 .0263762
996455 10 .0164775
996458 9 .176796
996522 9 .0322132
996643 9 .01591
996665 9 .0226316
996686 10 .0194186
996696 10 .0321668
996737 10 .0774667
997059 10 .0749141
997150 10 .0865277
997153 10 .0657465
997154 10 .0459985
997157 10 .265046
997158 10 .0549498
997160 10 .0479468
997161 10 .0443016
997164 10 .0367643
997165 10 .0325988
997168 10 .0671566
997169 10 .0617683
997171 10 .0313287
997172 10 .0364604
997174 10 .028822
997175 10 .032976
997177 10 .0513705
997178 10 .0305358
997180 10 .0278664
997181 10 .0454346
997183 10 .178726
997184 10 .117796
997186 10 .110556
997188 10 .210996
997190 10 .133103
997191 10 .0555116
997193 10 .0711107
997194 10 .0612215
997196 10 .0765981
997197 10 .0890166
997199 10 .0764733
997200 10 .0712528
997202 10 .0610118
997203 10 .0573309
997205 10 .0730496
997206 10 .0929758
997208 10 .0761086
997209 10 .0526502
997211 10 .0444204
997212 10 .404836
997214 10 .199131
997215 10 .31041
997217 10 .24903
997218 10 .768891
997220 10 1.21059
997221 10 .168175
997223 10 .184332
997224 10 .241577
582796 10 1.38626
582797 10 1.38005
582799 10 5.2311
582800 10 1.78382
582802 10 1.61982
582803 10 3.22821
582805 10 9.78739
582806 10 10.0206
582808 10 20.5506
582809 10 119.384
584258 10 .486936
584278 10 .838107
603324 10 .209763
746713 10 .406454
772575 10 .617611
905593 9 3.06479
905594 9 2.33902
905596 9 4.10263
905597 9 3.08215
905599 9 1.8429
905600 9 1.53351
905602 9 1.66239
905603 9 1.01239
905605 9 2.54076
905606 9 1.05364
905608 9 1.17448
905609 9 1.75368
905611 9 2.35877
905612 9 .952576
905614 9 13.8857
905615 9 9.1779
905617 9 8.86828
905618 9 6.58481
905620 9 66.0783
905706 9 .688493
905783 9 .473576
965289 9 5.71088
965290 9 7.21154
965292 9 7.50676
965293 9 67.4093
965395 9 .445015
965398 9 .208442
965401 9 .220898
965402 9 .141745
965404 9 .168311
965405 9 .183254
965407 9 .347845
965473 9 2.30848
965474 9 1.77835
965476 9 2.68442
965477 9 3.37889
965479 9 2.73307
965480 9 1.60781
965482 9 1.377
965483 9 1.83852
965485 9 2.98635
965486 9 1.85543
965488 9 11.62
965489 9 11.1645
965491 9 15.935
965492 9 10.64
997226 10 .312816
997227 10 .345314
997229 10 1.71503
997230 10 4.0646
997232 10 .837979
997233 10 1.43455
997646 9 .0911503
997647 9 .287343
997649 9 .203438
997650 9 .201389
997652 9 .121802
997653 9 .126689
997655 9 .0739682
997656 9 .0802971
997658 9 .356137
997659 9 .837973
997661 9 .389325
997662 9 .48403
997664 9 .410638
997665 9 .433607
997667 9 .959372
997668 9 1.51026
997670 9 .230219
997671 9 .550138
997673 9 .356985
997674 9 .324968
997676 9 .525345
997677 9 .384773
997679 9 .48324
1002827 9 .052503
1002828 9 .103941
1002901 9 .104248
1002903 9 .178139
1003024 10 .613707
1003069 10 .268701
1003282 10 .349861
1003307 9 .0653734
1003368 9 .045615
1003645 9 .101597
1004274 10 .0847377
122088 10 .480354
122089 10 .973194
122091 10 1.34586
122092 10 .911288
122094 10 2.49486
122095 10 1.16047
122097 10 2.1071
122098 10 3.19251
122100 10 13.6829
122101 10 22.7071
122103 10 138.1
127471 10 .366265
132554 10 .188362
173034 10 .0411774
173044 10 .0850251
173058 10 .103043
175436 10 .0635899
180706 10 .0308862
180708 10 .0106605
180716 10 .0109967
180720 10 .00938998
180735 10 .0143789
180773 10 .00806427
180777 10 .0137794
180796 10 .113571
180801 10 .0129491
180807 10 .0110446
180836 10 .014614
182084 10 .0359431
183462 10 .018915
183485 10 .0269633
183503 10 .0564527
183805 10 .203399
183806 10 .0192786
183850 10 .0138197
183864 10 .0161337
183886 10 .0490793
184243 10 .131439
185426 10 .0239729
185442 10 .0315184
185560 10 .0120409
185687 10 .0171452
185690 10 .0143475
906446 9 .28364
906511 9 .304982
906559 9 .578624
907341 9 .0121681
907342 9 .0102902
907345 9 .0113898
907346 9 .0116107
907348 9 .022386
907349 9 .0201165
907351 9 .0182745
907352 9 .0215466
907354 10 .0175049
907355 9 .0242615
907358 9 .0331025
907359 9 .0231658
907361 9 .0192757
907362 9 .0183262
907365 9 .0215839
907366 9 .0191053
907369 9 .0189568
907370 9 .0251286
965408 10 .080478
965410 9 .0942734
965412 9 .0769431
965416 9 .274077
837235 9 .0127926
837271 10 .00909724
837283 9 .0128428
837394 10 .00891475
837399 10 .00902673
837482 10 .00807329
837488 10 .11344
837557 10 .00733767
837558 10 .00856793
837694 9 .0120632
837743 9 .0123256
837847 9 .011706
837987 9 .0180462
838225 10 .00786079
838234 10 .132873
838236 10 .00729003
838237 10 .0055815
905804 9 .433508
905918 9 .355588
906088 9 .514327
906174 9 .313277
906219 9 .15765
906302 9 .0685881
906325 9 .47911
906421 9 .0984619
997577 9 .015959
997578 9 .0289136
997581 9 .0408823
997582 9 .0628033
997585 9 .0463124
997586 9 .0585399
997588 9 .207893
997589 9 .0509133
997594 9 .0335018
997596 9 .024424
997598 9 .0236582
997600 9 .0213293
997602 9 .0182302
997603 9 .0245898
997605 9 .0263053
997606 9 .0170146
997608 9 .0197704
997609 9 .0351968
997611 9 .0329041
997612 9 .0303927
997614 9 .0270616
997615 9 .0602456
997617 9 .0602491
997618 9 .0610779
997620 9 .110192
1001022 10 .0110003
1001048 10 .00863913
1001054 10 .0100936
1001096 10 .0159196
1001159 10 .0116012
1001175 10 .0131634
1001179 10 .119375
1001242 10 .00882665
1001675 9 .0254858
1002074 10 .0193414
1002079 10 .0121993
1002127 10 .0770169
1002519 9 .0412547
1002631 10 .0205788
1002633 10 .159811
1002779 9 .0283609
1002814 10 .0145189
1004317 10 .149788
1006371 10 .0134517
1006394 10 .0134766
1006766 10 .0227969
1010625 9 .0152106
1010748 9 .015048
1010831 9 .0174147
1010936 9 .00945158
185691 10 .0166342
185694 10 .0098488
185695 10 .0137006
185697 10 .0310941
185698 10 .0722426
185700 10 .03151
185701 10 .167829
805140 10 7.98966
836636 10 .00978977
836659 9 .0171755
836701 9 .0122732
836860 9 .0164145
836892 10 .0084006
836930 10 .00889936
836953 10 .00495758
836954 10 .00971637
836959 10 .00631602
836962 10 .0114036
836989 10 .00769163
836990 10 .00806777
836993 10 .00780606
836996 10 .0093967
837001 10 .00937413
837010 10 .00888207
837135 9 .0116203
981644 10 .0100787
981659 10 .0135549
981687 10 .00798244
981699 10 .00785391
981715 10 .0112486
981798 9 .0198365
981880 10 .112871
981896 9 .0176319
981923 10 .00720593
982002 9 .0117764
982082 10 .00881893
982283 9 .0240635
982876 9 .0412434
983545 9 .0245502
983658 9 .190357
984191 9 .0321085
984380 9 .0218888
984574 9 .0171931
984576 9 .0306461
985933 9 .0401599
985934 10 .0263749
997235 10 8.31675
997287 9 .0325469
997574 9 .0155902
997575 9 .0181527
1010962 9 .00973314
1011341 9 .0168763
1011343 9 .0165877
1011421 10 .0291738
1011422 10 .0213546
1011425 10 .0157844
1011426 10 .142598
1011429 10 .00943542
1011430 10 .0145079
1011432 10 .0171973
1011433 10 .0120511
1011435 10 .0109286
1011436 10 .00837956
1011438 10 .0132913
1011439 10 .158433
1011443 10 .0116265
1011445 10 .0168592
1011447 10 .011149
1011448 10 .0107033
1011450 10 .0100464
1011451 10 .00831113
1011453 10 .029736
1011454 10 .0213166
1011456 10 .0110796
1011457 10 .0183845
965417 9 .0614518
965419 9 .146658
965420 9 .0766057
965422 9 .0686661
965423 9 .0645419
965425 9 .497169
965426 9 .217376
965428 9 .513826
965429 9 .266417
965431 9 .609365
965432 9 .390014
965434 9 .503931
965436 9 .851704
965438 9 .780825
965439 9 .681788
965441 9 .864492
965444 9 .194154
965446 9 .18098
965447 9 .523573
965449 9 .318768
965450 9 .277461
965452 9 .154703
965453 9 .211956
965455 9 .208298
965456 9 .544263
1011497 10 .217769
1011499 10 1.15004
1011508 10 .0101219
1011517 10 .00944392
1011537 10 .0191661
1011585 10 .00951653
1011587 10 .013432
1011593 10 .0116039
1011595 10 .00742981
1011598 10 .218699
1011619 10 .0103052
1011632 10 .0105264
1011634 10 .0108789
1011674 10 .0174123
1011743 10 .00846599
1011791 10 .0119282
1012259 10 .0159796
1012333 9 .143564
1012387 9 .0213478
1012508 9 .0240883
1012566 9 .0320573
1012568 9 .0183152
1012570 9 .0136427
1012572 9 .0121734
1012574 9 .0121029
1011459 10 .0195844
1011460 10 .0252036
1011462 10 .0296567
1011463 10 .0298098
1011466 10 .0208857
1011467 10 .0303134
1011469 10 .136569
1011470 10 .0147953
1011472 10 .0115929
1011473 10 .0174697
1011475 10 .0118338
1011476 10 .0157359
1011478 10 .034288
1011479 10 .0926075
1011481 10 .0726254
1011482 10 .0810872
1011484 10 .0567731
1011485 10 .0575376
1011487 10 .0961366
1011488 10 .0410885
1011490 10 .0471981
1011491 10 .0333818
1011493 10 .25355
1011494 10 .150153
1011496 10 .099968
1012578 9 .0310923
1012580 9 .0327702
1012582 9 .0339351
1012584 9 .0540201
1012586 9 .053787
1012587 9 .0443638
1012589 9 .15581
1012591 9 .0265954
1012593 9 .0235073
1012594 9 .0182586
1012597 9 .0335913
1012599 9 .0223096
1012602 9 .0276575
1012603 9 .0430562
1012605 9 .0251439
1012606 9 .0802418
1012608 9 .0617303
1012609 9 .107957
1012611 9 .0765301
1012612 9 .365311
1012614 9 .0450716
1012615 9 .0767981
1012618 9 .104876
1012619 9 .0586208
1012621 9 .0523145
997621 9 .143022
997623 9 .124386
997625 9 .202759
997627 9 .136096
997629 9 .388965
997631 9 .062617
997632 9 .0930591
997634 9 .0467808
997635 9 .0799043
997637 9 .0976069
997638 9 .0654655
997640 9 .0881803
997641 9 .0946689
997643 9 .290115
997644 9 .052023
997680 9 1.30871
997682 9 .959226
997683 9 1.18549
997685 9 1.81463
997686 9 1.78548
997696 10 .0128505
997751 10 .0201961
998626 10 .0578183
998668 10 .395394
1001020 10 .00769471
1012622 9 .0559435
1012625 9 .164512
1012626 9 .0654611
1012628 9 .0588106
1012629 9 .103585
1012631 9 .0886338
1012632 9 .0735938
1012634 9 .0412044
1012635 9 .0403194
1012637 9 .0477299
1012638 9 .0584972
1012640 9 .0354331
1012641 9 .209239
1012643 9 .0420486
1012644 9 .0401769
1012646 9 .0323549
1012647 9 .259085
1012649 9 .285241
1012650 9 .239029
1012652 9 .266382
1012653 9 .508006
1012655 9 .197097
1012656 9 .425541
1012658 9 .108313
1012659 9 .170677
1012818 10 .019084
1012824 9 .0252365
1012825 9 .0375826
1012828 9 .0364236
1012829 9 .0210736
1012831 9 .0420623
1012832 9 .156433
1012834 9 .0170245
1012835 9 .0242173
1012837 9 .0983918
1012838 9 .209544
1012840 9 .153647
1012841 9 .295949
1012843 9 .0634407
1012844 9 .0376796
1012846 9 .0603265
1012848 9 .139665
1012851 9 .0623164
1012852 9 .0707154
1012855 9 .16389
1012856 9 .0564844
1012858 9 .29547
1012859 9 .0675588
1012861 9 .0717324
1012862 9 .0899586
1015292 9 .0227418
1015395 9 .0178276
1015403 9 .0256547
1015540 9 .196343
1015678 9 .0665841
1015681 10 .0288734
1015694 9 .215576
1015825 9 .0399052
1015865 9 .0222426
1015866 9 .017873
1015922 10 .0178388
1015938 9 .0411762
1019430 10 .0110192
1019440 10 .00879845
1019456 10 .0188885
1019484 10 .0111352
1019516 10 .0129424
1019517 10 .0152025
1019519 10 .00919876
1019520 10 .00962898
1019522 10 .00762231
1019523 10 .0105552
1019525 10 .0128231
1019526 10 .0102845
1019528 10 .00727247
1019529 10 .0086661
1019531 10 .0089378
1019532 10 .0115858
1019534 10 .0148135
1019535 10 .0207919
1019537 10 .0233539
1019538 10 .130055
1019540 10 .0121799
1019541 10 .0174924
1019543 10 .013002
1019544 10 .0109748
1019546 10 .00824171
1019547 10 .00893925
1019549 10 .0110788
1019550 10 .183798
1019552 10 .0141305
1019553 10 .0116538
1019555 10 .0102524
1019556 10 .0188054
1019558 10 .0173686
1019559 10 .0210106
1019561 10 .0463895
1019562 10 .15805
1019564 10 .0185745
1019565 10 .013841
1019567 10 .0197504
1019568 10 .0156323
1019570 10 .0119407
1019571 10 .0186857
1019573 10 .0412623
1019574 10 .00969826
1019576 10 .13047
1019577 10 .0122208
1019579 10 .118554
1019580 10 .0660173
1019582 10 .109484
1019583 10 .0543186
1019585 10 .0367963
1019586 10 .0579254
1019588 10 .0391792
1019589 10 .0403222
1019591 10 .291522
1019592 10 .348526
1019594 10 .107985
1019595 10 .0971212
1019599 10 .0116485
1019603 10 .0180512
1019610 10 .0109651
1019612 10 .00782355
1019626 10 .0173628
1019629 10 .0166468
1019720 10 .00974063
1019724 10 .0135021
1019824 10 .0152743
1019825 10 .0165231
1019828 10 .0161468
1019829 10 .132905
1019832 10 .0152035
1019834 10 .0206982
1019836 10 .020141
1019837 10 .0207347
1019840 10 .0153059
1019841 10 .0363889
1019844 10 .0188036
1019845 10 .134534
1019847 10 .0114701
1019848 10 .0182871
1019850 10 .0186256
1019851 10 .012072
1019853 10 .017303
1019854 10 .0175787
1019856 10 .099387
1019857 10 .0457137
1019859 10 .133727
1019861 10 .0294675
1012864 9 .0390613
1012865 9 .0858727
1012867 9 .0974503
1012868 9 .106619
1012870 9 .0770074
1012871 9 .0942408
1012873 9 .24022
1012874 9 .0631713
1012876 9 .0761981
1012877 9 .235025
1012879 9 .388563
1012880 9 .632962
1012882 9 .869362
1012883 9 .433078
1012885 9 .249538
1012886 9 .546233
1012888 9 .126166
1012889 9 .195622
1012891 9 .393421
1012892 9 .156314
1012894 9 .469336
1012895 9 .205861
1012897 9 .56102
1012898 9 .206184
1012900 9 1.60106
1012661 9 .244098
1012662 9 .215661
1012664 9 .285101
1012665 9 .379969
1012667 9 .193984
1012668 9 .135594
1012670 9 1.05106
1012671 9 .844283
1012673 9 1.12801
1012674 9 .861608
1012676 9 7.33054
1012787 9 .0208534
1012790 9 .0174651
1012793 9 .0121371
1012796 9 .0150843
1012799 9 .0218611
1012802 9 .0237099
1012803 9 .0401525
1012806 9 .0310468
1012807 9 .0473739
1012810 9 .0274496
1012811 9 .0275795
1012814 9 .0314059
1012815 9 .0246788
1012817 9 .0229849
1020998 10 .0105213
1021009 10 .0199371
1021029 10 .0151691
1021057 10 .0126551
1021096 10 .0116467
1021107 10 .0163046
1021111 10 .121292
1021136 10 .0197517
1021178 10 .00672574
1021183 10 .00916368
1021203 10 .0118302
1021212 10 .00682884
1021214 10 .00721829
1021291 10 .0212826
1021308 9 .138905
1021443 9 .0600417
1021484 10 .0143968
1021529 10 .013829
1021543 9 .0345177
1021811 9 .041781
1021829 10 .0552658
1021902 9 .03765
1021908 10 .0153019
1021962 10 .0130181
1021963 10 .0085353
1012901 9 .839143
1012903 9 1.50846
1012904 9 1.38328
1012906 9 8.93449
1012908 9 .0153491
1013499 9 .0168779
1013574 9 .0235148
1013633 9 .0197527
1013713 9 .0241561
1013791 9 .0217375
1013794 9 .287659
1013926 9 .023194
1013931 9 .0268405
1014014 9 .0258193
1014018 9 .0251095
1014143 10 .0195108
1014153 9 .0348592
1014260 9 .0335391
1014476 9 .0359582
1014689 9 .0311102
1014744 9 .0193992
1014834 9 .0223235
1014938 9 .0191162
1015073 9 .0169899
1015075 9 .022694
1022068 9 .0242101
1022069 10 .0281714
1022167 10 .0402911
1022168 10 .0389059
1022171 10 .0345718
1022173 10 .0237189
1022175 10 .175096
1022178 10 .0662637
1022180 10 .0299744
1022182 10 .0198607
1022184 10 .021442
1022185 10 .0205043
1022187 10 .0217852
1022188 10 .0358152
1022191 10 .0129343
1022192 10 .0165103
1022194 10 .014841
1022195 10 .0210498
1022197 10 .0519552
1022198 10 .0700814
1022200 10 .262633
1022201 10 .0841855
1022204 10 .0926034
1022206 10 .0531056
1022208 10 .051853
1019863 10 .044031
1019864 10 .0202678
1019866 10 .0728012
1019867 10 .106989
1019869 10 .0586942
1019870 10 .0431438
1019872 10 .281598
1019873 10 .571078
1019875 10 .634913
1019876 10 .0963026
1019878 10 .0888571
1019879 10 .120792
1019881 10 .120656
1019882 10 1.85126
1019884 10 .831725
1019885 10 .977316
1020000 9 .0267632
1020208 10 .0206784
1020234 9 .339312
1020296 10 .0225153
1020838 9 .0136382
1020859 10 .0109283
1020937 10 .00584978
1020951 10 .0115234
1020995 10 .00957041
1029717 9 .0314356
1029718 9 .0494059
1029720 10 .109735
1029722 10 .114638
1029724 9 .07487
1029725 10 .0759498
1029727 9 .244712
1029728 9 .0415299
1029731 10 .0458466
1029732 10 .0508767
1029734 9 .0385521
1029735 9 .0321807
1029737 9 .0572695
1029738 10 .0325968
1029740 10 .0325096
1029741 10 .0401434
1029743 10 .203248
1029744 10 .525709
1029746 9 .117664
1029747 9 .159931
1029749 10 .548424
1029751 10 .479857
1029753 10 .31239
1029754 9 .144373
1029756 9 .123108
1022247 10 1.05319
1022248 10 1.45262
1022256 9 .0312932
1022290 9 .0494848
1022403 9 .0163279
1022443 9 .0396425
1022530 9 .0874835
1022560 10 .0233328
1022654 9 .0690778
1022690 10 .0269564
1023104 9 .0596687
1023106 9 .0706196
1023110 9 .255687
1023112 9 .308712
1023114 9 .188835
1023115 9 .341033
1023117 9 .25302
1023119 9 .231223
1023122 9 .177119
1023123 9 .184645
1023126 9 .375542
1023127 9 .81021
1023129 9 .665795
1023130 9 .327351
1023132 10 .485214
1022209 10 .0626597
1022211 10 .0896601
1022212 10 .0811633
1022214 10 .150567
1022215 10 .0641323
1022217 10 .1177
1022218 10 .0478321
1022220 10 .0461787
1022221 10 .0490415
1022223 10 .0471525
1022224 10 .088292
1022226 10 .2156
1022227 10 .319245
1022229 10 .185442
1022230 10 .287928
1022232 10 .20384
1022233 10 .245343
1022235 10 .167112
1022236 10 .135555
1022238 10 .435723
1022239 10 .175883
1022241 10 .190604
1022242 10 .181811
1022244 10 3.79921
1022245 10 2.409
1036651 9 .0525737
1036652 9 .111747
1036655 9 .0823555
1036656 9 .0890718
1036658 9 .0628638
1036659 9 .0624591
1036661 9 .220143
1036662 9 .0333517
1036664 9 .0367776
1036666 9 .023658
1036668 9 .272603
1036669 9 .296256
1036671 9 .560479
1036672 9 .287009
1036674 9 .178543
1036675 9 .257786
1036677 9 .532117
1036678 9 .442655
1036681 9 .501603
1036682 9 .187612
1036684 9 .502128
1036687 9 .370075
1036689 9 .499183
1036690 9 .21101
1036692 9 .225558
1044260 9 .124651
1044262 9 .187129
1044265 9 .128503
1044266 9 .11522
1044268 9 .153335
1044269 9 .0925568
1044272 9 .0883478
1044273 9 .063863
1044275 9 .646471
1044276 9 .247061
1044278 9 1.01833
1044279 9 1.0487
1044282 9 .722361
1044283 9 .399043
1044286 9 .637253
1044287 9 .321858
1044289 9 .314406
1044290 9 .265288
1044292 9 .300412
1044293 9 .342417
1044295 9 .411077
1044296 9 .555398
1044298 9 .239155
1044299 9 .392798
1044301 9 3.49506
1036693 9 .340061
1036695 9 .160294
1036696 9 .289922
1036698 9 .35731
1036699 9 .186381
1036701 9 .188751
1036702 9 .114843
1036704 9 .123858
1036705 9 .227318
1036707 9 .178676
1036708 9 .154523
1036710 9 .995253
1036711 9 2.6471
1036713 9 2.59231
1036714 9 2.35645
1036716 9 1.10208
1036717 9 2.07665
1036719 9 2.11536
1036720 9 1.03693
1036722 9 1.06525
1036723 9 .968963
1036725 9 .892349
1036726 9 .874541
1036728 9 .972511
1036729 9 .901894
1050674 10 .0096919
1050675 10 .00949487
1050677 10 .00809719
1050678 10 .00912304
1050680 10 .00573512
1050681 10 .00599972
1050683 10 .1273
1050684 10 .0140951
1050686 10 .0160805
1050687 10 .011522
1050689 10 .0104385
1050690 10 .0110351
1050692 10 .0174273
1050693 10 .00778822
1050695 10 .120276
1050696 10 .0113681
1050698 10 .0110094
1050699 10 .0268035
1050701 10 .0182018
1050702 10 .014573
1050704 10 .0421871
1050705 10 .0187044
1050707 10 .0859753
1050708 10 .0694835
1050710 10 .259033
965458 9 .227622
965459 9 .265998
965461 9 .211705
965462 9 .398518
965464 9 .229135
965465 9 .911558
965467 9 3.17704
965468 9 2.6409
965470 9 4.17244
965471 9 7.28791
965494 9 54.6983
965832 9 .0893193
965955 9 .131559
966041 9 .0648599
966122 9 .157911
966123 9 .0616191
966261 9 .0818117
966262 9 .0630519
966332 9 1.69211
966461 9 .0477
966681 9 .0770971
966790 9 .0515219
970072 10 .0491307
970165 9 .0570266
981634 10 .0113282
1050712 10 .00972662
1050716 10 .00952073
1050717 10 .0430055
1050719 10 .0193019
1050720 10 .0653942
1050722 10 .340878
1050725 10 .233895
1050743 10 .0130524
1050749 10 .0179681
1050809 10 .0145407
1050811 10 .0146977
1050845 10 .0111912
1050861 10 .0157337
1050886 10 .0193999
1050934 10 .151298
1050962 10 .023392
1051029 10 .0206108
1051052 10 .0131953
1051053 10 .00737271
1051055 10 .0153183
1051056 10 .0166091
1051059 10 .0106973
1051060 10 .0135218
1051063 10 .01106
1051064 10 .0166286
1051067 10 .0149969
1051068 10 .02671
1051070 10 .02637
1051071 10 .0217715
1051073 10 .0192077
1051074 10 .0311808
1051077 10 .145592
1051078 10 .0132827
1051080 10 .0145813
1051081 10 .014488
1051083 10 .0187497
1051084 10 .0151471
1051086 10 .0138961
1051087 10 .0238054
1051089 10 .0190966
1051090 10 .012941
1051092 10 .0322993
1051093 10 .0341874
1051095 10 .0695906
1051096 10 .0836178
1051098 10 .0409688
1051099 10 .0686063
1051101 10 .0331624
1051102 10 .0375772
1051104 10 .0319995
1051105 10 .0490843
1051107 10 .0620168
1051108 10 .15321
1051110 10 .245631
1051111 10 .410863
1051113 10 .150334
1051114 10 1.10993
1051118 10 .0119334
1051120 10 .00780063
1051141 10 .0143472
1051143 10 .00995149
1051170 10 .0206396
1051174 10 .0131866
1051176 10 .00867485
1051177 10 .0119826
1051179 10 .0142087
1051180 10 .011689
1051184 10 .0127397
1051185 10 .0153867
1051187 10 .156456
1051188 10 .0141944
1051190 10 .0213705
1051191 10 .0251359
1051193 10 .0155135
1051194 10 .0165442
1051196 10 .0327082
1051197 10 .0769269
1051199 10 .0640076
1051200 10 .0703126
1051202 10 .0680912
1051203 10 .061016
1051205 10 .205095
1051206 10 .126097
1051208 10 .166202
1051209 10 .178698
1051211 10 1.07351
1051220 10 .0167703
1051356 10 .0900474
1051427 10 .320106
1051483 10 .0154573
1051508 10 .0415529
1051550 10 .0279358
1051564 10 .0172319
1051567 10 .118898
1051570 10 .0282933
1051572 10 .0648782
1051573 10 .0263891
1051575 10 .587561
1051576 10 .128804
1051578 10 .14841
1051579 10 .171038
1051581 10 .395911
1051582 10 .177768
1051584 10 .324223
1051585 10 .385557
1051587 10 1.23202
1051588 10 1.27568
1051842 10 .00777437
1051844 10 .0084818
1051853 10 .00956186
1051855 10 .00802379
1051887 10 .00804894
1051889 10 .00774455
1051898 10 .00584436
1051900 10 .0087832
1051934 10 .00804864
1051935 10 .0057762
1051940 10 .00796633
1051942 10 .00887166
1051968 10 .00826672
1051969 10 .00970735
1051971 10 .0103664
1051972 10 .152573
1051974 10 .00565032
1051975 10 .0146039
1051977 10 .00782378
1051978 10 .00982789
1051980 10 .012188
1051981 10 .00837035
1051983 10 .00871928
1051984 10 .00886005
1051986 10 .107585
1051987 10 .00835151
1051989 10 .00915183
1051990 10 .00909446
1051992 10 .00856398
1051993 10 .00924433
1051995 10 .00864208
1051996 10 .00955846
1051998 10 .12226
1051999 10 .00551661
1052001 10 .00854173
1052002 10 .00740789
1052004 10 .0151281
1052005 10 .0135053
1052007 10 .0207458
1052008 10 .0258509
1052010 10 .130778
1052011 10 .00885568
1052013 10 .0124465
1052014 10 .010809
1052016 10 .00903362
1052017 10 .0102882
1052019 10 .00764331
1052020 10 .0173919
1052022 10 .028551
1052023 10 .131357
1052025 10 .0137998
1052026 10 .0113776
1052028 10 .0192837
1052029 10 .0261125
1052031 10 .0203479
1052032 10 .0600311
1052034 10 .0941872
1052035 10 .20592
1052037 10 .16213
1052038 10 .00882498
1052047 10 .005367
1052049 10 .00760783
1052051 10 .00878603
1052053 10 .00776865
1052056 10 .00966226
1052057 10 .181792
1052059 10 .00861546
1052060 10 .00877766
1052062 10 .00967978
1052064 10 .0128953
1052066 10 .0125291
1052067 10 .0111534
1052069 10 .0133019
1052070 10 .0207419
1052072 10 .11487
1052073 10 .0109124
1052075 10 .0143001
1052076 10 .0307607
1052078 10 .020398
1052079 10 .0199221
1052081 10 .0346161
1052082 10 .00993231
1052084 10 .148147
1052085 10 .0144202
1052087 10 .0423169
1052088 10 .0255714
1052090 10 .0283963
1052091 10 .0524019
1052093 10 .00723217
1052094 10 .0220418
1052096 10 .00639996
1052097 10 .00852821
1052099 10 .0110254
1052100 10 .0110573
1052102 10 .0117066
1052103 10 .0139763
1052105 10 .0109434
1052106 10 .0423109
1052108 10 .0144868
1052109 10 .158851
1052111 10 .0119414
1052112 10 .0286334
1052114 10 .0572305
1052115 10 .273148
1052118 10 .00934027
1052119 10 .0059697
1052121 10 .0141773
1052123 10 .192197
1052125 10 .0103425
1052126 10 .00899708
1052128 10 .00983667
1052129 10 .0133274
1052131 10 .0119178
1052132 10 .0187035
1052134 10 .0179296
1052135 10 .00992433
1052137 10 .0093118
1052138 10 .0209307
1052140 10 .0341078
1052141 10 .0101467
1052143 10 .0309449
1052144 10 .0563577
1052146 10 .0723156
1052147 10 .0514502
1052149 10 .187824
1052150 10 .236114
1052210 10 .0193796
1052278 10 .0167665
1052330 10 .0250908
1052389 10 .01765
1052448 10 .0070335
1052449 10 .0104109
1052451 10 .247353
1052452 10 .0082262
1052454 10 .0058755
1052455 10 .00636173
1052459 10 .0099651
1052461 10 .012535
1052463 10 .00987764
1052464 10 .00833719
1052466 10 .00648267
1052467 10 .0116509
1052470 10 .0108092
1044216 9 .447959
1044218 9 .638223
1044219 9 .379597
1044222 9 .835607
1044224 9 .311827
1044226 9 .454279
1044227 9 .351988
1044229 9 .199091
1044230 9 .197595
1044232 9 2.35166
1044233 9 2.95595
1044235 9 1.57656
1044236 9 3.33104
1044238 9 3.41435
1044239 9 1.54092
1044241 9 1.38203
1044242 9 12.0747
1044244 9 7.07547
1044245 9 13.4445
1044247 9 .0979466
1044249 9 .114343
1044251 9 1.59175
1044253 9 .110308
1044256 9 .147169
1044258 9 .113341
1052471 10 .0112822
1052474 10 .00923935
1052475 10 .00920701
1052477 10 .00978445
1052478 10 .0102123
1052480 10 .0188628
1052481 10 .124749
1052483 10 .00964552
1052484 10 .0110136
1052486 10 .00975208
1052487 10 .0112078
1052489 10 .0132298
1052490 10 .0303958
1052492 10 .0393773
1052493 10 .165519
1052496 10 .0115994
1052497 10 .0102046
1052499 10 .0134789
1052500 10 .0146702
1052502 10 .0155162
1052503 10 .0126391
1052505 10 .0355955
1052506 10 .0129262
1052508 10 .0162699
1052509 10 .0159924
1052754 10 .0112425
1052756 10 .00651512
1052757 10 .0087694
1052759 10 .0090295
1052760 10 .0179437
1052762 10 .0179046
1052764 10 .140598
1052766 10 .0131019
1052767 10 .0145845
1052769 10 .0130702
1052770 10 .0150264
1052772 10 .0120046
1052773 10 .0304683
1052775 10 .0188878
1052776 10 .0144467
1052778 10 .0125218
1052779 10 .0143757
1052781 10 .0376173
1052782 10 .0544301
1052784 10 .0407495
1052785 10 .106153
1052787 10 .0841818
1052788 10 .0483953
1052790 10 .0273745
1052791 10 .0298085
1052511 10 .0753702
1052512 10 .0866438
1052514 10 .0640977
1052515 10 .0499826
1052517 10 .0826949
1052518 10 .0787723
1052520 10 .254112
1052521 10 .0265335
1052523 10 .109471
1052524 10 .242293
1052526 10 .152071
1052527 10 1.14864
1052558 10 .0207649
1052582 10 .014028
1052606 10 .0102915
1052614 10 .0172453
1052666 10 .0154951
1052698 10 .0113753
1052741 10 .0161892
1052742 10 .0080532
1052745 10 .0074913
1052747 10 .0105375
1052750 10 .0119121
1052751 10 .0111576
1052753 10 .0105468
1023134 9 .247533
1023136 9 .48771
1023137 9 .444854
1023140 9 .203577
1023141 9 .409845
1023145 9 1.13347
1023146 9 2.82237
1023148 9 1.30827
1023149 9 2.4051
1023151 9 1.65951
1023152 9 2.20904
1023154 9 2.14417
1023155 9 2.0104
1023157 9 1.85038
1023158 9 2.49855
1023160 9 2.34662
1023161 9 2.59232
1023164 9 25.6788
1023165 9 8.9973
1023167 9 5.43466
1023168 9 11.5317
1023619 9 .117185
1023774 9 .160145
1026715 9 .0720676
1027008 9 .0810757
1052793 10 .0915744
1052794 10 .338006
1052796 10 .18365
1052797 10 1.41628
1052817 10 .00856359
1052837 9 .0131814
1052855 10 .0164592
1052883 10 .0121305
1052925 10 .00645039
1052929 10 .00741686
1052931 10 .0118169
1052935 10 .00850381
1052938 10 .0185233
1052939 10 .0113384
1052941 10 .011642
1052942 10 .0116123
1052944 10 .0142461
1052945 10 .0117974
1052947 10 .00849184
1052948 10 .023435
1052951 10 .0158755
1052952 10 .0154762
1052954 10 .0266629
1052956 10 .0147801
1052958 10 .0211395
1029757 9 .274121
1029759 10 .108229
1029760 10 .185071
1029762 10 1.35802
1029763 9 .812569
1029765 10 1.08379
1029766 10 1.91662
1029768 9 1.76828
1029769 10 .456992
1029771 10 .636519
1029772 10 .7429
1029774 9 5.0298
1029775 10 5.98805
1029777 10 55.4073
1029930 9 .233957
1032945 9 .0835502
1033093 9 .100894
1036358 9 .114484
1036549 9 .0875582
1036641 9 .124055
1036642 9 1.75788
1036645 9 .0961358
1036646 9 .0726812
1036648 9 .0735403
1036649 9 .0662129
1052959 10 .0163619
1052961 10 .0178795
1052962 10 .012896
1052964 10 .041677
1052965 10 .0551378
1052967 10 .0777977
1052968 10 .192096
1052970 10 .0370854
1052971 10 .0279163
1052973 10 .0356617
1052974 10 .151146
1052976 10 .0351631
1052977 10 .101648
1052979 10 .144412
1052980 10 .328992
1052982 10 .470439
1052983 10 2.18555
1052989 10 .0168598
1053057 9 .0186657
1053396 9 .164415
1053450 10 .0267387
1053456 10 .0221519
1053457 10 .0195752
1053460 10 .0272997
1053461 10 .0328632
1053827 10 .0343303
1053828 10 .106021
1053830 10 .222978
1053831 10 .249453
1053834 10 .0160727
1053835 10 .0134382
1053839 10 .212937
1053840 10 .0314091
1053842 10 .0204768
1053843 10 .0364792
1053846 10 .0171944
1053847 10 .0176176
1053849 10 .0298576
1053850 10 .0236537
1053852 10 .153755
1053853 10 .0257371
1053855 10 .0356644
1053856 10 .0441341
1053858 10 .379215
1053859 10 .142086
1053861 10 .158521
1053862 10 1.24275
1053864 10 .0139348
1053865 10 .0144145
1053867 10 .0170553
1053464 10 .149539
1053466 10 .0639714
1053468 10 .0949915
1053469 10 .109307
1053472 10 .0383869
1053473 10 .04446
1053475 10 .219203
1053476 10 .0499665
1053478 10 .0488635
1053479 10 .0389602
1053481 10 .0594572
1053482 10 .0430992
1053484 10 .0581407
1053485 10 .332689
1053487 10 .523647
1053488 10 .275244
1053490 10 .0991386
1053491 10 .206762
1053493 10 .304533
1053494 10 .229967
1053496 10 .218713
1053497 10 .184035
1053499 10 .68739
1053500 10 2.48849
1053502 10 1.72858
1054033 10 .0112861
1054034 10 .0104497
1054036 10 .0109924
1054037 10 .0177474
1054039 10 .0130876
1054040 10 .00855933
1054042 10 .145899
1054043 10 .0172012
1054045 10 .0132934
1054046 10 .010392
1054048 10 .0106633
1054049 10 .0136883
1054051 10 .0400763
1054052 10 .0202021
1054054 10 .124631
1054055 10 .018538
1054057 10 .0145513
1054058 10 .00963174
1054060 10 .012218
1054061 10 .00962625
1054063 10 .0172941
1054064 10 .016448
1054066 10 .0132885
1054067 10 .0131044
1054069 10 .0240592
1036731 9 12.5024
1036732 9 10.9456
1036734 9 4.63578
1036735 9 4.94123
1036737 9 6.60757
1036738 9 43.3071
1036852 10 .104887
1037304 9 .0764238
1037409 9 .0834627
1037411 9 .0957616
1037518 9 .0476332
1037519 9 .0809198
1037896 9 .0655641
1040858 10 .0241006
1043970 9 .0507693
1044028 9 .0991009
1044058 9 .0840308
1044200 9 .0813053
1044203 9 .101127
1044205 9 .0669779
1044209 9 .0711463
1044210 9 .0686287
1044212 9 .0821582
1044213 9 .0420575
1044215 9 .341467
1053868 10 .0269478
1053871 10 .0573841
1053872 10 .0672537
1053874 10 .13099
1053875 10 .0686038
1053878 10 .0588774
1053879 10 .210155
1053881 10 .032508
1053882 10 .0447011
1053884 10 .0581142
1053885 10 .108976
1053887 10 .512868
1053888 10 .146696
1053890 10 .335772
1053891 10 .126236
1053893 10 .138886
1053894 10 .140303
1053896 10 .265975
1053897 10 .968287
1053899 10 .546847
1053900 10 .606395
1053902 10 3.89833
1053903 10 .0183833
1053907 10 .0368432
1053909 10 .0511666
1053503 10 15.4806
1053789 10 .00926351
1053790 10 .00728157
1053792 10 .00867398
1053793 10 .00938113
1053795 10 .0108349
1053796 10 .0106321
1053798 10 .0181221
1053799 10 .0609067
1053802 10 .0115694
1053803 10 .00990044
1053806 10 .00792793
1053807 10 .0113913
1053809 10 .0124621
1053810 10 .0148652
1053812 10 .0105397
1053813 10 .0303902
1053815 10 .0177873
1053816 10 .0278401
1053818 10 .0130954
1053819 10 .0193753
1053821 10 .0242846
1053822 10 .046447
1053824 10 .0351059
1053825 10 .0320223
1054594 10 .0209682
1054596 10 .0146039
1054598 10 .0151333
1054599 10 .0207693
1054602 10 .0340594
1054603 10 .0263428
1054605 10 .151389
1054606 10 .018147
1054608 10 .0208831
1054609 10 .0160191
1054611 10 .020884
1054612 10 .0141985
1054614 10 .0204039
1054615 10 .0130058
1054617 10 .173759
1054618 10 .00932869
1054620 10 .0129038
1054621 10 .0223699
1054623 10 .0294595
1054624 10 .0484614
1054626 10 .0425607
1054627 10 .0265643
1054629 10 .0432794
1054631 10 .0456365
1054633 10 .0256549
1054070 10 .047732
1054072 10 .0450464
1054073 10 .0683737
1054075 10 .0896561
1054076 10 .0582623
1054078 10 .0584948
1054079 10 .292135
1054081 10 .183069
1054082 10 .161183
1054096 10 .0263598
1054129 10 .0450748
1054226 10 .0161779
1054273 10 .0391129
1054382 10 .0485394
1054432 10 .0103493
1054535 10 .041774
1054579 10 .00978732
1054581 10 .00769921
1054582 10 .0119932
1054584 10 .0101907
1054585 10 .0181498
1054587 10 .0168359
1054588 10 .0177333
1054591 10 .0145576
1054592 10 .0326262
1054672 10 .804487
1054673 10 .833486
1054711 10 .0484552
1054815 10 .0650043
1054865 10 .0395665
1054878 10 .010155
1054886 10 .0156351
1054901 10 .0414013
1054921 10 .0113189
1054929 10 .0199543
1054971 10 .0161033
1054976 10 .0109404
1055025 10 .0156526
1055028 10 .0166054
1055031 10 .0139758
1055032 10 .0163022
1055034 10 .0190382
1055035 10 .0141559
1055037 10 .0227622
1055040 10 .0328182
1055042 10 .0509406
1055043 10 .0434994
1055045 10 .0341406
1055046 10 .0271085
1055048 10 .032263
1054634 10 .0330347
1054636 10 .0424162
1054637 10 .0850525
1054639 10 .0918194
1054640 10 .0752814
1054642 10 .058181
1054643 10 .284002
1054645 10 .0300681
1054646 10 .0335051
1054648 10 .0264688
1054649 10 .0445348
1054651 10 .122138
1054652 10 .179454
1054654 10 .162977
1054655 10 .212351
1054657 10 .0773726
1054658 10 .31872
1054660 10 .105143
1054661 10 .150636
1054663 10 .32002
1054664 10 .107503
1054666 10 .175793
1054667 10 .330673
1054669 10 .374282
1054670 10 1.43057
1055291 10 .046118
1055292 10 .0557514
1055294 10 .0986889
1055296 10 .125773
1055298 10 .0315203
1055299 10 .0636412
1055301 10 .221987
1055302 10 .0476016
1055304 10 .034088
1055305 10 .025495
1055307 10 .0465581
1055308 10 .0390719
1055310 10 .0520789
1055311 10 .645915
1055313 10 .221553
1055314 10 .227185
1055316 10 .124388
1055317 10 .0692839
1055319 10 .804217
1055320 10 .122147
1055322 10 .79309
1055323 10 .130534
1055325 10 .690475
1055326 10 .126234
1055328 10 1.19374
1055329 10 1.95189
1055331 10 1.34595
1055332 10 1.39714
1055334 10 .013486
1055335 10 .430178
1055340 10 .0227762
1055341 10 .15202
1055343 10 .0180654
1055344 10 .00896296
1055346 10 .0125079
1055347 10 .0223761
1055349 10 .0132992
1055350 10 .0128164
1055352 10 .0136431
1055353 10 .154545
1055356 10 .0196152
1055357 10 .0473058
1055359 10 .0326556
1055360 10 .0579763
1055362 10 .0841381
1055363 10 .0290404
1055365 10 .021052
1055366 10 .0429825
1055368 10 .0366463
1055369 10 .02333
1055049 10 .0373987
1055051 10 .185092
1055052 10 .176769
1055054 10 .205588
1055055 10 .403342
1055057 10 .0966898
1055058 10 .090752
1055060 10 .853883
1055061 10 .998798
1055063 10 7.82317
1055080 10 .707738
1055138 10 .0450563
1055192 10 .0164751
1055265 10 .0153939
1055266 10 .019121
1055273 10 .0291416
1055275 10 .0271129
1055277 10 .0376238
1055278 10 .0281363
1055280 10 .0143204
1055281 10 .0183089
1055283 10 .0216177
1055284 10 .0364243
1055286 10 .0379447
1055287 10 .0861735
1056789 10 .00874289
1056793 10 .00715504
1056796 10 .0131647
1056807 10 .0136093
1056819 10 .00999806
1056820 10 .017158
1057015 10 .124667
1057022 10 .0117651
1057028 10 .0144302
1057051 10 .0228852
1058195 10 .0272083
1058215 10 .0965114
1058587 10 .0105146
1058588 10 .0160387
1058591 10 .136913
1058592 10 .008207
1058594 10 .00611406
1058595 10 .0083499
1058598 10 .00851674
1058599 10 .00600213
1058601 10 .0114553
1058602 10 .0104102
1058604 10 .00953101
1058605 10 .0132176
1058608 10 .00668607
1058609 10 .0101425
1058611 10 .00954231
1058612 10 .00779095
1058614 10 .0155849
1058615 10 .0186975
1058618 10 .0161575
1058619 10 .122974
1058621 10 .0134836
1058622 10 .00827235
1058624 10 .0131435
1058625 10 .0094477
1058627 10 .0343053
1058628 10 .0171102
1058630 10 .0240296
1058631 10 .152615
1058633 10 .01642
1058634 10 .0100567
1058636 10 .0113278
1058637 10 .0183149
1058639 10 .0185709
1058640 10 .0249908
1058643 10 .0243816
1058644 10 .0155433
1058646 10 .0173724
1058647 10 .0170973
1058690 10 .0644777
1058692 10 .0837219
1058693 10 .134102
1058695 10 .286104
1058696 10 .394586
1058698 10 .0171029
1058700 10 .0109482
1058702 10 .0164463
1058703 10 .0149412
1058705 10 .01591
1058706 10 .0281368
1058709 10 .0120595
1058710 10 .0168269
1058712 10 .017946
1058713 10 .0163859
1058715 10 .0133028
1058716 10 .0231135
1058719 10 .0189319
1058720 10 .0292594
1058722 10 .0217917
1058723 10 .0158845
1058725 10 .02627
1058726 10 .0172354
1058729 10 .0204793
1058730 10 .0178041
1058649 10 .0121614
1058650 10 .0196029
1058652 10 .0637914
1058653 10 .0366734
1058655 10 .0830433
1058656 10 .0357296
1058658 10 .202721
1058659 10 .0586833
1058661 10 .0461781
1058662 10 .0429103
1058664 10 .0252122
1058665 10 .10373
1058667 10 .331084
1058668 10 .110651
1058670 10 .146695
1058671 10 .371633
1058673 10 1.08478
1058675 10 .0113571
1058678 10 .00721225
1058680 10 .0133418
1058682 10 .344827
1058683 10 .0164104
1058686 10 .0174643
1058687 10 .022689
1058689 10 .0331718
1055371 10 .39294
1055372 10 .277148
1055374 10 .649373
1055375 10 .108564
1055377 10 .223284
1055378 10 .411125
1055380 10 .150126
1055381 10 .0924244
1055383 10 1.68597
1055384 10 .928562
1055386 10 10.3391
1055424 10 .0417438
1056162 10 .0488288
1056169 10 .165237
1056173 10 .116136
1056174 10 .112875
1056176 10 .225167
1056177 10 .415274
1056180 10 .19564
1056181 10 .0447741
1056183 10 .161744
1056184 10 .157655
1056186 10 .159829
1056187 10 .165162
1056189 10 .0980846
1058732 10 .0176167
1058733 10 .0180934
1058735 10 .0298049
1058736 10 .0402614
1058739 10 .0362565
1058740 10 .0201656
1058742 10 .146098
1058743 10 .0207759
1058745 10 .0287733
1058746 10 .0286016
1058748 10 .0317668
1058749 10 .0494354
1058751 10 .0382927
1058752 10 .143281
1058754 10 .0737857
1058755 10 .0646674
1058757 10 .0598594
1058758 10 .0456853
1058760 10 .0515496
1058761 10 .118005
1058763 10 .0324098
1058764 10 .0507649
1058766 10 .0670273
1058767 10 .0615343
1058770 10 .0527313
1058771 10 .0481531
1058773 10 .0757419
1058774 10 .069446
1058776 10 .0844328
1058777 10 .0628838
1058779 10 .0817316
1058780 10 .215564
1058782 10 .0485441
1058783 10 .0448934
1058785 10 .0712094
1058786 10 .0627896
1058788 10 .410533
1058789 10 .151116
1058791 10 .492936
1058792 10 .273979
1058794 10 .490168
1058795 10 .150932
1058797 10 .12158
1058798 10 .152964
1058800 10 .189642
1058801 10 .366457
1058803 10 .148051
1058804 10 .516712
1058806 10 .145289
1058807 10 .658346
1058809 10 1.72293
1058810 10 .866308
1058812 10 .912485
1058813 10 1.27725
1058815 10 1.15043
1058816 10 8.11552
1058818 10 .0297836
1058819 10 .0156954
1058822 10 .0158981
1058823 10 .0149267
1058825 10 .0132228
1058826 10 .0225248
1058831 10 .0257207
1058832 10 .074022
1058834 10 .0462999
1058835 10 .0338311
1058837 10 .422834
1058838 10 .0750401
1058840 10 .138514
1058842 10 .0395344
1058844 10 .0393262
1058845 10 .0465449
1058848 10 .0435202
1058849 10 .0450181
1058851 10 .074529
1053911 10 .0919764
1053912 10 .117214
1053914 10 .205124
1053915 10 .594684
1053917 10 1.1278
1053918 10 1.01905
1053920 10 6.06445
1053921 10 .714961
1053923 10 .268004
1053924 10 .590877
1053926 10 .424159
1053927 10 .889564
1053929 10 3.58491
1053930 10 2.20746
1053932 10 26.485
1053933 10 .113117
1053935 10 .1327
1053937 10 .469106
1053939 10 2.16835
1053940 10 .946162
1053942 10 .731011
1053943 10 .685163
1053945 10 1.76106
1053946 10 5.04902
1053948 10 3.91639
1058852 10 .0445868
1058854 10 .0669949
1058855 10 .0908575
1058857 10 .314845
1058858 10 .577088
1058860 10 .393514
1058861 10 .408975
1058863 10 .145358
1058864 10 .196082
1058866 10 .177935
1058867 10 .140824
1058869 10 .237164
1058870 10 .170958
1058872 10 2.00522
1058873 10 1.06985
1058875 10 1.07862
1058876 10 .974988
1058878 10 5.67514
1058887 10 .015308
1058904 10 .0271039
1058905 10 .0311613
1058966 10 .0255802
1058967 10 .0208954
1058970 10 .0347174
1058971 10 .0365928
1058973 10 .0304602
1058976 10 .045722
1058978 10 .0618017
1058979 10 .104209
1058981 10 .104984
1058983 10 .165029
1058985 10 .22762
1058986 10 .035441
1058989 10 .0467439
1058990 10 .0755782
1058992 10 .047368
1058993 10 .114101
1058995 10 .273523
1058996 10 .396295
1058998 10 .130775
1058999 10 .316506
1059001 10 .453252
1059002 10 .162332
1059004 10 .300243
1059005 10 .176532
1059007 10 .740191
1059008 10 1.03115
1059010 10 1.09471
1059011 10 5.34366
1059014 10 .629303
1059015 10 .0095019
1059017 10 .0200136
1059019 10 .0264141
1059022 10 .0151354
1059024 10 .0337689
1059027 10 .0221006
1059028 10 .134123
1059030 10 .0181349
1059031 10 .0215573
1059033 10 .0296225
1059034 10 .0375966
1059036 10 .0642516
1059037 10 .0674178
1059040 10 .0308378
1059041 10 .0382123
1059044 10 .0405032
1059045 10 .021842
1059047 10 .0391823
1059048 10 .0475215
1059050 10 .0901664
1059051 10 .552657
1059053 10 .108947
1059054 10 .160576
1059056 10 .369783
1059057 10 .172442
1059102 10 .06444
1059105 10 .0603734
1059106 10 .0841369
1059108 10 .159032
1059109 10 .592413
1059111 10 .232555
1059112 10 .582825
1059114 10 1.79162
1059115 10 1.17213
1059117 10 .0396308
1059118 10 .0435528
1059120 10 .0632785
1059121 10 .0636268
1059124 10 .0404225
1059125 10 .052382
1059127 10 .0956556
1059128 10 .0767927
1059130 10 .055249
1059131 10 .100994
1059134 10 .253018
1059135 10 .138847
1059137 10 .387983
1059138 10 .106319
1059140 10 .248431
1059141 10 .210036
1059059 10 .113059
1059060 10 .524027
1059062 10 .653323
1059063 10 1.1446
1059065 10 1.1707
1059066 10 8.37667
1059069 10 .0126892
1059071 10 .0267124
1059073 10 .0375101
1059074 10 .0460396
1059077 10 .0629702
1059078 10 .0777573
1059080 10 .0857077
1059081 10 .0885682
1059083 10 .0575384
1059084 10 .118733
1059086 10 .195639
1059087 10 .125984
1059089 10 .126138
1059090 10 .202776
1059092 10 1.09791
1059093 10 1.10819
1059095 10 .789584
1059096 10 4.41843
1059100 10 .0571963
1059143 10 .282271
1059144 10 .259075
1059146 10 .774138
1059148 10 .274076
1059150 10 .165233
1059151 10 .149791
1059153 10 .349936
1059155 10 .242999
1059157 10 .185836
1059158 10 .392829
1059160 10 .167043
1059161 10 .131686
1059163 10 .165384
1059164 10 .220419
1059166 10 1.52706
1059167 10 .872904
1059169 10 1.62907
1059170 10 2.12197
1059172 10 1.7131
1059173 10 .828079
1059175 10 1.1052
1059176 10 1.01273
1059178 10 1.15395
1059179 10 1.00279
1059181 10 1.01624
1059223 10 .212079
1059224 10 .244491
1059227 10 .21361
1059228 10 .445155
1059230 10 .129564
1059231 10 .22504
1059233 10 .641372
1059234 10 1.07176
1059236 10 1.30711
1059237 10 1.16462
1059239 10 1.77265
1059240 10 1.01252
1059242 10 .475318
1059243 10 .840619
1059245 10 1.375
1059246 10 .440304
1059248 10 .95044
1059249 10 .485909
1059251 10 2.65482
1059252 10 4.14573
1059254 10 4.35171
1059255 10 6.09207
1059257 10 .0985365
1059258 10 .308982
1059260 10 .278477
1059301 10 9.97504
1059302 10 4.04732
1059304 10 4.87302
1059305 10 5.2909
1059309 10 .0432936
1059323 10 .162714
1059346 10 .0467172
1059347 10 .0425734
1059349 10 .0585625
1059352 10 .0852578
1059357 10 .544557
1059360 10 .408268
1059362 10 .174287
1059363 10 .172055
1059365 10 .15805
1059366 10 .577121
1059368 10 .117512
1059369 10 .336198
1059371 10 .276409
1059372 10 .472857
1059374 10 .161947
1059375 10 .15046
1059377 10 .189732
1059379 10 .129559
1059381 10 .649876
1056190 10 .109179
1056192 10 .237434
1056193 10 .253491
1056195 10 .15346
1056196 10 .288579
1056198 10 .0626922
1056199 10 2.33228
1056201 10 1.32968
1056202 10 2.09229
1056204 10 1.25893
1056205 10 .329782
1056207 10 2.32198
1056208 10 1.26045
1056210 10 1.38418
1056211 10 1.24443
1056213 10 1.47466
1056214 10 1.38461
1056216 10 4.3206
1056217 10 4.11443
1056219 10 6.55566
1056220 10 5.68098
1056222 10 62.6793
1056744 10 .0109366
1056754 10 .0148374
1056756 10 .0107405
1044302 9 3.46019
1044304 9 3.87643
1044305 9 2.34658
1044307 9 2.6161
1044308 9 2.5845
1044310 9 2.11566
1044311 9 2.0411
1044313 9 12.716
1044314 9 9.13294
1044316 9 10.2002
1044317 9 121.475
1050625 10 .00895301
1050630 10 .00870031
1050643 10 .01389
1050657 10 .00902028
1050659 10 .00909676
1050660 10 .00864772
1050662 10 .0131149
1050663 10 .00897948
1050665 10 .00951656
1050666 10 .00958541
1050668 10 .0144618
1050669 10 .0158866
1050671 10 .0126555
1050672 10 .0108532
1059182 10 .948795
1059184 10 1.3227
1059185 10 1.44941
1059187 10 11.1272
1059188 10 3.86937
1059190 10 3.75794
1059191 10 4.64957
1059193 10 5.3061
1059194 10 39.923
1059196 10 .0823432
1059197 10 .0707345
1059199 10 .16994
1059201 10 .216792
1059203 10 .125324
1059204 10 2.42747
1059207 10 .0770171
1059208 10 .115742
1059210 10 .158774
1059211 10 .179561
1059213 10 .343624
1059214 10 .34532
1059216 10 .749552
1059218 10 .306997
1059220 10 .212156
1059221 10 .131852
1059382 10 .268064
1059384 10 .177614
1059385 10 .159654
1059387 10 .35752
1059388 10 .126683
1059390 10 .159349
1059391 10 .182711
1059393 10 .159939
1059394 10 .373731
1059396 10 2.12816
1059397 10 1.36204
1059399 10 1.69605
1059400 10 1.75511
1059402 10 .532789
1059403 10 .681532
1059405 10 1.47638
1059406 10 .474824
1059408 10 .576839
1059409 10 1.05966
1059411 10 1.72946
1059412 10 1.34224
1059414 10 2.28841
1059415 10 1.70992
1059417 10 2.46308
1059418 10 9.91458
1059457 10 8.37139
1059459 10 36.7188
1059460 10 .103111
1059462 10 .160204
1059463 10 .188051
1059466 10 .22943
1059468 10 .25453
1059470 10 1.55886
1059471 10 .38883
1059473 10 .360655
1059474 10 .907969
1059476 10 .283636
1059477 10 .200909
1059480 10 .177339
1059481 10 .248534
1059483 10 .320831
1059484 10 .277003
1059487 10 .287363
1059488 10 .287989
1059490 10 .256941
1059491 10 .19817
1059493 10 .149836
1059494 10 .314405
1059496 10 .857358
1059497 10 1.61242
1059261 10 .329498
1059263 10 .830244
1059265 10 .396575
1059267 10 1.78124
1059268 10 2.81222
1059270 10 1.63793
1059271 10 1.22124
1059273 10 1.36491
1059274 10 1.57201
1059276 10 1.59929
1059277 10 11.404
1059279 10 4.26734
1059280 10 4.70823
1059282 10 52.4308
1059283 10 .270302
1059285 10 .459652
1059286 10 .494354
1059289 10 1.98279
1059290 10 .51872
1059292 10 1.80778
1059293 10 2.3367
1059295 10 1.01856
1059296 10 .878684
1059298 10 1.38178
1059299 10 1.92099
1059420 10 4.92009
1059421 10 9.55033
1059423 10 7.84395
1059424 10 7.6495
1059426 10 .123869
1059427 10 .267282
1059429 10 .314412
1059430 10 .257893
1059432 10 1.86135
1059433 10 .184252
1059435 10 .419872
1059436 10 .338125
1059438 10 1.97915
1059439 10 2.39741
1059441 10 4.32233
1059442 10 2.14055
1059444 10 2.67617
1059445 10 1.06264
1059447 10 .718092
1059448 10 1.70581
1059450 10 1.76709
1059451 10 .717986
1059453 10 10.9966
1059454 10 6.52196
1059456 10 4.54109
1053949 10 4.4304
1053951 10 1.61077
1053952 10 6.22305
1053954 10 21.0686
1053955 10 16.0889
1053957 10 21.1077
1059499 10 3.82957
1059500 10 1.751
1059502 10 2.07076
1059503 10 2.72649
1059505 10 1.29473
1059506 10 1.4499
1059508 10 .691269
1059509 10 .57692
1059511 10 1.69368
1059512 10 11.9009
1059514 10 11.2363
1059515 10 4.60332
1059517 10 9.13513
1059518 10 62.6131
1059521 10 1.44727
1059538 10 1.88013
1059540 10 5.89137
1059541 10 8.19536
1059543 10 15.0934
1059544 10 61.4585
1059550 10 .437142
1059553 10 2.64257
1059555 10 .138905
1059556 10 .421841
1059559 10 .351374
1059560 10 .797636
1059563 10 .29234
1059564 10 .219548
1059566 10 .430503
1059567 10 .423331
1059569 10 .646396
1059584 10 6.57929
1059585 10 81.5116
1059587 10 .679175
1059588 10 .479742
1059591 10 3.51954
1059592 10 3.32945
1059594 10 .799377
1059595 10 1.16081
1059597 10 1.28367
1059598 10 2.29418
1059622 10 5.56528
1059624 10 24.8268
1059625 10 22.4461
1059660 10 50.9598
1059697 10 31.0086
1059699 10 22.1201
1059532 10 1.49549
1059534 10 .90559
1059535 10 .72337
1059537 10 1.43945
1059570 10 1.20372
1059572 10 .557504
1059573 10 .911083
1059575 10 .295507
1059576 10 .828197
1059578 10 .752167
1059579 10 1.15998
1059581 10 2.91099
1059582 10 6.50674
1059600 10 3.95089
1059601 10 4.12643
1059603 10 19.4668
1059604 10 .177544
1059606 10 .283451
1059607 10 .309419
1059609 10 .98733
1059610 10 .879648
1059612 10 2.21585
1059613 10 2.93975
1059615 10 3.42106
1059616 10 2.46023
971 10 .00573831
5103 10 .00686689
12303 10 .0062739
20967 10 .00477504
21454 10 .0051217
21487 10 .00783302
21491 10 .0601455
21494 10 .0217135
21497 10 .0314266
22427 10 .00513004
23873 10 .00489645
23897 10 .00497545
24116 10 .00498834
24548 10 .00777445
24586 10 .00930402
25036 10 .00489887
25045 10 .00523573
25090 10 .00618747
25095 10 .00729772
25099 10 .00707112
25102 10 .00798802
25105 10 .0557672
25108 10 .00971231
25111 10 .015499
25114 10 .0431578
25117 10 .238837
26841 10 .00661157
32196 10 .00560009
38187 10 .00675776
39578 10 .00575335
41253 10 .00908104
41311 10 .0934276
46827 10 .00882961
58791 10 .00564977
60490 10 .0047011
60498 10 .00498941
60570 10 .00561831
60820 10 .00658773
61021 10 .00525077
61244 10 .00572699
67978 10 .00477468
70330 10 .00428879
71128 10 .00846473
71229 10 .00710757
71461 10 .00715481
72258 10 .00641282
74949 10 .00509598
74986 10 .00446217
74995 10 .00437522
75007 10 .00510365
75015 10 .00582765
75083 10 .00454784
75097 10 .00476661
75122 10 .00661934
76290 10 .00831704
76851 10 .00560613
79542 10 .00578574
79577 10 .0109187
79739 10 .00545441
79761 10 .0073088
80080 10 .00878089
80821 10 .00611794
81077 10 .00952697
81262 10 .00540807
81266 10 .00847096
81270 10 .00920693
81273 10 .0440147
81276 10 .00770311
81279 10 .0117719
81283 10 .0116878
81286 10 .0126527
81289 10 .00921088
81292 10 .013658
81295 10 .018169
81298 10 .0287025
81301 10 .0690692
81304 10 .0220657
81307 10 .118205
81310 10 .147822
81328 10 .00793145
81392 10 .00640296
81413 10 .0107962
84350 10 .00454007
84363 10 .00662225
84390 10 .00640849
84414 10 .00609805
84451 10 .00880685
84468 10 .00938059
84473 10 .0096231
84476 10 .0728063
84480 10 .0109018
84483 10 .0113756
84486 10 .0181983
84489 10 .0548963
84492 10 .0270576
84495 10 .150386
84498 10 .188137
84534 10 .0172931
87775 10 .005916
87779 10 .00531852
87783 10 .00709101
87786 10 .0093806
87790 10 .00647263
87793 10 .00930871
87796 10 .0318421
87799 10 .0111092
87802 10 .0241912
87805 10 .210547
89353 10 .00529469
89367 10 .0068652
90641 10 .00512675
90946 10 .0194657
105777 10 .00639674
120110 10 .00787729
120192 10 .00743857
120209 10 .00583507
120213 10 .00753264
120216 10 .0081059
120219 10 .0789315
120222 10 .0186239
120225 10 .0331848
120228 10 .517586
120312 10 .00783065
120346 10 .014935
120350 10 .0281034
120353 10 .161244
120356 10 .0500479
120359 10 .0338893
120362 10 .158023
120367 10 .00987735
120612 10 .00913008
120651 10 .0150265
120700 10 .00814648
120705 10 .0142952
120709 10 .159832
120712 10 .133407
120715 10 .135519
120718 10 .178497
120721 10 1.31181
120821 10 .173107
120872 10 .0353866
120876 10 .0699494
120879 10 .424868
120882 10 .368728
120885 10 .123227
120888 10 .561025
120907 10 .0277908
121058 10 .0193718
121884 10 .0144689
121926 10 .0159503
122086 10 .0724603
122090 10 .199006
122093 10 .117331
122096 10 .607385
122099 10 .584995
122102 10 3.40991
132547 10 .00868405
173041 10 .0077954
175430 10 .00631185
180707 10 .00623758
180719 10 .00938893
180771 10 .0066439
180778 10 .00729372
180805 10 .71059
181765 10 .0143092
183471 10 .00922564
183796 10 .0120436
183821 10 .0253296
183866 10 .00998025
185410 10 .00746986
185474 10 .0263331
185689 10 .0142785
185693 10 .0201772
185696 10 .435686
185699 10 .0387246
185703 10 .0188426
185706 10 .0538259
185709 10 .0214329
185712 10 .0681865
185715 10 .0722977
185718 10 .0640038
185721 10 .21862
185724 10 .287454
185916 10 .0166742
197228 10 .0174519
210064 10 .00750463
215010 10 .00651337
219635 10 .0176421
219667 10 .0597279
248389 10 .00553031
249489 10 .0111861
260465 10 .0049921
260978 10 .00458387
260995 10 .00520973
262677 10 .00520551
262734 10 .00496902
262748 10 .00692067
272289 10 .005636
278077 10 .00438473
337479 10 .00727869
338250 10 .00578937
338540 10 .0100754
344101 10 .00893121
346482 10 .0386382
349454 10 .00531328
349473 10 .00573764
349499 10 .00863185
349555 10 .00559497
349622 10 .0150905
349699 10 .0140897
349785 10 .00824251
349809 10 .0220496
349843 10 .00738125
349848 10 .0172938
349851 10 .0162161
349854 10 .0137568
349858 10 .00861335
349861 10 .0395536
349864 10 .0205244
349868 10 .0270244
349871 10 .0329518
349874 10 .0815207
349877 10 .0476451
349880 10 .0695207
349883 10 .0617706
349886 10 .16797
349889 10 .141551
349892 10 .104293
349895 10 .159671
349898 10 .330759
349901 10 2.0669
350167 10 .0238491
357879 10 .00758287
358138 10 .00687532
358142 10 .0103315
358146 10 .00728777
358149 10 .00756256
358153 10 .0167957
358156 10 .011911
358159 10 .0134226
358163 10 .0214815
358166 10 .300311
358169 10 .113151
358172 10 .0192504
358175 10 .114627
358178 10 .354294
359369 10 .00675275
359399 10 .0150033
377969 10 .03071
447153 10 .0236689
472192 10 .0818706
542538 10 .110258
548453 10 .0274347
567763 10 .10211
579514 10 .0137769
580168 10 .00584019
580199 10 .010099
580336 10 .0209157
581252 10 .247257
582031 10 .00852612
582146 10 .0698316
582204 10 .0422358
582696 10 .0246975
582755 10 .00788248
582760 10 .023627
582764 10 .0174235
582767 10 .0261134
582770 10 .0281175
582773 10 .0162364
582776 10 .0191314
582780 10 .192559
582783 10 .119512
582786 10 .198955
582789 10 .105771
582792 10 .110674
582795 10 1.22556
582798 10 .600072
582801 10 1.00244
582804 10 .863686
582807 10 2.65672
583127 10 .263628
584856 10 1.04834
756320 10 .772332
836634 10 .00446368
836672 10 .00427852
836873 10 .00414634
836936 10 .00486808
836956 10 .00450714
836970 10 .00498717
836992 10 .00414685
836999 10 .00540639
837130 9 .00662731
837242 9 .00861908
837323 9 .0057698
837400 9 .00651834
837531 9 .0102577
837579 9 .00836871
837745 9 .00771079
838222 10 .0046817
838235 10 .00478214
838238 10 .0050355
838241 10 .00464576
838244 10 .00936157
838247 10 .00717362
838250 10 .00971906
838255 10 .00621458
838289 10 .037111
838327 10 .00809498
838345 10 .00556419
838349 10 .00757458
838353 10 .00584393
838356 10 .00653666
838359 10 .0136284
838362 10 .00998922
838365 10 .0238596
838368 10 .0237848
838372 10 .00841837
838409 10 .00714778
838454 10 .0159934
838472 10 .0303155
838476 10 .0300291
838479 10 .0917161
838482 10 .158672
839519 9 .00601353
839744 10 .0050676
839911 10 .00469537
839919 10 .00492126
839959 10 .00482122
839974 10 .0682713
840023 10 .00661108
840030 10 .00448836
840043 10 .00640082
840066 10 .00717543
840253 9 .00720237
840453 9 .00963694
840591 9 .00964173
840777 9 .0114143
840877 10 .0053307
840947 9 .00567162
841311 9 .0473524
841441 9 .00839938
841670 9 .00827473
841764 9 .00773835
842451 9 .0155699
843597 9 .0147604
843703 9 .00750691
843754 10 .00528837
843806 9 .0148185
843869 10 .00657424
843931 10 .00918569
843997 9 .0188162
844033 10 .0080245
844037 10 .00709555
844042 10 .0151309
844046 10 .0509046
844049 10 .013446
844052 10 .018606
844055 10 .00988495
844058 10 .00992519
844061 10 .0230152
844064 10 .104983
844067 10 .110396
844070 10 .020136
844073 10 .0695765
844076 10 .616168
844153 9 .0710427
844224 9 .0372059
844323 9 .193049
844405 9 .176867
844477 9 .014986
844480 9 .0376748
844483 9 .0429738
844488 9 .03792
844491 10 .0340682
844494 9 .337519
844497 9 .224899
844500 9 .310746
844503 9 .178367
844506 9 .223353
844509 9 .108636
844512 9 .542193
844515 9 .779096
844535 9 .0319818
844641 9 .31574
844737 9 .0129372
844820 9 .0145539
844871 9 .0312207
845371 9 .0110453
845406 10 .00498696
845422 10 .00729133
845451 10 .00489572
845454 10 .00481048
845457 10 .00560535
845460 10 .00514393
845463 10 .00662507
845466 10 .00496155
845469 10 .0051854
845472 10 .00527166
845475 10 .00851757
845478 10 .0082438
845481 10 .00811545
845484 10 .00651122
845487 10 .00516943
845490 10 .0056859
845493 10 .0278335
845496 10 .0109731
845499 10 .00880476
845502 10 .0083102
845505 10 .04537
845508 10 .0661185
845513 10 .00555404
845521 10 .00616375
845655 9 .00906178
845828 10 .00597909
845846 10 .00822472
845867 10 .00710421
845955 10 .00678964
845959 10 .00884005
845963 10 .00707394
845967 10 .00657944
845970 10 .00715533
845973 10 .0248515
845977 10 .00886737
845980 10 .067728
845983 10 .0110945
845986 10 .0529038
845989 10 .182985
845992 10 .082622
845995 10 .300734
845998 10 .606082
846114 10 .00686466
846143 9 .0162362
846223 10 .0070823
846464 10 .235381
847266 9 .00902363
849502 9 .0161612
849650 9 .0163439
849827 9 .0159034
849831 9 .0187127
849834 9 .0127578
849837 9 .0112294
849841 9 .0132108
849844 9 .0488104
849848 9 .0552086
849851 9 .028114
849854 9 .0237527
849857 9 .0241467
849860 9 .152656
849863 9 .121363
849866 9 .199088
849869 9 .415226
849872 9 .616783
849944 9 .0240055
850031 9 .0152681
850036 10 .0109004
850041 9 .0144094
850044 9 .017091
850048 9 .0146941
850051 9 .0136061
850054 9 .0160431
850057 9 .0545351
850060 9 .0417133
850065 9 .0466337
850068 9 .0444341
850071 9 .0718622
850075 9 .0278323
850078 9 .0292731
850081 9 .173328
850084 9 .0395114
850087 9 .171915
850090 9 .2192
850093 9 .395481
850096 9 .126552
850099 9 .30972
850102 9 .658677
850105 9 .620423
850108 9 2.63051
853765 10 .00453397
854082 9 .0087165
854250 9 .00579692
854761 9 .0112048
854940 10 .527321
855537 9 .0170764
856601 10 .00467915
856619 10 .00624091
856696 10 .00652059
856725 10 .00720422
856771 10 .00533446
856779 10 .00535848
856789 10 .00551808
856796 10 .00551539
856824 10 .00637494
856839 10 .00587419
857018 10 .00487199
857059 9 .00658706
857450 9 .00879693
857714 9 .022048
857780 9 .0106968
858026 9 .00708855
858294 9 .00610473
858559 9 .00815671
858784 10 .00635367
859215 10 .00788176
859274 9 .00703513
859324 9 .00851762
859385 9 .0438655
859619 9 .0201539
860376 9 .0107204
861369 10 .00459742
861372 10 .00390301
861375 10 .00504753
861378 10 .00553294
861381 10 .00510855
861384 10 .0055564
861387 10 .00587961
861390 10 .00758621
861393 10 .00745683
861396 10 .0121013
861399 10 .0131681
861402 10 .0229178
861846 9 .0217214
868254 9 .0197144
869433 9 .0820456
869738 10 .00965608
869920 9 .0134699
870462 9 .041316
873597 10 .00694285
873664 10 .00561947
873678 10 .00494579
873715 10 .0703637
873757 10 .0111771
873862 9 .00746005
874471 9 .0205581
874770 10 .0145917
875480 9 .0164182
875610 9 .0075567
875824 9 .100493
877969 9 .00677509
878657 9 .0208382
881122 9 .039044
881380 9 .117844
881843 9 .00807616
882437 9 .0150183
883768 9 .0190854
884035 10 .0104248
884956 9 .035505
891451 9 .0147743
893792 10 .00522223
893897 10 .00525123
893962 10 .00636792
893965 10 .00499461
893969 10 .00506325
893972 10 .00583124
893975 10 .00621927
893978 10 .00756169
893981 10 .00922702
893985 10 .0317453
893988 10 .0065322
893991 10 .00710005
893994 10 .00831781
893997 10 .00857029
894001 10 .00542407
894004 10 .00743244
894007 10 .00776666
894010 10 .0078558
894013 10 .0108717
894016 10 .0127409
894019 10 .0118958
894022 10 .0170559
894026 10 .0116781
894029 10 .0167984
894032 10 .0229174
894035 10 .213927
894038 10 .0515157
894041 10 .0204395
894044 10 .26196
894047 10 .119588
894100 9 .0134078
894201 9 .0121167
894299 9 .0182622
894374 9 .00617428
894378 9 .0085124
894382 9 .0125589
894385 9 .0168058
894389 9 .0142472
894393 9 .0184323
894397 9 .011465
894401 9 .0165135
894406 10 .0132978
894410 9 .0298906
894413 9 .0465613
894416 9 .0925005
894420 9 .0970091
894423 9 .0306137
894426 9 .119996
894429 9 .0889809
894432 9 .08112
894436 9 .109582
894439 9 .0382934
894442 9 .0316533
894445 9 .0478815
894448 9 .0297867
894451 9 .415202
894454 9 .197344
894457 9 .382046
894460 9 .148332
894463 9 .212846
894466 9 .20931
894469 9 .17209
894472 9 .949761
894475 9 .654684
894478 9 2.41384
894561 9 .0146363
894744 9 .0110111
896259 9 .0164369
899379 10 .00789549
899396 10 .00683234
899502 10 .00485649
899520 10 .00443686
899526 10 .00497192
899544 10 .00548325
899580 10 .00733568
900074 9 .0107405
900281 9 .0193323
901142 9 .0154373
901251 9 .0081824
901660 9 .0198512
901833 9 .0472203
902203 9 .0423685
904267 9 .0063821
904336 10 .00552266
904345 10 .00615865
904384 10 .00783466
904474 9 .0121386
904530 9 .01417
904670 9 .0136515
904756 9 .0612857
904824 10 .0145992
904828 10 .0112666
904831 10 .0189003
904834 10 .0131993
904837 10 .0312937
904840 10 .051115
904845 10 .0308419
904848 10 .0351664
904851 10 .036083
904854 10 .0288799
904857 10 .0463989
904860 10 .0215121
904863 10 .0701849
904866 10 .0856962
904869 10 .26375
904872 10 .241137
904875 10 .158808
904878 10 .736137
904881 10 .412757
904891 9 .0165357
904986 9 .0198626
905077 9 .00947851
905080 9 .0094528
905084 9 .0196337
905087 10 .0114329
905090 9 .0124863
905094 9 .0178633
905099 9 .0150632
905102 9 .0133418
905105 9 .0151538
905109 9 .0134632
905112 9 .0285342
905115 9 .04091
905119 9 .0287956
905122 9 .0284822
905125 9 .0340732
905128 9 .0437764
905131 9 .0455294
905134 9 .0321576
905137 9 .163119
905140 9 .0390422
905143 9 .068734
905146 9 .0305117
905149 9 .030179
905152 9 .50487
905155 9 .123833
905158 9 .348756
905161 9 .232513
905164 9 .371656
905167 9 .110512
905170 9 .318991
905173 9 .339422
905176 9 .545766
905179 9 .719575
905201 9 .159419
905453 9 .370559
905568 9 .0880512
905571 9 .314401
905574 9 .338785
905579 9 .219983
905582 9 .30617
905586 9 .334577
905589 9 .120173
905592 9 1.6665
905595 9 .595357
905598 9 1.24261
905601 9 .643918
905604 9 .776322
905607 9 .300898
905610 9 .791594
905613 9 1.89049
905616 9 1.91215
905619 9 2.43164
905751 9 .672992
905857 9 .724418
906127 9 .223873
906266 9 .129208
906383 9 .575115
906491 9 .0574193
907226 9 .0176056
907343 9 .00944848
907347 9 .0102
907350 9 .0152349
907353 9 .0151876
907356 9 .0169668
907360 9 .0128177
907363 9 .0225857
907367 9 .127404
907371 9 .0132443
907375 10 .0108944
907378 9 .0145245
907381 10 .0126613
907384 10 .0120062
907387 9 .0123973
907390 9 .0116348
907393 9 .0124723
907396 9 .011573
907399 9 .0353947
907402 9 .0266833
907405 9 .0368304
907408 9 .03139
907412 9 .0495159
907415 9 .0349681
907418 9 .047346
907421 9 .0421765
907424 9 .0267607
907427 9 .0241589
907430 9 .0360189
907433 9 .0405291
907436 9 .0254537
907439 9 .122066
907442 9 .175981
907445 9 .152732
907448 9 .109152
907451 9 .203567
907454 9 .1594
907457 9 .137363
907460 9 .784365
907463 9 .417043
907466 9 .622409
907777 9 .0210853
907946 9 .0138555
907949 9 .0205486
907954 9 .0132223
907957 9 .0513015
907960 9 .256483
907965 9 .0292498
907968 9 .0431271
907971 9 .0484149
907974 9 .0375681
907977 9 .0421022
907980 9 .0307378
907983 9 .437061
907986 9 .117353
907989 9 .321604
907992 9 .31398
907995 9 .0674838
907998 9 .595812
908001 9 .341108
908004 9 2.17078
908390 10 .0116081
908452 10 .0252937
909087 10 .533177
910788 10 .00645317
910850 10 .00761271
911171 10 .00504361
911261 10 .0105348
911672 10 .00731527
911732 10 .0110427
911739 10 .00884462
912097 9 .0130902
912273 9 .027359
912572 10 .00854808
912647 10 .0057062
912650 10 .0137744
912655 10 .00856936
912659 10 .0205021
912663 10 .00923873
912666 10 .0105696
912669 10 .0194335
912674 10 .0272074
912677 10 .0416145
912680 10 .0296943
912683 10 .0166526
912686 10 .0223032
912689 10 .0247936
912692 10 .0867047
912695 10 .297975
912698 10 .115562
912701 10 .256105
912704 10 .0639224
912707 10 .451756
912710 10 .401537
912844 9 .0565965
912936 10 .0118384
917647 9 .00955768
917693 10 .00526353
917698 10 .00617472
917715 10 .00648056
917791 9 .0268608
917817 10 .00616273
917820 10 .0054177
917824 10 .00970874
917827 10 .00592224
917830 10 .0103001
917834 10 .00603125
917837 10 .0120227
917840 10 .0112909
917843 10 .0119443
917846 10 .0168401
917850 10 .00968601
917853 10 .00776193
917856 10 .0693258
917859 10 .178761
917862 10 .116391
917865 10 .019768
917868 10 .215522
917871 10 .0712928
917890 9 .138793
917924 10 .00817837
917984 9 .0209327
918053 10 .0169204
918058 10 .0702483
918061 10 .0342138
918065 10 .0218992
918069 10 .0203484
918072 10 .116974
918075 10 .0324194
918078 10 .0714217
918081 10 .155844
918084 10 .0446394
918087 10 .140539
918090 10 .302364
918093 10 1.4256
918098 9 .0173673
918104 9 .0163408
918110 9 .303997
918113 9 .0657192
918117 9 .220829
918122 9 .0244925
918125 9 .0228963
918128 9 .222153
918131 9 .309925
918134 9 .258501
918137 9 .0688233
918140 9 .730859
918143 9 .383031
918174 10 .0103815
918282 9 .0163297
918316 9 .0368405
918386 9 .060381
918480 9 .0354014
918535 10 .0103487
918588 9 .415387
918653 9 .346325
918656 9 .0738472
918659 9 .11348
918663 9 .423911
918666 9 .123773
918669 9 1.21585
918672 9 1.11661
918675 9 .691041
918678 9 .638537
918681 9 .426442
918684 9 2.40991
918687 9 3.00178
918690 9 8.58319
918852 9 .843356
918963 9 .110994
919088 9 .104675
919142 9 .163083
919213 9 .0897854
919287 9 .137529
919738 9 .00692185
919743 9 .0107983
919747 9 .0097357
919750 10 .00847161
919753 9 .0102227
919758 9 .00824596
919761 9 .0172202
919764 9 .0225631
919767 10 .0117434
919771 9 .0118408
919774 9 .0155906
919777 9 .0109354
919780 9 .0555159
919783 9 .0283214
919786 9 .0735619
919789 9 .0286857
919792 9 .166514
919795 9 .57217
920280 9 .106519
922824 9 .0254927
931738 9 .189134
939771 10 .0307419
941159 9 .0380498
950215 9 .028595
950713 9 .0338178
950786 9 .0462182
950790 9 .100682
950797 9 .0696051
950801 9 .168329
950805 9 .0242386
950808 9 .0384939
950811 9 .0218735
950814 9 .157222
950817 9 .108629
950820 9 .25124
950825 9 .227914
950829 9 .230551
950832 9 .217701
950835 9 .222223
950839 9 .265808
950842 9 .192124
950845 9 .203421
950848 9 .082325
950851 9 .208425
950854 9 .091567
950857 9 .600879
950860 9 .785865
950863 9 .731175
950866 9 .581533
950869 9 .81304
950872 9 .340656
950875 9 .83618
950878 9 2.59687
950881 9 1.8414
950884 9 7.55729
964839 9 .0626443
965015 9 .103591
965195 9 .0952055
965201 9 .0489346
965204 9 1.37031
965207 9 .0456867
965211 9 .0250792
965215 9 .10668
965218 9 .0332972
965222 9 .0236451
965225 9 .153052
965228 9 .243968
965231 9 .317859
965235 9 .430948
965238 9 .164456
965243 9 .227213
965246 9 .211347
965249 9 .172056
965252 9 .17341
965255 9 .22151
965258 9 .161785
965261 9 .151348
965264 9 .429646
965267 9 .564138
965270 9 1.61143
965273 9 .496481
965276 9 .673821
965279 9 .510031
965282 9 .353311
965285 9 .499179
965288 9 1.77066
965291 9 1.21024
965394 9 .0442518
965399 9 .0464968
965403 9 .068486
965406 9 .486957
965409 9 .0684848
965415 9 .0326577
965418 9 .0387682
965421 9 .0379069
965424 9 .549803
965427 9 .136609
965430 9 .381409
965433 9 .346978
965437 9 .317244
965440 9 .413384
965445 9 .275345
965448 9 .158457
965451 9 .330415
965454 9 .310293
965457 9 .157235
965460 9 .169446
965463 9 .151572
965466 9 .763015
965469 9 .54732
965472 9 .513684
965475 9 .958119
965478 9 .573983
965481 9 .393624
965484 9 .412471
965487 9 3.79027
965490 9 1.78171
965493 9 3.06948
965912 9 .0273292
966119 9 .0290216
966175 9 .0369896
966331 9 .0280188
966463 9 .0355544
970007 9 .0595211
981633 10 .00452853
981646 10 .00508433
981696 10 .00497677
981786 9 .0060067
981885 10 .00699855
981930 10 .0076495
982282 9 .0115248
983132 9 .0119283
983719 9 .0161319
984543 10 .00793356
984878 9 .0132431
989761 10 .00943208
989801 10 .0136264
989884 10 .00722134
989932 10 .0115729
990005 10 .00480281
990021 10 .00544429
990031 10 .00516405
990040 10 .00538444
990081 10 .00662373
990099 10 .00670395
990437 10 .00700546
990624 9 .0196919
990730 10 .0105735
991466 9 .00930793
991486 9 .0195054
991783 9 .0077729
991989 9 .00688528
992300 9 .0137075
992884 9 .0111252
995559 9 .00867745
995796 10 .00653631
995913 9 .0101387
996339 9 .0152176
996515 10 .0139506
996660 10 .0183431
996691 10 .0116162
996875 9 .0150056
997152 10 .00691165
997155 10 .0180889
997159 10 .0198158
997162 10 .0214158
997166 10 .0171726
997170 10 .0125572
997173 10 .016104
997176 10 .0125698
997179 10 .0103568
997182 10 .0919326
997185 10 .104655
997189 10 .0312255
997192 10 .0890569
997195 10 .0477399
997198 10 .181936
997201 10 .114659
997204 10 .0217895
997207 10 .0972855
997210 10 .023979
997213 10 .274826
997216 10 .247965
997219 10 .246701
997222 10 .108294
997225 10 .172732
997228 10 .105506
997231 10 .320593
997234 10 .579064
997573 9 .0114745
997576 9 .0102347
997579 9 .0172903
997583 9 .0206869
997587 10 .0195574
997593 9 .0216775
997597 9 .0200595
997601 9 .0169547
997604 9 .0130889
997607 9 .0214235
997610 10 .0162135
997613 10 .0142905
997616 9 .0149586
997619 9 .0744531
997622 9 .0690707
997626 9 .0529168
997630 9 .0441522
997633 9 .0245032
997636 9 .177832
997639 9 .0712657
997642 10 .039491
997645 9 .0378934
997648 9 .0302116
997651 9 .0768849
997654 9 .0466127
997657 9 .0354274
997660 9 .3704
997663 9 .250457
997666 9 .414152
997669 9 .235759
997672 9 .242014
997675 9 .272983
997678 9 .19143
997681 9 1.43539
997684 9 .613753
997687 9 3.4168
997910 10 .0283405
1000898 9 .0108567
1001041 10 .0100565
1001056 10 .00810663
1001172 10 .00834155
1001196 10 .0144678
1002048 10 .548926
1002084 10 .0134382
1002606 10 .0104726
1002662 10 .0230695
1002816 10 .0163333
1002881 9 .0103494
1002991 10 .0134193
1003128 10 .0106352
1003366 10 .0187119
1003748 10 .465902
1006370 10 .00632045
1006738 10 .00783971
1010723 9 .00623112
1010854 9 .0084032
1011317 10 .00542548
1011419 10 .00569177
1011424 10 .0053927
1011427 10 .00739859
1011431 10 .00948164
1011434 10 .00763225
1011437 10 .00780549
1011442 10 .007592
1011446 10 .00688079
1011449 10 .00618357
1011452 10 .0179896
1011455 10 .0162666
1011458 10 .00905929
1011461 10 .0180791
1011465 10 .0232321
1011468 10 .0106933
1011471 10 .00796931
1011474 10 .00905122
1011477 10 .0334678
1011480 10 .0961522
1011483 10 .0222729
1011486 10 .0147617
1011489 10 .0195725
1011492 10 .0253904
1011495 10 .0869476
1011498 10 .160488
1011512 10 .00801149
1011579 10 .00615797
1011591 10 .00569405
1011597 10 .00602051
1011626 10 .00715135
1011636 10 .00647204
1011756 10 .00538898
1012332 9 .00985218
1012390 9 .0191802
1012567 9 .0123285
1012571 9 .00892107
1012577 9 .0152237
1012581 9 .0276949
1012585 9 .01687
1012588 9 .0146999
1012592 9 .0133355
1012595 9 .0138115
1012601 9 .0722785
1012604 9 .0129397
1012607 9 .113875
1012610 9 .0833231
1012613 9 .0820994
1012616 9 .040315
1012620 9 .106625
1012623 9 .126525
1012627 9 .0888119
1012630 9 .0345062
1012633 9 .101671
1012636 9 .0283795
1012639 9 .0293832
1012642 9 .0296275
1012645 9 .0315256
1012648 9 .155192
1012651 9 .17367
1012654 9 .168932
1012657 9 .181756
1012660 9 .157664
1012663 9 .133631
1012666 9 .146304
1012669 9 .780311
1012672 9 .471165
1012675 9 .700502
1012788 9 .0112245
1012794 9 .0108978
1012800 9 .0179009
1012804 9 .0242003
1012809 9 .0214443
1012813 9 .0156837
1012816 9 .0196879
1012821 9 .0221592
1012827 9 .0253994
1012830 9 .0170583
1012833 9 .0133078
1012836 9 .0489313
1012839 9 .103547
1012842 9 .0371782
1012845 9 .0494934
1012849 9 .0450893
1012853 9 .0598379
1012857 9 .0366663
1012860 9 .040164
1012863 9 .0274636
1012866 9 .0282944
1012869 9 .0359566
1012872 9 .0379582
1012875 9 .212478
1012878 9 .100725
1012881 9 .121723
1012884 9 .261475
1012887 9 .279975
1012890 9 .141049
1012893 9 .239493
1012896 9 .225329
1012899 9 .819506
1012902 9 .672408
1012905 9 .937186
1012945 9 .0296129
1013579 9 .0154178
1013714 9 .0157201
1013925 9 .0134729
1013933 9 .0174835
1014028 9 .0383439
1014253 9 .0129824
1014616 9 .309637
1014832 9 .0108666
1014941 9 .0142038
1015156 9 .0150884
1015397 10 .0118355
1015625 9 .0150236
1015682 9 .0102539
1015828 9 .0122433
1015915 9 .0172969
1019425 10 .00524025
1019441 10 .00539259
1019490 10 .0405392
1019518 10 .00555982
1019521 10 .0054525
1019524 10 .00484352
1019527 10 .0049299
1019530 10 .00523619
1019533 10 .00790806
1019536 10 .00736106
1019539 10 .00697603
1019542 10 .00681157
1019545 10 .00558889
1019548 10 .00671168
1019551 10 .00561309
1019554 10 .0060569
1019557 10 .0151129
1019560 10 .016677
1019563 10 .00894747
1019566 10 .010998
1019569 10 .00686766
1019572 10 .00845463
1019575 10 .0108971
1019578 10 .0319278
1019581 10 .171143
1019584 10 .0219855
1019587 10 .0138893
1019590 10 .0194783
1019593 10 .128528
1019596 10 .547238
1019607 10 .0071765
1019615 10 .00711705
1019703 10 .0107439
1019746 10 .0216925
1019827 10 .00817185
1019831 10 .00708322
1019835 10 .00910714
1019839 10 .0159468
1019842 10 .0109401
1019846 10 .0180376
1019849 10 .00983465
1019852 10 .00986824
1019855 10 .0334139
1019858 10 .0698382
1019862 10 .0371145
1019865 10 .0197166
1019868 10 .0200111
1019871 10 .0273697
1019874 10 .17985
1019877 10 .108107
1019880 10 .206806
1019883 10 .435931
1019886 10 2.1363
1020224 10 .0120502
1020317 10 .0746165
1020888 9 .470481
1020964 9 .0185324
1020999 10 .00549712
1021030 10 .00599396
1021100 10 .00562873
1021114 10 .00741774
1021182 10 .00615492
1021208 10 .00931221
1021243 10 .294446
1021359 9 .0306764
1021500 9 .051349
1021590 9 .0479314
1021854 9 .0273131
1021921 9 .0352409
1021990 10 .0198945
1022080 9 .0362998
1022170 10 .0169609
1022174 10 .0128069
1022179 10 .0125255
1022183 10 .0113419
1022186 10 .0151128
1022190 10 .0111835
1022193 10 .0109588
1022196 10 .0426098
1022199 10 .0646921
1022203 10 .0379206
1022207 10 .0314653
1022210 10 .0592487
1022213 10 .0344314
1022216 10 .0254075
1022219 10 .0320808
1022222 10 .0258644
1022225 10 .0325619
1022228 10 .224053
1022231 10 .182833
1022234 10 .442669
1022237 10 .339629
1022240 10 .140719
1022243 10 .773254
1022246 10 .524293
1022249 10 3.48542
1022365 9 .0527596
1022517 9 .0244375
1022618 9 .0179973
1023103 9 .0473158
1023109 9 .092003
1023113 9 .193036
1023116 9 .582604
1023120 9 .376003
1023125 9 .282732
1023128 9 .296941
1023131 9 .187001
1023135 9 .202876
1023138 9 .263257
1023143 9 .316716
1023147 9 1.52721
1023150 9 1.12711
1023153 9 1.43542
1023156 9 1.02873
1023159 9 .87176
1023163 9 2.70097
1023166 9 3.42913
1023169 9 14.2627
1024689 9 .0473473
1029716 9 .0138122
1029719 10 .0484394
1029723 9 .0326202
1029726 9 .0378416
1029729 10 .0619713
1029733 10 .046373
1029736 9 .029294
1029739 10 .0258394
1029742 9 .0555125
1029745 9 .11483
1029748 10 .183141
1029752 10 .146314
1029755 9 .101732
1029758 10 .0885865
1029761 10 .0960481
1029764 10 3.84538
1029767 9 .239398
1029770 10 .351734
1029773 10 4.25164
1029776 10 2.14342
1032438 9 .0499738
1033095 9 .0471936
1036638 9 .0351964
1036643 9 .0704583
1036647 9 .0434354
1036650 9 .0339427
1036654 9 .0427936
1036657 9 .0242887
1036660 9 .0288571
1036663 9 .0256368
1036667 9 .0297036
1036670 9 .24208
1036673 9 .181693
1036676 9 .176529
1036680 9 .376156
1036683 9 .301194
1036688 9 .213304
1036691 9 .239989
1036694 9 .173697
1036697 9 .173508
1036700 9 .0767363
1036703 9 .191968
1036706 9 .0973559
1036709 9 .663882
1036712 9 .536911
1036715 9 .887138
1036718 9 .974357
1036721 9 .525405
1036724 9 .531824
1036727 9 .299702
1036730 9 .691553
1036733 9 1.2284
1036736 9 2.28536
1036837 10 .0274149
1037408 9 .034402
1037412 9 .258182
1037646 9 .0300142
1040875 10 .0317572
1044057 9 .297227
1044202 9 .0521347
1044208 9 .0692332
1044211 9 .0278365
1044214 9 .0270514
1044217 9 .277177
1044221 9 .14053
1044225 9 .117192
1044228 9 .355478
1044231 9 .140992
1044234 9 .989967
1044237 9 .36068
1044240 9 .855081
1044243 9 2.65399
1044246 9 14.738
1044250 9 .0550694
1044254 9 2.60678
1044259 9 .0602058
1044263 10 .0361829
1044267 9 .0572087
1044271 9 .0326472
1044274 9 .0324923
1044277 9 .331135
1044281 9 .388313
1044284 9 .432415
1044288 9 .255476
1044291 9 .246794
1044294 9 .210832
1044297 9 .231013
1044300 9 .61922
1044303 9 .869581
1044306 9 .824203
1044309 9 .779493
1044312 9 .932782
1044315 9 2.96246
1050623 10 .00504491
1050632 10 .00558766
1050658 10 .00480791
1050661 10 .00507848
1050664 10 .0051765
1050667 10 .00531926
1050670 10 .00608937
1050673 10 .00610337
1050676 10 .00649496
1050679 10 .00653146
1050682 10 .00928779
1050685 10 .00627539
1050688 10 .00765085
1050691 10 .00759296
1050694 10 .00760897
1050697 10 .00983244
1050700 10 .0110549
1050703 10 .0126309
1050706 10 .0216328
1050709 10 .0305765
1050714 10 .0069742
1050718 10 .0100822
1050721 10 .0408318
1050736 10 .00677459
1050771 10 .00711708
1050824 10 .00862778
1050865 10 .00560524
1050939 10 .00707946
1051051 10 .00499814
1051054 10 .00498563
1051058 10 .00588343
1051062 10 .00642783
1051066 10 .0057989
1051069 10 .00803379
1051072 10 .00767474
1051075 10 .0136027
1051079 10 .00903376
1051082 10 .00971278
1051085 10 .00924369
1051088 10 .00997668
1051091 10 .0133712
1051094 10 .0464584
1051097 10 .0223663
1051100 10 .0910023
1051103 10 .0301528
1051106 10 .11592
1051109 10 .167665
1051112 10 .134
1051115 10 .00524168
1051126 10 .014511
1051154 10 .00942748
1051175 10 .00799223
1051178 10 .00817907
1051181 10 .112531
1051186 10 .0157624
1051189 10 .0137687
1051192 10 .0108143
1051195 10 .0940768
1051198 10 .105482
1051201 10 .129222
1051204 10 .0267631
1051207 10 .168646
1051210 10 .160034
1051243 10 .0155658
1051456 10 .141002
1051540 10 .0705579
1051566 10 .0275954
1051571 10 .0197045
1051574 10 .0408573
1051577 10 .242121
1051580 10 .240502
1051583 10 .327748
1051586 10 .531553
1051589 10 2.62235
1051850 10 .00623016
1051868 10 .00823796
1051895 10 .00581101
1051913 10 .00728192
1051936 10 .00547221
1051953 10 .0101433
1051970 10 .00488111
1051973 10 .00561096
1051976 10 .00548051
1051979 10 .00557265
1051982 10 .00554978
1051985 10 .00515453
1051988 10 .0058354
1051991 10 .005212
1051994 10 .00455138
1051997 10 .00505339
1052000 10 .00544848
1052003 10 .00888822
1052006 10 .00644978
1052009 10 .00646113
1052012 10 .00645187
1052015 10 .00703423
1052018 10 .00839499
1052021 10 .0116935
1052024 10 .0108862
1052027 10 .0104538
1052030 10 .00902719
1052033 10 .025162
1052036 10 .11418
1052040 10 .00797123
1052050 10 .00495471
1052055 10 .00579486
1052058 10 .00526212
1052061 10 .00486487
1052065 10 .00701319
1052068 10 .0084311
1052071 10 .0052479
1052074 10 .00641544
1052077 10 .0119564
1052080 10 .00897481
1052083 10 .0174231
1052086 10 .00842099
1052089 10 .118772
1052092 10 .26363
1052095 10 .00491202
1052098 10 .00538341
1052101 10 .00670431
1052104 10 .00677232
1052107 10 .0114344
1052110 10 .0122499
1052113 10 .052115
1052116 10 .00548547
1052120 10 .00628265
1052124 10 .00653293
1052127 10 .00609635
1052130 10 .00770317
1052133 10 .00609666
1052136 10 .00822891
1052139 10 .0136888
1052142 10 .00730341
1052145 10 .0153594
1052148 10 .0681037
1052167 10 .00887597
1052309 9 .00809644
1052419 10 .0157546
1052450 10 .00568387
1052453 10 .00495712
1052457 10 .00524835
1052462 10 .00585431
1052465 10 .00784843
1052468 10 .00701395
1052472 10 .0525558
1052476 10 .00665495
1052479 10 .00567975
1052482 10 .00682326
1052485 10 .00602524
1052488 10 .0164495
1052491 10 .01276
1052495 10 .016294
1052498 10 .011613
1052501 10 .00926305
1052504 10 .0130063
1052507 10 .00783401
1052510 10 .0302475
1052513 10 .074946
1052516 10 .0791449
1052519 10 .0294706
1052522 10 .234873
1052525 10 .227385
1052535 10 .00850158
1052590 10 .0124214
1052637 10 .123793
1052719 10 .0129724
1052744 10 .00523
1052748 10 .00841616
1052752 10 .00847263
1052755 10 .00605485
1052758 10 .00648216
1052761 10 .00594124
1052765 10 .0133267
1052768 10 .0166499
1052771 10 .0117705
1052774 10 .008638
1052777 10 .00813509
1052780 10 .102748
1052783 10 .0718908
1052786 10 .0155429
1052789 10 .0240098
1052792 10 .101345
1052795 10 .146474
1052803 10 .00837032
1052842 9 .0125168
1052905 10 .012238
1052930 10 .00786873
1052936 10 .00791306
1052940 10 .0060968
1052943 10 .00782017
1052946 10 .00696128
1052949 10 .0257006
1052953 10 .0182313
1052957 10 .0102883
1052960 10 .0106893
1052963 10 .0127215
1052966 10 .200774
1052969 10 .0583414
1052972 10 .0996384
1052975 10 .115773
1052978 10 .159485
1052981 10 .215891
1052985 10 .00953159
1053140 9 .123485
1053451 10 .0156702
1053459 10 .0920871
1053463 10 .0265751
1053467 10 .0310311
1053471 10 .0666748
1053474 10 .0425495
1053477 10 .132838
1053480 10 .0402632
1053483 10 .0244064
1053486 10 .199117
1053489 10 .135817
1053492 10 .193815
1053495 10 .181582
1053498 10 .646986
1053501 10 .951995
1053788 10 .00487295
1053791 10 .00523218
1053794 10 .00647702
1053797 10 .0106896
1053800 10 .00716921
1053805 10 .0121283
1053808 10 .00881333
1053811 10 .00869127
1053814 10 .0115486
1053817 10 .0110453
1053820 10 .0115625
1053823 10 .24145
1053826 10 .034177
1053829 10 .120034
1053832 10 .337481
1053836 10 .00650914
1053841 10 .00872243
1053845 10 .0113196
1053848 10 .0168913
1053851 10 .0575076
1053854 10 .0450148
1053857 10 .181025
1053860 10 .202994
1053863 10 .00861145
1053866 10 .0116053
1053870 10 .0160428
1053873 10 .134228
1053876 10 .148474
1053880 10 .0251089
1053883 10 .0275816
1053886 10 .0817227
1053889 10 .151684
1053892 10 .19069
1053895 10 .168927
1053898 10 .43558
1053901 10 .546864
1053906 10 .143689
1053910 10 .0412528
1053913 10 .37194
1053916 10 .249249
1053919 10 .792076
1053922 10 .177104
1053925 10 .550148
1053928 10 .33885
1053931 10 1.51138
1053934 10 .252363
1053938 10 .230562
1053941 10 .348047
1053944 10 .578851
1053947 10 1.33147
1053950 10 6.29986
1053953 10 1.76134
1053956 10 6.84625
1053959 10 13.8243
1054008 10 .00511366
1054011 10 .00490043
1054014 10 .00482053
1054017 10 .00577422
1054020 10 .0055303
1054023 10 .00580222
1054026 10 .00557565
1054029 10 .00607928
1054032 10 .00818868
1054035 10 .0064687
1054038 10 .00624189
1054041 10 .00578974
1054044 10 .00583013
1054047 10 .00641952
1054050 10 .00702673
1054053 10 .0108147
1054056 10 .00784366
1054059 10 .0140211
1054062 10 .00897462
1054065 10 .00941103
1054068 10 .0170058
1054071 10 .0270391
1054074 10 .0829989
1054077 10 .13396
1054080 10 .26546
1054083 10 .936967
1054196 10 .0203732
1054330 9 .0249091
1054488 10 .0130345
1054580 10 .006387
1054583 10 .00666816
1054586 10 .00759107
1054589 10 .0136186
1054593 10 .0124263
1054597 10 .0127357
1054600 10 .00978455
1054604 10 .00867872
1054607 10 .00990534
1054610 10 .00885877
1054613 10 .00922458
1054616 10 .0111919
1054619 10 .00695458
1054622 10 .055837
1054625 10 .0237172
1054628 10 .0343674
1054632 10 .0306905
1054635 10 .0230121
1054638 10 .0320527
1054641 10 .0205673
1054644 10 .0238403
1054647 10 .0161644
1054650 10 .140803
1054653 10 .147354
1054656 10 .0622059
1054659 10 .228117
1054662 10 .100277
1054665 10 .274249
1054668 10 .392004
1054671 10 .307844
1054674 10 2.37522
1054857 10 .0206249
1054879 10 .00623159
1054920 10 .00673802
1054944 10 .033123
1054997 10 .0159192
1055030 10 .00896725
1055033 10 .0148819
1055036 10 .00736594
1055041 10 .0206231
1055044 10 .0363471
1055047 10 .0216689
1055050 10 .416431
1055053 10 .333511
1055056 10 .0752018
1055059 10 .364688
1055062 10 .388241
1055109 10 .0133711
1055227 10 .0214641
1055272 10 .0117814
1055276 10 .0154123
1055279 10 .00835459
1055282 10 .0137966
1055285 10 .0132677
1055290 10 .0204351
1055293 10 .0420936
1055297 10 .011061
1055300 10 .038887
1055303 10 .0483185
1055306 10 .0245601
1055309 10 .0227891
1055312 10 .0700362
1055315 10 .277122
1055318 10 .153489
1055321 10 .290212
1055324 10 .0744914
1055327 10 .451432
1055330 10 .476474
1055333 10 2.72141
1055338 10 .0113144
1055342 10 .00806384
1055345 10 .0192682
1055348 10 .00928528
1055351 10 .0080131
1055354 10 .0358272
1055358 10 .0382294
1055361 10 .0179026
1055364 10 .0243584
1055367 10 .0338575
1055370 10 .0218075
1055373 10 .0865637
1055376 10 .0827904
1055379 10 .0684366
1055382 10 .464129
1055385 10 .552536
1056161 10 .129327
1056170 10 .404967
1056175 10 .171709
1056179 10 .139164
1056182 10 .0737887
1056185 10 .286104
1056188 10 .338479
1056191 10 .085846
1056194 10 .0755114
1056197 10 .0780105
1056200 10 .403511
1056203 10 .766524
1056206 10 .873469
1056209 10 .764722
1056212 10 .488645
1056215 10 .537647
1056218 10 2.78324
1056221 10 2.33078
1056751 10 .00683368
1056769 10 .00921822
1056794 10 .00597061
1056814 10 .00818476
1056843 10 .00988735
1057027 10 .0110066
1057698 10 .0586673
1058390 10 .124568
1058590 10 .00597709
1058593 10 .00522045
1058596 10 .00561411
1058600 10 .00565639
1058603 10 .0051788
1058607 10 .00730457
1058610 10 .00785667
1058613 10 .00766121
1058616 10 .00763891
1058620 10 .00829418
1058623 10 .00775251
1058626 10 .0079688
1058629 10 .0118852
1058632 10 .0115928
1058635 10 .0134844
1058638 10 .0105049
1058641 10 .0126955
1058645 10 .00945586
1058648 10 .0102443
1058651 10 .022607
1058654 10 .0277337
1058657 10 .0355669
1058660 10 .022904
1058663 10 .0206354
1058666 10 .0218983
1058669 10 .229907
1058672 10 .139091
1058676 10 .00562787
1058681 10 .0080933
1058684 10 .0106983
1058688 10 .0186323
1058691 10 .025004
1058694 10 .091508
1058697 10 .649429
1058701 10 .0127324
1058704 10 .0126203
1058708 10 .0253236
1058711 10 .213503
1058714 10 .0125858
1058717 10 .0203878
1058721 10 .150293
1058724 10 .0144854
1058727 10 .0132371
1058731 10 .0128649
1058734 10 .0136321
1058738 10 .0157436
1058741 10 .0137797
1058744 10 .0143133
1058747 10 .0648022
1058750 10 .0277191
1058753 10 .04311
1058756 10 .0285071
1058759 10 .0437871
1058762 10 .148805
1058765 10 .0325184
1058769 10 .0367318
1058772 10 .0430128
1058775 10 .036446
1058778 10 .159446
1058781 10 .0428786
1058784 10 .0364611
1058787 10 .0859386
1058790 10 .268874
1058793 10 .159351
1058796 10 .228416
1058799 10 .184912
1058802 10 .237222
1058805 10 .203901
1058808 10 .231488
1058811 10 .564267
1058814 10 .682995
1058817 10 .0107542
1058820 10 .0136935
1058824 10 .0132531
1058828 10 .0211854
1058833 10 .0555374
1058836 10 .142576
1058839 10 .0710376
1058843 10 .0251435
1058847 10 .0973847
1058850 10 .0306007
1058853 10 .0382235
1058856 10 .0711615
1058859 10 .534041
1058862 10 .253779
1058865 10 .199706
1058868 10 .225369
1058871 10 .227257
1058874 10 .565594
1058877 10 .58372
1058901 10 .0110465
1058929 10 .261767
1058968 10 .0106014
1058972 10 .0210678
1058977 10 .224409
1058980 10 .0528983
1058984 10 .0344406
1058988 10 .03415
1058991 10 .0394295
1058994 10 .0770376
1058997 10 .135238
1059000 10 .0838874
1059003 10 .319049
1059006 10 .731877
1059009 10 .686773
1059013 10 .00674805
1059016 10 .00712125
1059020 10 .0098379
1059025 10 .00994983
1059029 10 .00929967
1059032 10 .39648
1059035 10 .025577
1059039 10 .0258891
1059042 10 .031767
1059046 10 .0431876
1059049 10 .0607053
1059052 10 .176221
1059055 10 .159089
1059058 10 .116065
1059061 10 .248472
1059064 10 .332952
1059067 10 .0151464
1059072 10 .0147092
1059075 10 .0322994
1059079 10 .0608092
1059082 10 .0274115
1059085 10 .484284
1059088 10 .428908
1059091 10 .089418
1059094 10 .742197
1059098 10 .0137018
1059103 10 .0251547
1059107 10 .430328
1059110 10 .102345
1059113 10 .342486
1059116 10 3.52664
1059119 10 .0252968
1059123 10 .0307174
1059126 10 .0229341
1059129 10 .832997
1059133 10 .0541868
1059136 10 .0938301
1059139 10 .191001
1059142 10 .688245
1059145 10 .259495
1059149 10 .105941
1059152 10 .110549
1059156 10 .119108
1059159 10 .0898338
1059162 10 .0824768
1059165 10 .258828
1059168 10 1.24897
1059171 10 .235674
1059174 10 .966154
1059177 10 .33827
1059180 10 .344468
1059183 10 .881703
1059186 10 .355184
1059189 10 1.96827
1059192 10 1.97652
1059195 10 .0251826
1059198 10 .017056
1059202 10 .0243143
1059205 10 .0300142
1059209 10 .181416
1059212 10 .0794073
1059215 10 .953799
1059219 10 .11687
1059222 10 .0729864
1059226 10 .0903488
1059229 10 .611
1059232 10 .0730133
1059235 10 .757122
1059238 10 .285694
1059241 10 .323213
1059244 10 .4012
1059247 10 .730564
1059250 10 2.28191
1059253 10 1.54414
1059256 10 6.65369
1059259 10 .0714951
1059262 10 1.46251
1059266 10 .515944
1059269 10 .996996
1059272 10 .641093
1059275 10 .768346
1059278 10 1.04875
1059281 10 1.589
1059284 10 .146209
1059288 10 .297038
1059291 10 2.0297
1059294 10 .330922
1059297 10 .398878
1059300 10 .434464
1059303 10 2.902
1059306 10 6.75393
1059345 10 .026955
1059348 10 .0387394
1059356 10 .0816811
1059361 10 .0566304
1059364 10 .1152
1059367 10 .126323
1059370 10 .148025
1059373 10 1.74201
1059376 10 .093565
1059380 10 .157386
1059383 10 .0940746
1059386 10 .0966826
1059389 10 .0942231
1059392 10 .0992805
1059395 10 1.19383
1059398 10 .269671
1059401 10 .414118
1059404 10 .587405
1059407 10 .703082
1059410 10 .332435
1059413 10 .395811
1059416 10 .951163
1059419 10 1.71819
1059422 10 1.47332
1059425 10 7.50801
1059428 10 .119894
1059431 10 .252185
1059434 10 .179652
1059437 10 .640125
1059440 10 .960649
1059443 10 .65066
1059446 10 .464099
1059449 10 .596586
1059452 10 .531387
1059455 10 1.48779
1059458 10 1.63442
1059461 10 .0470544
1059464 10 .0581113
1059469 10 .797699
1059472 10 .0771303
1059475 10 .544591
1059478 10 .216206
1059482 10 .293238
1059486 10 .315575
1059489 10 .0864259
1059492 10 .286369
1059495 10 .611387
1059498 10 .637529
1059501 10 .411363
1059504 10 .276078
1059507 10 .893338
1059510 10 .924085
1059513 10 2.0515
1059516 10 2.89102
1059519 10 .101641
1059523 10 1.15785
1059527 10 1.25222
1059530 10 .531904
1059533 10 .32795
1059536 10 .388451
1059539 10 2.7137
1059542 10 2.33281
1059546 10 .653094
1059554 10 .0712524
1059558 10 .112245
1059561 10 .162169
1059565 10 .959241
1059568 10 1.31704
1059571 10 .347642
1059574 10 .440909
1059577 10 .354794
1059580 10 .893072
1059583 10 1.87463
1059586 10 .148746
1059590 10 .109005
1059593 10 .513431
1059596 10 .503835
1059599 10 2.42175
1059602 10 1.47346
1059605 10 .728159
1059608 10 .336909
1059611 10 .691612
1059614 10 2.63856
1059617 10 1.91049
1059620 10 1.9724
1059623 10 7.30416
1059626 10 6.05522
1059629 10 27.9606
1059632 10 .336209
1059635 10 .562302
1059638 10 1.05873
1059641 10 6.34603
1059644 10 4.41901
1059647 10 6.22485
1059650 10 4.13409
1059653 10 29.3691
1059656 10 4.55909
1059659 10 10.9453
1059662 10 .296712
1059665 10 4.7668
1059668 10 .394358
1059671 10 .248308
1059674 10 .518499
1059677 10 1.31393
1059680 10 3.28806
1059683 10 1.36556
1059686 10 2.65291
1059689 10 1.27742
1059692 10 2.30413
1059695 10 1.44899
1059698 10 6.343
1059701 10 5.19524
1059704 10 .328599
1059709 10 .383685
1059712 10 .504063
1059716 10 2.12822
1059719 10 1.62917
1059722 10 1.55887
1059725 10 1.01472
1059728 10 1.40811
1059731 10 1.36484
1059734 10 9.15015
1059737 10 11.1659
1059740 10 1.90374
1059743 10 2.45287
1059746 10 7.58296
1059749 10 33.4336
1059752 10 3.06273
1059755 10 4.81474
1059758 10 9.46219
1059761 10 .558061
1059764 10 .476116
1059767 10 3.70599
1059770 10 1.55092
1059773 10 2.13982
1059776 10 6.50761
1059779 10 4.91638
1059782 10 1.97197
1059785 10 22.2938
1059788 10 5.46937
1059791 10 4.75978
1059794 10 28.8799
1059797	ERROR	-9
1059800 10 6.75763
1059803 10 6.34656
1059806 10 19.2746
1059809	ERROR	-9
1060398 9 .0358337
1060401 9 .0401256
1060406 9 .144348
1060410 9 .0302072
1060415 9 .0878016
1060419 9 .0302049
1060423 9 .0337708
1060428 9 .0996447
1060434 9 .347769
1060437 9 .131713
1060440 9 .20234
1060443 9 .280829
1060448 9 .0848164
1060451 9 .301292
1060454 9 .199798
1060457 9 .177335
1060461 9 .238543
1060464 9 .199285
1060467 9 .197319
1060471 9 .253072
1060475 9 .0808099
1060480 9 .467546
1060483 9 .523845
1060486 9 1.04318
1060489 9 1.07275
1060492 9 .821805
1060495 9 .711577
1060498 9 .606082
1060502 9 .634826
1060505 9 2.45804
1060508 9 2.77777
1060633 10 .0308822
1060757 9 .0406931
1060881 9 .0153901
1061026 9 .0376843
1061094 10 .0282086
1061299 10 .0483744
1061434 9 .0876345
1061614 9 .223453
1062222 9 .716458
1062408 9 .300195
1062439 9 .77798
1062442 9 .366991
1062445 9 .441921
1062450 9 .322002
1062453 9 .424709
1062456 9 .975632
1062460 9 .614259
1062463 9 .366446
1062468 9 3.58912
1062471 9 1.80215
1062474 9 3.11676
1062477 9 2.87483
1062480 9 1.92231
1062483 9 2.33251
1062486 9 2.03598
1062490 9 2.62841
1062493 9 8.49516
1062496 9 9.53971
1062572 9 .282221
1062873 9 .355759
1063456 9 .0562204
1063529 9 1.56125
1063532 9 .0401932
1063536 9 .0331915
1063539 9 .0367391
1063542 9 .0403634
1063547 9 .0291374
1063550 9 .0310544
1063553 10 .0241884
1063556 9 .0431161
1063559 9 .252165
1063562 9 1.05443
1063565 9 .0970537
1063568 9 .152506
1063572 9 .100389
1063575 9 .198404
1063578 9 .17383
1063581 9 .247364
1063585 9 .0833142
1063588 9 .12223
1063591 9 .108465
1063594 9 .101192
1063597 9 .100429
1063600 9 .244668
1063603 9 .331732
1063606 9 .342449
1063609 9 .745982
1063612 9 .464668
1063615 9 .305711
1063618 9 .426106
1063621 9 2.30474
1063624 9 1.29675
1063627 9 2.76597
1063653 9 .125478
1063707 9 .0533702
1063814 9 .0713868
1063930 9 .185525
1064026 9 .0889241
1064107 9 1.3746
1064206 9 .630125
1064319 9 .127786
1064396 9 1.18506
1064483 9 .806075
1064486 9 1.11924
1064489 9 .88515
1064493 9 .485972
1064496 9 .982263
1064499 10 .158214
1064502 9 1.25094
1064505 9 1.95122
1064508 9 1.65878
1064511 9 3.37896
1064514 9 2.37754
1064517 9 1.77092
1064520 9 2.30672
1064523 9 4.85252
1064526 9 5.30347
1064529 9 8.49592
1064563 9 1.29373
1065148 9 .0915634
1065229 9 .112763
1065307 9 .0544754
1065546 9 .0759628
1065634 10 .0438831
1065716 9 .114595
1066043 9 .200707
1066157 9 2.00877
1066239 9 .214507
1066490 9 .267598
1066592 9 1.77547
1066595 9 .456938
1066598 9 .635015
1066602 9 .56794
1066606 9 .57376
1066611 9 .412132
1066614 9 2.33092
1066617 9 3.19415
1066620 9 3.02945
1066623 9 3.63204
1066626 9 3.09665
1066630 9 8.30495
1066633 9 8.91578
1066636 9 49.1709
1066767 9 2.68985
1067329 9 .157911
1068145 9 .0453234
1068148 9 .0282792
1068152 9 .0336529
1068156 9 .0564085
1068160 9 .0360888
1068164 9 .0315766
1068167 9 .0376272
1068170 10 .030787
1068173 9 .349592
1068176 9 .153869
1068179 9 .207737
1068183 9 .174112
1068186 9 .0939268
1068190 9 .191733
1068193 9 .142056
1068196 9 .106003
1068199 9 .227377
1068202 9 .449797
1068205 9 1.1161
1068208 9 1.16062
1068211 9 .801314
1068214 9 .725747
1068217 9 .658738
1068220 9 1.47926
1068223 9 2.02916
1068226 10 .0307739
1068229 10 .0408103
1068233 10 .0200807
1068237 10 .0193267
1068241 10 .0151904
1068244 10 .0206913
1068247 10 .0542562
1068250 10 .446312
1068254 10 .0719601
1068257 10 .0810078
1068260 10 .0860912
1068263 10 .390244
1068266 10 .348177
1068269 10 .830716
1068272 10 2.52745
1068275 10 8.15754
1068321 9 .129495
1068324 9 .188508
1068328 9 .114628
1068336 9 2.17744
1068339 9 .396783
1068342 9 .692493
1068345 9 1.72927
1068348 9 1.35313
1068353 9 .956152
1068356 9 .76457
1068360 9 .455384
1068368 9 1.10167
1068371 9 2.63673
1068374 9 .893913
1068377 9 1.4105
1068380 9 2.89239
1068383 9 1.63212
1068386 9 3.20806
1068390 9 1.77523
1068393 9 8.16788
1068396 9 9.49287
1068399 9 .0844472
1068402 9 .12077
1068407 9 .123574
1068411 9 .210614
1068415 9 .375576
1068418 9 .831734
1068421 9 .867932
1068426 9 .621708
1068429 9 .24666
1068434 9 .279331
1068439 9 .298824
1068443 9 2.30054
1068446 9 1.36189
1068449 9 1.31437
1068452 9 1.98673
1068455 9 2.12922
1068459 9 12.277
1068462 9 7.17699
1068465 9 28.8166
1068468 9 .100384
1068473 9 .739735
1068476 9 .405936
1068479 9 5.42164
1068482 9 1.12572
1068486 9 .468706
1068489 9 5.53248
1068492 9 1.05848
1068495 9 2.43347
1068498 9 1.94003
1068501 9 3.2907
1068504 9 8.76124
1068507 9 9.2912
1068510 9 39.1463
1068515 9 .368186
1068518 9 .40945
1068522 9 1.54386
1068525 9 9.74331
1068528 9 1.24336
1068531 9 2.81393
1068534 9 7.2708
1068537 9 2.78002
1068540 9 1.80018
1068543 9 3.35331
1068546 9 8.33467
1068549 9 6.63772
1068614 9 .914234
1068617 9 .780394
1068620 9 .492111
1068623 9 .289785
1068627 9 .386213
1068630 9 3.93445
1068633 9 3.84225
1068636 9 3.94293
1068639 9 2.23096
1068642 9 3.22773
1068645 9 1.71379
1068648 9 6.16132
1068651 9 9.38194
1068654 10 .323984
1068659 10 .322696
1068663 10 2.616
1068666 10 1.17695
1068669 10 2.42827
1068672 10 1.43992
1068675 10 4.72995
1068678 10 4.76536
1068704 9 3.36853
1068707 9 3.733
1068711 9 11.8903
1068714 9 3.0061
1068717 9 6.42952
1068721 9 17.6926
1068724 9 31.7626
1068727 9 6.36038
1068731 9 9.79393
1068734 9 13.3964
1068737 9 7.40502
1068741 9 30.3882
1068744 9 45.6197
1068747 9 1.26247
1068750 9 14.7534
1068753 9 39.2204
1068756	ERROR	-9
1068762 9 2.76579
1068765 9 8.07374
1068768 9 7.85405
1068771 9 8.26636
1068774 9 8.07818
1068777 9 5.47855
1068780 9 7.1213
1068784 9 7.62509
1068787 9 36.0242
1068790 9 39.1735
1068793 9 1.33118
1068798	ERROR	-9
1068801 9 8.7127
1068804 9 12.2862
1068807 9 10.6898
1068810 9 9.31344
1068814 9 7.24925
1068817 9 33.5379
1068820 9 33.2451
1068823 9 5.49299
1068826 9 13.2013
1068829 9 13.8594
1068832 9 8.04349
1068835 9 12.4019
1068838 9 46.9824
1068874	ERROR	-9
1068884	ERROR	-9
1069791 9 1.2498
1069794	ERROR	-9
1069800 9 2.58173
1069803 9 1.68306
1069806 10 .00953418
1069867 9 .193451
1069969 9 .868518
1070017 9 1.11035
1070123 9 .927102
1070126 9 .72015
1070131 10 .606384
1070134 9 3.13395
1070137 9 2.68124
1070140 9 2.82398
1070143 9 2.50055
1070146 9 9.60824
1070149 9 41.6809
1070403 9 1.18933
1070586 9 7.55997
1070763 9 2.05822
1071405 9 1.36737
1071586 9 1.77359
1072034 9 3.59521
1072132 9 2.35275
1072478 9 2.25468
1074541 9 .01492
1076918 9 .0119687
1085137 9 .0155377
1125721 9 .0857659
1125968 9 .0939681
1126491 9 .125741
1131084 9 .0832291
1131295 9 .921394
1131515 9 .0898833
1131808 9 .179418
1132491 9 .688937
1132889 9 .177714
1161561 9 .00838545
1173740 10 .00624057
1173764 10 .0089688
1173854 10 .0065905
1173859 10 .0063672
1173899 10 .00849124
1174330 9 .287646
1176127 9 .0833528
1177507 9 .0177327
1180382 9 .00890892
1182396 10 .0224953
1187622 9 .0275298
1187795 9 .037723
1198614 10 .00658735
1198633 10 .00647599
1198674 10 .00997415
1199023 9 .0161469
1199527 9 .0332614
1201067 9 .0933635
1201536 10 .00722492
1201587 10 .0164366
1201644 10 .0376221
1201954 10 .0824829
1202829 9 .0390935
1203257 10 .119806
1206387 10 .0316341
1207058 9 .0867815
1207571 10 .114696
1207768 10 .0252251
1208043 10 .0186784
1208229 10 .130358
1212811 10 .0226516
1213111 9 .0165252
1213666 10 .0118921
1214109 10 .0247041
1214696 10 .0372421
1252030 9 .160069
1252162 9 .219459
1252165 9 .21103
1252169 9 .392669
1252175 9 .0759473
1252178 9 .212911
1252181 9 .195565
1252185 9 .148197
1252188 9 .370284
1252191 9 .509452
1252195 9 .427963
1252198 9 .891076
1252204 9 .429136
1252207 9 .741268
1252210 9 .191836
1252213 9 .260357
1252216 9 1.46502
1252219 9 2.02999
1252222 9 1.48115
1252225 9 2.12605
1252228 9 1.30579
1252231 9 1.24112
1252234 9 6.18928
1252237 9 6.70516
1252313 10 .0945631
1259407 9 .0902337
1259627 9 1.73754
1259840 9 .107131
1273693 9 .155575
1274008 9 .270727
1274440 9 .216948
1274697 9 .0948342
1274907 9 .272036
1275137 9 .344661
1295423 10 .00937321
1295489 9 .0174516
1296884 10 .159421
1300688 10 .0430652
1316341 10 1.47869
1332295 9 .0376611
1332298 9 .0485794
1332301 9 .402752
1332305 9 .052857
1332310 9 .286596
1332313 9 .0300409
1332317 9 .0286087
1332320 9 .0254915
1332323 9 .0613131
1332327 9 .172705
1332330 9 .0405195
1332333 9 .0407012
1332336 9 .0447615
1332339 10 .0268887
1332342 9 .151664
1332346 9 .1254
1332349 9 .103575
1332352 9 .130482
1332356 9 .124399
1332359 9 .0805966
1332362 9 .521841
1332365 9 .615051
1332368 9 .171037
1332371 9 .439004
1332374 9 .162044
1332377 9 .107412
1332380 9 .133992
1332384 9 .133074
1332387 9 .405385
1332390 9 .136484
1332393 9 .114632
1332396 9 1.24491
1332399 9 .680657
1332402 9 .98929
1332405 9 .380631
1332408 9 .931696
1332411 9 .521001
1332414 9 .623856
1332417 9 .762178
1332420 9 .664302
1332423 9 .779668
1332426 9 2.76137
1332429 9 2.95942
1332432 9 10.626
1335743 9 .00741544
1335748 9 .00921486
1335752 9 1.92359
1335755 9 .0126493
1335761 9 .0105339
1335764 9 .0147944
1335767 9 .0159586
1335771 9 .0133162
1335774 9 .01715
1335777 9 .0195722
1335781 9 .0232373
1335785 9 .0193923
1335790 9 .0204905
1335794 9 .0198452
1335797 9 .0207003
1335800 9 .0163328
1335803 9 .0654116
1335806 9 .04261
1335809 9 .0540489
1335812 9 .0484562
1335816 9 .0546784
1335819 9 .0455061
1335822 9 .0349278
1335825 9 .0490056
1335828 9 .0372369
1335831 9 .0431801
1335834 9 .156464
1335837 9 .130496
1335840 9 .119864
1335843 9 .103908
1335846 9 .114348
1335849 9 .445379
1335852 9 .433343
1335855 9 .00798715
1335858 9 .00706876
1335862 9 .0089378
1335866 9 .00736591
1335869 9 .00657925
1335872 9 .00679707
1335876 9 .00743144
1335880 9 .00715226
1335883 9 .00670519
1335886 9 .00710214
1335891 9 .00632037
1335894 9 .0100704
1335897 9 .0150385
1335901 9 .0102316
1335904 9 .0116163
1335907 9 .0167235
1335911 9 .0130823
1335915 9 .0125554
1335919 9 .0151767
1335923 9 .011844
1335926 9 .0118816
1335929 9 .0140811
1335932 9 .0220028
1335936 9 .0158988
1335939 9 .0125801
1335942 9 .0151808
1335945 9 .0138188
1335948 9 .0150903
1335952 9 .012291
1335957 9 .0106167
1335960 9 .010747
1335963 9 .206313
1335966 9 .0710722
1335969 9 .0848555
1335972 9 .0824658
1335976 9 .0369653
1335979 9 .0327944
1335982 9 .102126
1335985 9 .0539741
1335988 9 .0835603
1335991 9 .0308493
1335994 9 .0994057
1335997 9 .0396776
1336000 9 .0339892
1336003 9 .0419155
1336007 9 .036657
1336010 9 .0978913
1336013 9 .0414807
1336016 9 .0358472
1336019 9 .178261
1336022 9 .162164
1336025 9 .2741
1336028 9 .232557
1336031 9 .178125
1336034 9 .213498
1336037 9 .079131
1336040 9 .198836
1336043 9 .168424
1336046 9 .473491
1336049 9 .553215
1336052 9 .581373
1336153 9 .00734764
1336617 9 .0120013
1337451 9 .021905
1337880 9 .039511
1338627 9 .0304381
1339281 9 .0400142
1339593 9 .102601
1339906 9 .0214294
1340229 9 .0362616
1340232 9 .101077
1340235 9 .117153
1340239 9 .109505
1340244 9 .0447498
1340248 9 .111429
1340252 9 .112789
1340256 9 .102352
1340259 9 .102571
1340262 9 .0400517
1340267 9 .0553184
1340270 9 .109816
1340273 9 .379416
1340277 9 .537955
1340280 9 .309344
1340283 9 .161369
1340287 9 .172087
1340290 9 .278018
1340293 9 .0929937
1340296 9 .326953
1340299 9 .227063
1340302 9 .113561
1340305 9 .329586
1340308 9 .120927
1340311 9 .287824
1340315 9 .269378
1340318 9 .0876957
1340321 9 .227172
1340324 9 .185459
1340327 9 .226832
1340330 9 .82293
1340333 9 1.09798
1340336 9 .665358
1340339 9 .970907
1340342 9 .813086
1340345 9 .76943
1340348 9 .731008
1340351 9 .649884
1340354 9 .808536
1340357 9 3.97201
1340360 9 2.35495
1340363 9 2.35369
1340451 9 .0327965
1340454 9 .0375831
1340459 9 .0634254
1340467 9 .0383571
1340470 9 .0299165
1340473 9 .0424947
1340476 9 .0232755
1340479 9 .0808358
1340482 9 .0739328
1340485 9 .097185
1340489 9 .528238
1340494 9 .160338
1340497 9 .238123
1340500 9 .227622
1340504 9 .199764
1340507 9 .208821
1340510 9 .456727
1340513 9 .252388
1340516 9 .287623
1340519 9 .313109
1340522 9 .26607
1340525 9 .0595322
1340528 9 .397939
1340532 9 .113798
1340535 9 .101584
1340538 9 .0759343
1340541 9 .282981
1340544 9 1.68691
1340547 9 .552934
1340550 9 .591001
1340553 9 .488151
1340556 9 .75984
1340559 9 .707975
1340562 9 .387058
1340565 9 .755381
1340568 9 .783583
1340571 9 .681415
1340574 9 2.20717
1340577 9 2.04744
1340580 9 10.9121
1344502 9 .108333
1347130 10 .00772426
1347301 10 .00750325
1347364 10 .00752739
1347373 10 .00811609
1347399 10 .0121687
1347447 10 1.89504
1347544 10 .00696303
1347786 10 .00671384
1347808 10 .00915391
1347825 10 .0114835
1347930 9 .0196298
1348395 9 .0208669
1348709 9 .0369076
1348938 9 .0272605
1349311 9 .0332712
1349763 9 .128012
1350079 9 .0294056
1350190 9 .0318757
1350455 9 .0525709
1350576 10 .0358315
1350683 9 .0328808
1350794 9 .0340625
1350936 9 .0789705
1350939 9 .0517203
1350942 9 .205093
1350946 9 .096086
1350949 9 .125812
1350954 9 .12689
1350959 9 .105927
1350962 9 .0404315
1350965 9 .282728
1350968 9 .347003
1350971 9 .362729
1350974 9 .376919
1350978 9 .348878
1350981 9 .387889
1350984 9 .198469
1350987 9 .287723
1350990 9 .314076
1350993 9 .200008
1350997 9 .384583
1351000 9 .10524
1351003 9 .245945
1351006 9 .65121
1351009 9 1.07421
1351012 9 .643521
1351015 9 .912841
1351018 9 1.04403
1351021 9 .714889
1351024 9 .922322
1351027 9 2.57636
1351030 9 2.59512
1351033 9 2.75297
1351037 9 .0212661
1351041 9 .0556492
1351044 9 .710452
1351049 9 .0914814
1351052 9 .0639421
1351057 9 .0513477
1351061 9 .595481
1351065 9 .0830402
1351068 9 .043833
1351072 10 .0311028
1351076 9 .0432973
1351079 9 .136224
1351082 9 .0798334
1351085 9 .130394
1351089 9 .0893642
1351092 9 .0976871
1351095 9 .104685
1351098 9 .0551555
1351101 9 .131288
1351105 9 .108622
1351108 9 .221498
1351112 9 .229954
1351115 9 .331445
1351118 9 .398501
1351122 9 .357448
1351125 9 .372037
1351128 9 .220498
1351131 9 .308235
1351134 9 .315899
1351137 9 .2426
1351140 9 .28455
1351143 9 .294261
1351146 9 .282341
1351149 9 .301038
1351153 9 .276896
1351156 9 .243958
1351159 9 .254577
1351162 9 .265267
1351165 9 .272971
1351168 9 .289507
1351171 9 .989065
1351174 9 .92503
1351177 9 .947711
1351180 9 1.00264
1351183 9 1.19544
1351186 9 1.07539
1351189 9 1.04632
1351192 9 .918335
1351195 9 1.16199
1351198 9 2.64669
1351201 9 3.17344
1351204 9 4.28526
1351226 9 .0345439
1355152 9 .0090697
1355160 9 .0135186
1355163 9 .0278717
1355167 9 .0211439
1355173 9 .0181222
1355176 9 .0311499
1355184 9 .0201711
1355187 9 .0362279
1355190 9 .0322779
1355194 9 .117277
1355197 9 .123617
1355200 9 .0763135
1355204 9 .0370454
1355208 9 .118704
1355211 9 .142648
1355214 9 .159392
1355217 9 .324215
1355220 9 .472855
1355223 9 .257873
1355226 9 .509758
1355229 9 .536221
1355232 9 2.34544
1355837 9 .033015
1355840 9 .548957
1355845 9 .0644473
1355849 9 .420103
1355853 9 .116661
1355856 9 .134753
1355860 9 .0730585
1355863 9 .137546
1355866 9 .224613
1355869 9 .108801
1355873 9 .132389
1355876 9 .87516
1355879 9 .944646
1355882 9 .91637
1355885 9 .669761
1355888 9 .902296
1355891 9 2.94409
1355894 9 3.15164
1357788 10 .00729137
1357845 10 .00660936
1357848 10 .00741558
1357851 10 .00680468
1357854 10 .00830074
1357858 10 .00987394
1357861 10 .0136306
1357864 10 .00935079
1357868 10 .0194017
1357871 10 .0135349
1357874 10 .0117595
1357877 10 .0189923
1357881 10 .0120029
1357884 10 .0192271
1357887 10 .0211277
1357890 10 .0400056
1357893 10 .0214302
1357896 10 .028782
1357899 10 .0300918
1357903 10 .0232516
1357906 10 .0575894
1357909 10 .0474624
1357912 10 .370239
1357915 10 .114177
1357918 10 .253304
1357921 10 .283545
1357924 10 1.88568
1358078 10 .0321226
1358186 9 .0481207
1358189 9 .414802
1358193 9 .0331341
1358198 9 .0775632
1358201 9 .328414
1358204 9 .103958
1358208 9 .164653
1358211 9 .311712
1358214 9 .0696703
1358218 9 .109087
1358221 9 .11196
1358225 9 .0933542
1358228 9 .281169
1358231 9 .51853
1358234 9 .264441
1358237 9 .386759
1358240 9 .328545
1358243 9 .363659
1358246 9 2.13095
1358249 9 2.05295
1358750 9 .0859364
1359461 9 .0322189
1359756 9 .842338
1359759 9 .0571165
1359766 9 .0621504
1359769 9 .538865
1359773 9 .083882
1359777 9 .119188
1359780 9 .512983
1359784 9 .325302
1359788 9 .0883014
1359791 9 .131551
1359794 9 .190764
1359798 9 .149306
1359802 9 .140058
1359805 9 .167935
1359808 9 1.22567
1359811 9 .568546
1359814 9 1.11752
1359817 9 1.00344
1359820 9 .764399
1359823 9 2.29801
1359826 9 2.56635
1359829 9 12.4197
1359833 9 .041823
1359837 9 .0562812
1359842 9 .0596581
1359846 9 .0319191
1359849 9 1.37859
1359852 9 .0393574
1359856 9 .159988
1359859 9 .198712
1359862 9 .158836
1359866 9 .103188
1359869 9 .153186
1359872 9 .185501
1359876 9 .136614
1359880 9 .137086
1359883 9 .17264
1359886 9 .642333
1359889 9 .881318
1359892 9 .931707
1359895 9 .604544
1359898 9 .43383
1359901 9 1.58198
1359904 9 1.60804
1359907 9 10.7551
1361097 9 .00889063
1361154 9 .0193162
1361520 9 .0355193
1361654 9 .0298906
1362160 10 .0210922
1362220 10 .0888599
1364402 9 .0193474
1364405 9 .0279331
1364408 9 .0291578
1364412 9 .0276696
1364415 9 .0319588
1364418 9 .0238429
1364421 9 .0272443
1364424 9 .0338983
1364428 9 .0419352
1364431 9 .162915
1364434 9 .0928852
1364437 9 .0893002
1364440 9 .145168
1364443 9 2.22046
1364446 9 .157385
1364450 9 .142977
1364453 9 .225011
1364456 9 .17895
1364459 9 .332101
1364462 9 .51045
1364465 9 .553432
1364468 9 .831961
1364471 9 .716102
1364474 9 .761869
1364477 9 3.33338
1364480 9 3.66317
1364483 9 .0184036
1364486 9 .0345589
1364491 9 .0508959
1364494 9 1.15798
1364498 9 .0605021
1364501 9 .0838258
1364504 9 .0922338
1364508 9 .0396153
1364512 9 .0799952
1364517 9 .0558449
1364520 9 .171737
1364523 9 .138008
1364526 9 .243635
1364529 9 .406689
1364533 9 .205859
1364536 9 .363011
1364539 9 .183949
1364543 9 .171623
1364546 9 .377434
1364549 9 .218285
1364553 9 .231073
1364556 9 .192235
1364559 9 .682392
1364562 9 1.02096
1364565 9 .404904
1364568 9 .421889
1364571 9 .650597
1364574 9 .52239
1364577 9 1.56574
1364580 9 .558925
1364583 9 3.55666
1364586 9 2.69271
1364596 10 .0287523
1364667 9 .104215
1364670 9 1.25248
1364673 9 .442356
1364676 9 1.00412
1364679 9 .579085
1364682 9 .406123
1364686 9 .64951
1364689 9 .638824
1364692 9 2.65745
1364695 9 3.77942
1364698 9 2.82061
1364701 9 2.33704
1364704 9 2.58781
1364707 9 1.66961
1364710 9 3.31871
1364713 9 12.2606
1364716 9 8.26025
1364719 9 9.71964
1364722 9 .280475
1364725 9 .334833
1364729 9 .443366
1364732 9 4.91293
1364735 9 4.24221
1364738 9 1.90312
1364741 9 7.37662
1364765 9 .734816
1364768 9 1.62798
1364772 9 .624687
1364775 9 .786709
1364778 9 .942009
1364781 9 .636593
1364784 9 .930522
1364788 9 .409492
1364791 9 .407597
1364794 9 .954534
1364797 9 .944192
1364801 9 .873902
1364804 9 1.81773
1364807 9 1.87356
1364810 9 2.77838
1364813 9 2.62099
1364816 9 2.51189
1364819 9 4.09022
1364822 9 2.47905
1364825 9 3.05727
1364828 9 2.08122
1364831 9 2.49369
1364834 9 12.0124
1364837 9 12.1877
1364840 9 51.8883
1364843 9 .136558
1364847 9 .536527
1364850 9 .740113
1364853 9 1.19076
1364857 9 1.19647
1364860 9 1.00312
1364864 9 1.05766
1364867 9 .812535
1364870 9 1.05144
1364873 9 2.43548
1364876 9 4.63705
1364879 9 3.17405
1364882 9 3.46874
1364885 9 3.51485
1364888 9 3.63246
1364891 9 3.57213
1364894 9 3.0003
1364897 9 15.5827
1364900 9 12.4309
1364926 10 .29476
1364959 9 .121379
1364962 9 4.29684
1364965 9 .458705
1364968 9 .837389
1364971 9 .658516
1364974 9 1.21916
1364977 9 .749154
1364980 9 .971013
1364983 9 .38037
1364986 9 2.32563
1364989 9 2.4532
1364992 9 2.65289
1364995 9 2.53822
1364998 9 3.43919
1365001 9 3.35103
1365004 9 3.28997
1365007 9 3.18854
1365010 9 13.7041
1365013 9 12.4769
1365016 9 .13619
1365019 9 .187727
1365023 9 4.07664
1365026 9 .634365
1365029 9 .488349
1365033 9 .334884
1365036 9 .78114
1365039 9 .58072
1365042 9 .707546
1365045 9 2.71415
1365048 9 2.47767
1365051 9 3.25195
1365054 9 4.0309
1365057 9 3.11114
1365060 9 9.65924
1365063 9 9.3435
1365066 9 67.5631
1365069 9 .186005
1365073 9 .684244
1365127	ERROR	-9
1365130 9 .22104
1365133 9 .597011
1365136 9 .82642
1365141 9 .981613
1365144 9 .877137
1365147 9 .942789
1365150 9 1.07387
1365154 9 .898274
1365157 9 1.03571
1365160 9 .750823
1365164 9 1.43737
1365167 9 .690009
1365170 9 .526152
1365173 9 5.01458
1365176 9 4.69972
1365179 9 3.79057
1365182 9 2.94581
1365185 9 9.49372
1365188 9 2.53152
1365191 9 3.6868
1365194 9 11.0434
1365197 9 8.32339
1365200 9 12.4654
1365204 9 .206202
1365208 9 .729424
1365212 9 1.01165
1365215 9 .729494
1365219 9 .895832
1365222 9 .84858
1365226 9 1.02687
1365229 9 1.11927
1365233 9 3.24981
1365236 9 4.03967
1365239 9 3.36924
1365242 9 3.40413
1365245 9 2.57245
1365248 9 3.50824
1365251 9 10.1282
1365254 9 12.8587
1365257 9 .64735
1365260 9 13.4602
1365263 9 26.369
1365291 9 57.1192
1365342	ERROR	-9
1365366 9 10.4629
1365369 9 9.81634
1365426	ERROR	-9
1365505	ERROR	-9
1365523 9 .038226
1365527 9 .045365
1365530 9 .129131
1365533 9 .0833383
1365537 9 .0407109
1365540 9 .104652
1365543 9 .0401972
1365546 9 .106194
1365552 9 .430442
1365555 9 .177496
1365558 9 .237303
1365561 9 .274881
1365564 9 .233708
1365567 9 .230309
1365570 9 .21327
1365574 9 .155784
1365577 9 .148679
1365580 9 .135953
1365583 9 .113662
1365586 9 .245827
1365589 9 .267893
1365592 9 .348628
1365595 9 .625457
1365598 9 .833246
1365601 9 .665314
1365604 9 .621367
1365607 9 .534446
1365610 9 .65388
1365613 9 .986043
1365616 9 2.19657
1365619 9 2.26491
1365622 9 .0243426
1365625 9 .0158686
1365631 9 .0204998
1365634 9 .0599483
1365638 9 .0411907
1365641 9 .0279493
1365644 9 .0921783
1365648 9 .0680883
1365654 9 .0260239
1365657 9 .102451
1365660 9 .0813688
1365723	ERROR	-9
1365806	ERROR	-9
1366041 9 .123593
1366044 9 .785307
1366047 9 1.25087
1366050 9 .935485
1366053 9 .74457
1366056 9 .785019
1366059 9 .52582
1366062 9 2.15475
1366065 9 2.16979
1366070 10 .0477074
1366075 10 .0286425
1366078 10 .0340299
1366081 10 .855438
1366084 10 .125597
1366089 10 .542793
1366093 10 .158833
1366096 10 .0950866
1366099 10 .107068
1366102 10 .234081
1366105 10 .826466
1366108 10 .269157
1366111 10 .202867
1366114 10 .365254
1366117 10 .73414
1366120 10 5.3272
1366197 9 .0694696
1366200 9 .312436
1366203 9 .152507
1366206 9 .184905
1366209 9 .513212
1366212 9 .262721
1366215 9 .323873
1366218 9 1.31309
1366221 9 .514378
1366224 9 1.41046
1366227 9 .985875
1366230 9 .708933
1366233 9 1.24355
1366237 9 .810812
1366240 9 .719662
1366243 9 .723896
1366246 9 .435044
1366249 9 .700011
1366252 9 .393818
1366255 9 .806725
1366258 9 .391626
1366261 9 1.84235
1366264 9 4.06727
1366267 9 3.54999
1366270 9 6.41913
1366273 9 1.85271
1366276 9 1.84243
1366279 9 1.98418
1366282 9 1.92889
1366285 9 2.22397
1366288 9 1.82866
1366291 9 6.33773
1366294	ERROR	-9
1366352 9 .591377
1366359 9 .319185
1366362 9 .676912
1366365 9 1.93392
1366370 9 .53818
1366373 9 1.02665
1366376 9 .346488
1366379 9 .952658
1366382 9 .712937
1366385 9 .785246
1366388 9 2.86499
1366391 9 .682599
1366395 9 3.81477
1366398 9 .858927
1366401	ERROR	-9
1366435 9 .551308
1366438 9 2.02167
1366441 9 5.50964
1366444	ERROR	-9
1366516 9 2.02337
1366519	ERROR	-9
1366680 9 .436569
1366683 9 .817305
1366686 9 8.39547
1366691	ERROR	-9
1366757 9 2.56857
1366760	ERROR	-9
1366834	ERROR	-9
1366911	ERROR	-9
1366988	ERROR	-9
1367067	ERROR	-9
1367148	ERROR	-9
1367227	ERROR	-9
1367304	ERROR	-9
1367380	ERROR	-9
1367455	ERROR	-9
1367533	ERROR	-9
1394818	ERROR	-9
1632234 9 .037496
1638425 10 .00953261
1638702 9 .00805899
1639072 9 .0151349
1639796 10 .0828353
1644313 10 .138436
1645075 9 .0914206
1645330 9 .101557
1647544 9 .124916
1647799 9 .0960825
1648693 9 .0438966
1649467 10 .0389573
1654088 10 .0110742
1659808 9 .00840866
1660229 9 .00915979
1664058 9 .0811286
1664814 9 .0584197
1666249 9 .0353686
1667079 10 .0335641
1675009 10 .0127045
1675080 10 .00551752
1675083 10 .00661928
1675087 10 .00800721
1675090 10 .00736587
1675093 10 .00881818
1675097 10 .00867057
1675100 10 .00678208
1675103 10 .00604653
1675107 10 .00566563
1675110 10 .0058497
1675113 10 .00736039
1675116 10 .0400194
1675119 10 .0104136
1675123 10 .0138186
1675126 10 .0128981
1675129 10 .00848293
1675132 10 .0121417
1675136 10 .00997173
1675139 10 .00776353
1675142 10 .00755211
1675145 10 .00913241
1675148 10 .008372
1675151 10 .0205966
1675154 10 .0261488
1675157 10 .0795191
1675160 10 .0822406
1675164 10 .0342256
1675167 10 .0309369
1675170 10 .0198193
1675173 10 .0214491
1675176 10 .0193676
1675179 10 .0836892
1675182 10 .214233
1675185 10 .233565
1675188 10 .120004
1675191 10 .185399
1675194 10 1.18549
1675197 10 .430936
1675202 10 .00689077
1675232 10 .00667571
1675277 10 .00890083
1675449 10 .00993135
1675517 10 .0186392
1675523 10 .0169248
1675837 10 .0239742
1675969 10 .0140338
1675972 10 .0112241
1675975 10 .00999536
1675980 10 .0333817
1675983 10 .0503643
1675988 10 .0287953
1675991 10 .0334631
1675996 10 .0285216
1675999 10 .016062
1676002 10 .0187507
1676005 10 .0865907
1676008 10 .150769
1676013 10 .214729
1676016 10 .204166
1676019 10 .110599
1676022 10 .19013
1676025 10 .0701875
1676028 10 .189546
1676031 10 .233185
1676034 10 .406448
1676037 10 .6406
1676040 10 .299352
1676043 10 .502555
1676046 10 .390514
1676049 10 3.11224
1676052 10 1.40486
1676087 10 .0161508
1676465 10 .0304583
1676882 10 .0308334
1677010 10 .0327444
1677321 10 .233446
1679848 10 .0154131
1690059 9 .680887
1716219 9 .149857
1722023 9 .149143
1722028 9 .532728
1722032 9 .218773
1722035 9 .33034
1722038 9 .174177
1722043 9 .365411
1722048 9 .102087
1722051 9 .260639
1722054 9 .0935647
1722057 9 .0920065
1722060 9 .245552
1722064 9 .70197
1722067 9 1.03881
1722070 9 .866736
1722073 9 .887032
1722078 9 .284152
1722081 9 1.11944
1722086 9 .402678
1722089 9 .759928
1722092 9 .592603
1722095 9 .788986
1722098 9 .330418
1722101 9 .97069
1722104 9 .309213
1722107 9 .578038
1722110 9 .691387
1722113 9 .772947
1722116 9 .278647
1722119 9 1.57596
1722122 9 2.67853
1722125 9 3.58497
1722128 9 2.75549
1722131 9 2.60594
1722134 9 1.01556
1722137 9 3.10346
1722140 9 .990685
1722143 9 1.24657
1722146 9 8.59772
1722149 9 9.23315
1722152 9 7.83411
1722235 10 .0698757
1722784 9 .118598
1723553 9 .103066
1727608 10 .111544
1766899 10 .00572574
1766902 10 .00521306
1766905 10 .00523063
1766908 10 .00517311
1766911 10 .00635537
1766914 10 .00591603
1766917 10 .00666015
1766920 10 .0066042
1766923 10 .00577171
1766926 10 .00830561
1766929 10 .0119172
1766932 10 .0120411
1766935 10 .0776511
1766938 10 .0300066
1766941 10 .113599
1766944 10 .140107
1767373 10 .0195539
1768048 9 .108805
1792673 9 .0663022
1853298 9 .0515219
1855648 9 .35712
2012249 9 2.4192
2064998 9 .0185898
2070283 10 .0111839
2070307 10 .0270905
2070329 10 .0236002
2072040 10 1.91074
2256901 10 .00566574
2257154 9 .00622448
2258185 10 .00957959
2258359 10 .0106003
2259773 10 .0261905
2261375 10 .00497932
2261397 10 .0145597
2261499 10 .0197165
2261940 10 .0430441
2262071 10 .0198787
2262078 10 .0227131
2262220 10 .0178841
2262224 10 .0905786
2262228 10 .0717498
2262231 10 .147725
2262235 10 .210689
2262238 10 .097751
2262241 10 .152791
2262244 10 .294679
2262247 10 .206648
2262250 10 .256995
2262253 10 1.35383
2262337 10 .0263616
2262656 10 .371486
2276457 9 .26206
2284714 9 .0188289
2285064 9 .0127005
2285574 9 .0431629
2286947 9 .0345857
2288423 9 .0254442
2288608 9 .0449312
2293452 9 .0377759
2294550 9 .143802
2296197 9 .0811399
2298431 9 .0848993
2299057 9 .036054
2303918 10 .00754822
2303936 10 .0747538
2304005 10 .0113295
2304084 10 .0295881
2304919 9 .0602412
2306758 9 .0307307
2307861 10 .0134795
2307937 10 .174409
2309254 10 .465397
2311550 9 .046454
2312047 9 .170034
2312678 10 .0225933
2312818 9 .0625827
2313317 9 .0143403
2313882 10 .0309769
2313931 10 .232931
2314785 9 .0211731
2315106 10 .0240666
2315277 10 .040335
2315323 10 .120459
2316429 10 .0490494
2318061 9 .096109
2318642 9 .105006
2320296 10 .171081
2325119 9 .0197257
2329689 9 .0938349
2330392 10 .0402452
2330825 9 .0677295
2331340 9 .0380905
2331659 9 .0135329
2331663 9 .0160722
2331666 9 .0134086
2331671 9 .0547005
2331674 9 .0957042
2331678 9 .0432241
2331681 9 .044219
2331685 9 .125089
2331692 9 .0442193
2331696 9 .0383384
2331699 9 .0405659
2331702 9 .118897
2331706 9 .325343
2331709 9 .272535
2331712 9 .35654
2331717 9 .106042
2331720 9 .220927
2331723 9 .188543
2331726 9 .265769
2331729 9 .206638
2331732 9 .201395
2331736 9 .195458
2331739 9 .140724
2331742 9 .101335
2331745 9 .193153
2331748 9 .119542
2331751 9 .241097
2331754 9 .156796
2331757 9 .22986
2331760 9 .109636
2331763 9 1.30125
2331766 9 .528385
2331769 9 .721742
2331772 9 .649163
2331775 9 .615118
2331778 9 .772781
2331781 9 .56683
2331784 9 .598316
2331787 9 .615067
2331790 9 2.74518
2331793 9 2.30163
2331796 9 3.09578
2332267 9 .0631299
2334237 10 .857344
2334502 9 .0350541
2335149 10 .0375641
2342402 10 .0150167
2342660 9 .0423308
2344582 9 .0163774
2344794 9 .0449307
2347168 10 .0362395
2354253 10 .00721928
2354266 10 .550471
2354309 10 .0166154
2354406 9 .00838462
2354410 9 .00849878
2354414 10 .00726956
2354419 9 .007671
2354423 9 .00822171
2354427 9 .0101584
2354430 9 .00742123
2354433 9 .0151689
2354436 9 .0148772
2354440 9 .0207166
2354443 9 .0241145
2354446 9 .0130563
2354449 10 .0103481
2354452 9 .0165378
2354455 9 .0144804
2354459 9 .0534148
2354463 9 .014546
2354467 9 .0172625
2354471 9 .0156462
2354474 9 .0112306
2354477 9 .0136747
2354480 9 .0126157
2354483 9 .0885915
2354486 9 .0944034
2354489 9 .120007
2354492 9 .0319588
2354495 9 .116611
2354498 9 .106735
2354501 9 .0965674
2354504 9 .162718
2354508 9 .0876888
2354511 9 .106916
2354514 9 .0964249
2354517 9 .0263044
2354520 9 .0419551
2354523 9 .105157
2354526 9 .0989115
2354529 9 .258727
2354532 9 .238927
2354535 9 .160931
2354538 9 .214667
2354541 9 .218959
2354544 9 .179052
2354547 9 .87941
2354550 9 .541669
2354553 9 2.88077
2355569 9 .0172082
2357953 10 .00744822
2358074 10 .0063401
2358102 10 .00815694
2358109 10 .0106516
2358171 10 .0179118
2358186 10 .0161584
2358354 10 .0082539
2358392 10 .635847
2358447 10 .0316172
2358764 9 .0173707
2358940 9 .011381
2358943 9 .0138352
2358946 10 .0166573
2358949 9 .0352904
2358952 9 .0270884
2358955 10 .0555349
2358959 10 .134017
2358963 10 .080867
2358966 10 .045384
2358969 10 .114105
2358974 9 .0313923
2358977 9 .0995839
2358981 10 .0415191
2358984 9 .0942336
2358987 10 .189129
2358990 10 .191372
2358993 9 .25536
2358997 10 .35167
2359000 9 .177844
2359003 9 .229154
2359007 10 .226198
2359010 10 .18475
2359013 10 .263044
2359016 9 .110342
2359019 10 .196223
2359022 10 .101771
2359025 9 .831799
2359028 10 1.03406
2359031 10 .684969
2359034 10 .901316
2359037 9 .640638
2359040 10 .773034
2359043 10 4.65787
2359046 10 2.51265
2359049 10 12.9743
2359571 10 .0707053
2359728 10 .0345314
2359911 9 .0160605
2360212	ERROR	-9
2365514 10 .0373742
2365518 10 .0262969
2365521 10 .0279753
2365524 10 .198419
2365527 10 .337239
2365532 10 .302341
2365536 10 .223582
2365539 10 .245613
2365542 10 .272187
2365545 10 .154853
2365548 10 .0833346
2365551 10 .315398
2365554 10 .105125
2365557 10 .221032
2365560 10 .100281
2365563 10 .52144
2365566 10 .529881
2365569 10 .753663
2365572 10 .738555
2365575 10 .683132
2365578 10 .554032
2365581 10 .51723
2365584 10 .714083
2365587 10 2.53329
2365590 10 2.67873
2365766 9 .025571
2366053 10 .0340795
2366560 9 .0306842
2366698 10 .0359084
2375856 9 .207975
2387468 9 .229304
2387851 9 .240169
2387854 9 .207645
2387857 9 .134469
2387860 9 .207732
2387863 9 .0872824
2387867 9 1.10543
2387870 9 .885373
2387874 9 1.77334
2387877 9 .598853
2387880 9 .750067
2387883 9 .718868
2387886 9 .282271
2387889 9 .524656
2387892 9 .557861
2387895 9 .386816
2387898 9 2.41947
2387901 9 2.53619
2387904 9 2.97688
2387907 9 2.03346
2387910 9 1.37843
2387913 9 2.80816
2387916 9 8.14431
2387919	ERROR	-9
2406843 10 .0662068
2406846 10 .171192
2406849 10 .164467
2406852 10 .871849
2406855 10 .568038
2406858 9 .764555
2406861 9 .678773
2406864 10 1.06084
2406867 10 .719507
2406871 10 1.09735
2406874 9 .681244
2406877 9 .837246
2406882 10 .780616
2406885 10 .76447
2406888 10 1.55697
2406891 9 .295263
2406894 9 .229954
2406897 9 .814786
2406900 10 .581086
2406903 10 .509192
2406906 10 .683368
2406909 10 .296932
2406912 10 .400299
2406915 9 2.10006
2406918 10 5.9051
2406921 9 1.70466
2406924 10 3.05827
2406927 9 1.88913
2406930 9 1.67518
2406933 10 4.364
2406936 10 1.20817
2406939 10 2.3819
2406942 10 1.18575
2406945	ERROR	-9
2437028 9 .918267
2437032 9 .846236
2437035 9 .841789
2437041 9 .939541
2437044 9 .608134
2437047 9 .601186
2437050 9 .969085
2437053 9 .388655
2437056 9 .578979
2437059 9 5.89502
2437062	ERROR	-9
2437115 9 .221255
2437118 9 .204475
2437121 9 .247943
2437124 9 .961139
2437127 9 1.22481
2437130 9 2.65403
2437133 9 1.13115
2437136 9 1.49755
2437140 9 1.17602
2437144 9 .964911
2437149 9 5.86275
2437152 9 .562021
2437155 9 .94485
2437158 9 1.29263
2437161	ERROR	-9
2437194	ERROR	-9
2655443 9 1.75079
2655446 9 5.00342
2655450	ERROR	-9
2692451 9 1.00293
2743255 9 .181792
2752706 10 .0102311
2752718 10 .00911342
2752761 10 .0353539
2755489 9 .0550371
2756538 9 3.20297
2762430 10 .0241527
2762487 10 .0595891
2763333 10 .0449098
2763439 9 .160289
2764182 10 .0657163
2765051 10 .105934
2768177 9 .484052
2772253 9 3.34509
2799822 9 2.10043
2807312 10 2.64345
2807317 10 1.58733
2807320 10 .419166
2807323	ERROR	-9
2807342 10 1.5137
2807345 9 5.18405
2807348	ERROR	-9
2865825 9 2.29621
2866843 9 .966086
2875608	ERROR	-9
2929604 10 .0304134
2929607 10 .0377721
2929610 10 .0190943
2929613 10 .0295505
2929617 10 .0216204
2929620 10 3.82277
2929623 10 .075849
2929626 10 .149544
2929629 10 .189069
2929632 10 15.5706
2929635 10 .236537
2929639 10 .144082
2929642 10 .0551395
2929645 10 .44046
2929648	ERROR	-9
2995888 9 .0201205
3001252 9 .254534
3118550 10 .0134047
3118667 10 .398689
3120095 9 .0786845
3120098 9 .0786984
3120107 9 3.55979
3120112 9 .0193903
3120115 9 .0212972
3120122 9 .0410528
3120125 9 .136442
3120129 9 .221999
3120132 9 3.53842
3120137	ERROR	-9
3120184 9 .151694
3120187 9 4.12482
3120190	ERROR	-9
3121869 9 .356735
3121873	ERROR	-9
3121954	ERROR	-9
3126969	ERROR	-9
3128753	ERROR	-9
3128834	ERROR	-9
3128920	ERROR	-9
3129082	ERROR	-9
3129164	ERROR	-9
3129242	ERROR	-9
3129320	ERROR	-9
3129403	ERROR	-9
3129534	ERROR	-9
3129695	ERROR	-9
3129772	ERROR	-9
3129850	ERROR	-9
3129932	ERROR	-9
3130011	ERROR	-9
3130092	ERROR	-9
3130173	ERROR	-9
3130248	ERROR	-9
3130323	ERROR	-9
3130398	ERROR	-9
3130476	ERROR	-9
3131269	ERROR	-9
3131467 10 2.29955
3131470 10 5.71296
3131473 10 28.361
3136005 10 .534917
3139244 9 .242189
3140128 9 .207594
3140617 9 .363531
3140804 9 .420559
3145260 9 .257296
3148694 9 4.92209
3152886 9 .245358
3155118 9 .356526
3174493 9 .213729
3179298 10 .0566388
3184470 9 .00897177
3184703 9 .0120984
3186295 9 .0827855
3200726 10 .055804
3210254 9 .144833
3235442 9 .299008
3255307 9 .364963
3271481 10 .387221
3276417 9 .672613
3334944 9 .0149725
3339873 9 4.51103
3341231 10 .0121472
3341241 10 .00771931
3341253 10 .00803708
3341310 10 .0233085
3341334 10 .0201763
3341830 10 .199901
3344709 8 .0273549
3349892 10 .149829
3349930 10 .186787
3351188 10 .0225496
3372603 9 .569245
3385897 9 .720769
3391586 9 .801172
3413748 9 .0136727
3420796 10 .368556
3456020 9 3.33942
3631888 10 .00489161
3631937 10 .00811355
3631970 10 .010587
3632048 10 .0226063
3632125 10 .00721178
3632176 10 .00719791
3632180 10 .0062885
3632185 10 .00764177
3632188 10 .0050755
3632191 10 .0156071
3632195 10 .0204259
3632198 10 .01494
3632201 10 .0232361
3632204 10 .0391229
3632207 10 .0176757
3632210 10 .169392
3632213 10 .118949
3632216 10 .318584
3632219 10 .120089
3632222 10 .520447
3632225 10 3.67199
3632422 10 .297582
3632426 10 .0663814
3632429 10 .099266
3632432 10 .208301
3632435 10 .842252
3632438 10 1.74432
3632610 10 .006536
3632633 10 .00626859
3632685 10 .00746631
3632818 10 .00503174
3632833 10 .00583256
3632867 10 .00765561
3632894 10 .00696422
3632971 10 .00391582
3632989 10 .00326544
3632993 10 .00332636
3632997 10 .00428834
3633001 10 .00443382
3633004 10 .00367989
3633008 10 .00356602
3633011 10 .0134665
3633014 10 .00987044
3633018 10 .00708674
3633021 10 .00499033
3633024 10 .0116711
3633027 10 .115035
3633030 10 .159316
3633033 10 .0705545
3633036 10 .173796
3633039 10 .278986
3633042 10 .00315482
3633046 10 .00512102
3633049 10 .00599235
3633052 10 .00603542
3633055 10 .0058136
3633060 10 .00559895
3633064 10 .00509981
3633067 10 .00594952
3633070 10 .00565911
3633073 10 .00569695
3633076 10 .00656268
3633081 10 .00781464
3633084 10 .00638006
3633087 10 .0056179
3633090 10 .0332511
3633093 10 .00573045
3633096 10 .00601862
3633099 10 .00969551
3633102 10 .0115457
3633106 10 .0130227
3633109 10 .0160632
3633112 10 .0126232
3633115 10 .0101377
3633118 10 .0124265
3633121 10 .00854697
3633124 10 .0281489
3633127 10 .0868488
3633130 10 .0706799
3633133 10 .0350559
3633136 10 .237241
3633139 10 .241241
3633171 10 .00878811
3633288 9 .00935878
3633456 10 .0203584
3633533 10 .0102015
3633712 10 .00679157
3633812 9 .0108261
3633950 10 .0212819
3634006 10 .00667231
3634010 10 .00508079
3634013 10 .00733257
3634016 10 .00798222
3634024 10 .0101386
3634027 10 .00658376
3634030 10 .0102106
3634033 10 .00612336
3634036 10 .00821956
3634039 10 .00564645
3634042 10 .00581397
3634045 10 .00579158
3634048 10 .00690878
3634051 10 .00876729
3634054 10 .00582444
3634057 10 .012404
3634060 10 .0228599
3634065 10 .0199947
3634068 10 .086883
3634071 10 .102534
3634074 10 .0266606
3634077 10 .0253367
3634080 10 .0250053
3634083 10 .0276126
3634086 10 .0407227
3634089 10 .100024
3634092 10 .124321
3634095 10 .0221214
3634098 10 .30095
3634101 10 .13818
3634104 10 .182065
3634107 10 .213109
3634110 10 .276032
3634113 10 .178305
3634116 10 .220117
3634119 10 .611391
3634122 10 .862474
3634125 10 .712453
3634202 9 .0163837
3634401 10 .012705
3634460 10 .02418
3634557 10 .028766
3634594 10 .0133775
3634601 10 .0160953
3634606 10 .246391
3634609 10 .0109598
3634612 10 .00654325
3634615 10 .122781
3634619 10 .0442515
3634624 10 .0762205
3634627 10 .0487058
3634630 10 .0134199
3634633 10 .0163551
3634636 10 .0784838
3634639 10 .0269903
3634642 10 .152873
3634645 10 .105527
3634648 10 .322624
3634651 10 .300813
3634654 10 .307433
3634657 10 .595235
3634660 10 1.01008
3634663 10 .00853081
3634667 10 .00661565
3634670 10 .00677941
3634674 10 .295118
3634680 10 .0204028
3634683 10 .0119191
3634686 10 .00681102
3634689 10 .0136406
3634692 10 .00752686
3634695 10 .00852072
3634698 10 .00588188
3634701 10 .0908242
3634705 10 .0268778
3634708 10 .0190827
3634711 10 .0123319
3634714 10 .0722145
3634717 10 .0240055
3634720 10 .0636568
3634723 10 .0148372
3634726 10 .229564
3634729 10 .209754
3634732 10 .486066
3634735 10 .371436
3634738 10 .215203
3634741 10 .685109
3634744 10 1.35589
3634772 10 .019133
3635594 10 .0327715
3635604 10 .0300073
3635607 10 .563695
3635610 10 .0754373
3635615 10 .0705576
3635618 10 .15953
3635621 10 .148795
3635624 10 .106381
3635627 10 .205331
3635630 10 .282989
3635633 10 .167419
3635636 10 .767365
3635639 10 .433343
3635642 10 .887115
3635645 10 .814444
3635648 10 1.74933
3635651 10 2.71905
3636122 10 .0096235
3636259 10 1.06446
3636306 10 .045897
3636545 10 .103509
3636626 10 .106609
3636912 10 .0109449
3636915 10 .0239843
3636918 10 .0265019
3636922 10 .0203449
3636925 10 .649941
3636931 10 .0286369
3636934 10 .0444272
3636937 10 .0247212
3636940 10 .0232759
3636943 10 .0194735
3636946 10 .0225189
3636949 10 .0129438
3636952 10 .0996564
3636955 10 .0773457
3636959 10 .21502
3636962 10 .0779251
3636965 10 .127909
3636968 10 .151939
3636971 10 .0941644
3636974 10 .210058
3636977 10 .102693
3636980 10 .299972
3636983 10 .578309
3636986 10 .402528
3636989 10 .339224
3636992 10 .423516
3636995 10 .538382
3636998 10 1.89995
3637001 10 2.71438
3637068 10 .100533
3637268 10 .95518
3637367 10 .018585
3637375 10 .0158032
3637378 10 .0267617
3637381 10 .0257179
3637384 10 .0420122
3637387 10 .170617
3637392 10 .126751
3637395 10 .128258
3637398 10 .110499
3637401 10 .115364
3637404 10 .0490111
3637407 10 .0876491
3637410 10 .373259
3637413 10 .328116
3637416 10 .599657
3637419 10 .547025
3637422 10 1.59189
3637425 10 2.23099
3638390 10 .500513
3638399 10 .294722
3638405 10 .845235
3638408 10 .785254
3638411 10 .203636
3638414 10 .866292
3638417 10 .452284
3638420 10 .23994
3638423 10 .284948
3638426 10 .158511
3638429 10 1.68772
3638432 10 2.38094
3638435 10 2.70737
3638438 10 1.06442
3638441 10 2.05796
3638444 10 .972719
3638447 10 3.99775
3638450 10 8.97394
3639026 10 .00680954
3639068 10 .0107474
3639113 10 .0239301
3639219 9 .0134675
3639296 10 .00776886
3639299 9 .0204547
3639303 9 .0281915
3639309 9 .0177949
3639312 9 .0239395
3639316 9 .097049
3639319 9 .070488
3639323 9 .0362122
3639326 9 .035536
3639329 9 2.40086
3639333 9 .0499557
3639336 9 .0927862
3639339 9 .196452
3639342 9 .156091
3639345 9 .170453
3639348 9 .703686
3639351 9 2.55543
3639415 10 .00831592
3639785 9 .595591
3640207 10 .0120237
3642365 10 .00475045
3642396 10 .00459034
3642406 10 .00414031
3642437 10 .00705007
3642474 10 .00671331
3642608 9 .00918105
3642732 9 .0160862
3642808 10 .00497466
3642811 10 .00525335
3642814 10 .00426922
3642817 10 .00563797
3642820 10 .0102663
3642824 10 .00558961
3642827 10 .00643589
3642830 10 .00680288
3642833 10 .00802682
3642837 10 .00533539
3642840 10 .0177316
3642843 10 .0224556
3642846 10 .01874
3642849 10 .014109
3642852 10 .0739069
3642856 10 .0109274
3642859 10 .0103637
3642862 10 .111449
3642865 10 .116914
3642868 10 .480688
3642871 10 .133191
3642874 10 .140238
3642877 10 .444959
3642880 10 1.63442
3642992 9 .205851
3643201 10 .0208413
3643606 10 .0226397
3643778 10 .0247288
3643976 10 .020362
3643980 10 .488776
3643984 10 .0296515
3643989 10 .0238472
3643993 10 .0168412
3643997 10 .0716066
3644000 10 .0670848
3644004 10 .078477
3644007 10 .116187
3644010 10 .235821
3644013 10 .282478
3644017 10 .182998
3644020 10 .198662
3644023 10 .075843
3644026 10 .802982
3644029 10 .591879
3644032 10 .807458
3644035 10 .412289
3644038 10 .76503
3644041 10 .621054
3644044 10 3.31165
3644047 10 1.82314
3644050 9 .0198727
3644053 9 .077239
3644057 9 .83634
3644061 9 .0571547
3644065 9 .0336418
3644068 9 .0479237
3644071 9 .0408613
3644075 9 .0455697
3644080 10 .0143118
3644083 9 .0234995
3644086 10 .0137013
3644089 9 .416569
3644092 9 .232895
3644095 9 .310449
3644099 9 .109459
3644102 9 .434261
3644105 9 .0629044
3644108 9 .236287
3644111 9 .227762
3644115 9 .270442
3644118 9 .126176
3644121 9 .111321
3644124 9 .28083
3644127 9 .135689
3644130 9 .790983
3644133 9 .863906
3644136 9 .642155
3644139 9 1.47657
3644142 9 .564226
3644145 9 1.16174
3644148 9 .561497
3644151 9 .786809
3644154 9 1.79446
3644157 9 3.86739
3645674 10 .212378
3646613 10 .00948148
3646629 10 .0325307
3646650 10 .00866612
3646653 10 .139743
3646657 10 .0504963
3646660 10 .795787
3646663 10 .364022
3646666 10 .892077
3646687 10 .182955
3646747 10 .0279387
3646782 10 .0156959
3646785 10 .279973
3646789 10 .0432914
3646792 10 .018431
3646795 10 .31153
3646799 10 .162799
3646802 10 .0869987
3646805 10 1.59376
3646808 10 .960777
3646811 10 .788915
3646814 10 1.71979
3646892 10 .628441
3647090 10 .00418663
3647093 10 .00487263
3647097 10 .00681573
3647100 10 .479093
3647104 10 .0114616
3647107 10 .0414314
3647110 10 .0549212
3647113 10 .0131326
3647117 10 .0947826
3647120 10 .0359912
3647123 10 .20836
3647126 10 .143488
3647129 10 .556708
3647132 10 .557264
3647135 10 .00866346
3647138 10 .0175565
3647142 10 .252036
3647145 10 .0241368
3647149 10 .0315577
3647153 10 .211312
3647157 10 .0500519
3647160 10 .1158
3647163 10 .124792
3647167 10 .0578011
3647170 10 .0730534
3647173 10 .0718404
3647176 10 .0873534
3647179 10 .736462
3647182 10 .510576
3647185 10 .371325
3647188 10 .525189
3647191 10 3.14164
3647194 10 2.4381
3647203 10 .024489
3647223 10 1.15214
3647279 10 .0179436
3647284 10 .0428752
3647288 10 .0274671
3647291 10 .104283
3647295 10 .128174
3647298 10 .0853594
3647301 10 .156649
3647304 10 1.08809
3647307 10 .26119
3647310 10 .323258
3647313 10 .880197
3647316 10 7.53945
3647320 10 .0220448
3647325 10 .0278978
3647329 10 .0374616
3647332 10 .186342
3647335 10 .0707824
3647339 10 1.85527
3647343 10 .0987159
3647346 10 .181785
3647349 10 .0783302
3647352 10 .340224
3647355 10 .554347
3647358 10 .928548
3647361 10 .405863
3647364 10 1.13272
3647367 10 12.067
3647372 10 .0347273
3647375 10 .034675
3647380 10 .0216966
3647384 10 .095134
3647387 10 .180852
3647390 10 2.37831
3647394 10 .106737
3647397 10 .0797075
3647400 10 .071935
3647403 10 .134772
3647406 10 .346345
3647409 10 2.00706
3647412 10 .338641
3647415 10 .971326
3647418 10 2.90727
3647421 10 1.55889
3647427 10 .0250458
3647432 10 .0328366
3647437 10 .0439285
3647441 10 .315632
3647445 10 .251644
3647450 10 .181311
3647453 10 .286491
3647456 10 .173527
3647459 10 .430738
3647462 10 .657848
3647465 10 .943413
3647468 10 .61856
3647471 10 3.04951
3647474 10 15.1349
3647478 10 .354819
3647481 10 .256487
3647484 10 3.31705
3647488 10 .23199
3647492 10 4.93317
3647495 10 1.32477
3647498 10 1.20011
3647501 10 1.63121
3647504 10 3.49138
3647507 10 4.92806
3647519 10 .231883
3647542 10 .121382
3647547 10 .772504
3647550 10 .378551
3647554 10 .790233
3647557 10 1.00897
3647561 10 .405639
3647564 10 .280597
3647567 10 .8202
3647570 10 .442146
3647573 10 2.21488
3647576 10 2.91359
3647579 10 2.19632
3647582 10 2.89376
3647585 10 2.20834
3647588 10 2.97014
3647591 10 5.36921
3647594 10 10.8494
3647597 10 1.03734
3647602 10 .148584
3647605 10 .456808
3647608 10 .187081
3647611 10 3.29405
3647614 10 .451515
3647617 10 .303285
3647621 10 1.8597
3647626 10 .293628
3647629 10 .442298
3647632 10 .717966
3647635 10 1.92654
3647638 10 3.69735
3647641 10 2.02843
3647644 10 1.39872
3647647 10 2.75932
3647650 10 2.33259
3647653 10 2.08131
3647656 10 2.44225
3647659 10 7.98814
3647662 10 6.8346
3647665 10 .136912
3647669 10 2.87121
3647672 10 .42134
3647676 10 .430616
3647680 10 3.34293
3647683 10 1.73639
3647686 10 .918365
3647689 10 1.21745
3647692 10 10.4862
3647695 10 9.99688
3647698 10 .174881
3647706 10 .669233
3647709 10 4.3665
3647712 10 .342588
3647717 10 .876193
3647720 10 .805683
3647723 10 .882903
3647726 10 .721535
3647729 10 .680542
3647732 10 2.82038
3647735 10 3.22401
3647738 10 2.6971
3647741 10 2.66382
3647744 10 2.67081
3647747 10 3.18796
3647750 10 10.4892
3647753 10 15.6413
3647760 10 .223997
3647763 10 .306293
3647767 10 .604707
3647770 10 6.53852
3647773 10 4.35707
3647776 10 1.69517
3647779 10 3.21826
3647782 10 6.06125
3647785 10 .144511
3647789 10 .681194
3647792 10 .238361
3647795 10 .279532
3647799 10 .52416
3647802 10 .472004
3647805 10 .534661
3647808 10 3.48021
3647811 10 1.28709
3647814 10 2.025
3647817 10 1.41151
3647820 10 4.68601
3647823 10 7.2097
3647826 10 4.52409
3647829 10 5.75565
3647832 10 30.8955
3647835 10 1.38825
3647838 10 .929596
3647841 10 7.56797
3647844 10 7.48408
3647847 10 2.93183
3647850 10 3.17817
3647853 10 5.01979
3647856	ERROR	-9
3647871 10 6.45489
3647874 10 7.26324
3647877 10 29.3416
3647880 10 58.8071
3647884 10 1.05399
3647888 10 1.28964
3647891 10 1.91927
3647894	ERROR	-9
3647948 10 10.4988
3647951 10 5.47497
3647954 10 65.0934
3647957 10 62.1659
3647960 10 28.2299
3647963	ERROR	-9
3648029 10 .0100762
3648032 10 .0122497
3648035 10 .00778105
3648038 10 .0178766
3648041 10 .0541331
3648044 10 .023554
3648047 10 .0327714
3648051 10 .10295
3648054 10 .0494938
3648057 10 .0804207
3648060 10 .0179293
3648063 10 .216596
3648066 10 .111974
3648069 10 .367543
3648072 10 .308907
3648075 10 .745474
3648078 10 .901571
3648082 9 .0172797
3648085 9 .0183584
3648091 9 .26566
3648095 9 .0231793
3648098 9 .0203348
3648101 9 .0219694
3648104 9 .0320938
3648108 9 .0432136
3648111 9 .0398317
3648115 9 .0276144
3648119 9 .0339495
3648124 9 .0217739
3648127 9 .0802354
3648131 9 .0257395
3648134 9 .106775
3648139 9 .10188
3648142 9 .220157
3648145 9 .313409
3648148 9 .298116
3648151 9 .26204
3648155 9 .192132
3648158 9 .191898
3648161 9 .194385
3648164 9 .163112
3648167 9 .17227
3648170 9 .26514
3648173 9 .221789
3648177 9 .445801
3648180 9 1.56836
3648183 9 .729074
3648186 9 1.19719
3648189 9 .743883
3648192 9 1.14437
3648195 9 .884287
3648198 9 4.04361
3648201 9 40.4047
3648204 9 .01871
3648208 9 .0282313
3648212 9 .0745525
3648216 9 .0444889
3648219 9 .0424284
3648222 9 .0327942
3648225 9 .109008
3648229 9 .0859643
3648235 9 .0421167
3648239 9 .0903699
3648242 9 .204668
3648245 9 .135275
3648248 9 .265533
3648251 9 .835457
3648255 9 .153085
3648259 9 .0625628
3648262 9 .134093
3648265 9 .0944798
3648268 9 .107473
3648271 9 .113307
3648274 10 .0823124
3648277 9 .137616
3648280 9 .734604
3648283 9 1.82414
3648286 9 .523266
3648289 9 1.01474
3648292 9 .591766
3648295 9 .52177
3648298 9 .600562
3648301 9 4.77422
3648304 9 3.44031
3648307 9 3.81983
3648430 9 .0550377
3648436 9 .279578
3648440 9 .299542
3648444 9 .13053
3648447 9 .407962
3648450 9 2.28132
3648453 9 .401643
3648456 9 2.10907
3648459 9 10.1506
3648465 10 .00866871
3648534 9 .0580033
3648537 9 .0367532
3648543 9 .0371026
3648548 9 .0294846
3648552 9 .0211009
3648555 9 .0335575
3648558 9 .0465399
3648561 9 .157026
3648564 9 .204693
3648569 9 .385935
3648572 9 .504499
3648575 9 .586835
3648579 9 .251353
3648582 9 .310807
3648585 9 .110035
3648588 9 .284756
3648591 9 .171958
3648594 9 .126805
3648597 9 .250699
3648600 9 .136491
3648603 9 .984661
3648606 9 1.40333
3648609 9 .727929
3648612 9 .858127
3648615 9 .443608
3648618 9 .535771
3648621 9 .603247
3648624 9 1.56154
3648627 9 2.94281
3648630 9 14.882
3648634 9 .0413798
3648637 9 .0869865
3648640 9 .0163448
3648643 9 .030994
3648647 9 .115004
3648651 10 .0236242
3648654 9 .110928
3648659 9 .0251808
3648663 9 .0806736
3648666 9 .055791
3648669 9 .144564
3648673 9 .35476
3648676 9 .327631
3648679 9 .408839
3648682 9 .315474
3648686 9 .219864
3648689 9 .249812
3648692 9 .0997741
3648695 9 .225944
3648698 9 .316991
3648701 10 .0671047
3648704 9 .251049
3648707 9 .959717
3648710 9 1.44973
3648713 9 .64398
3648716 9 .654634
3648719 9 .883876
3648722 9 .650901
3648725 9 .65784
3648728 9 4.7185
3648731 9 2.90546
3648734 9 4.59571
3648738 9 .0602082
3648743 9 .0325265
3648746 9 .0338417
3648749 9 .0488176
3648752 9 .0552373
3648755 9 .0528536
3648759 9 .0630701
3648764 9 1.48663
3648768 9 .0697804
3648771 9 .0565099
3648775 9 .0754301
3648778 9 .0722277
3648782 9 .0508334
3648787 9 .0572578
3648791 9 .0415169
3648794 9 .89468
3648797 9 .0252265
3648800 9 .0314355
3648803 9 .0482448
3648806 9 .0511746
3648810 9 .0518706
3648813 10 .122927
3648816 9 .250898
3648819 9 .266679
3648823 9 .425021
3648826 9 .438043
3648829 9 .496103
3648832 9 .560656
3648835 9 .520028
3648838 9 .538176
3648842 9 .105818
3648845 9 .370673
3648848 9 .161562
3648851 9 .278705
3648854 9 .329216
3648857 9 .412439
3648860 9 .2019
3648863 9 .504953
3648866 10 .114942
3648869 9 .351705
3648872 9 .306966
3648876 9 .280422
3648879 9 1.39489
3648882 9 1.27429
3648885 9 .474632
3648888 9 .999491
3648891 9 .481756
3648894 9 1.02338
3648897 9 .918334
3648900 9 .931706
3648903 9 .882308
3648906 9 5.36736
3648909 9 4.06669
3648912 9 4.19465
3648915 10 .0189034
3648920 10 .00924579
3648923 10 .0128684
3648926 10 .0202087
3648934 10 .014829
3648937 10 .0241044
3648940 10 .0157877
3648944 10 .0168745
3648949 10 .0182092
3648952 10 .0148826
3648955 10 .165218
3648958 10 .0323935
3648961 10 .0733647
3648966 10 .0928964
3648969 10 .220441
3648972 10 .13184
3648976 10 .185851
3648979 10 .18112
3648982 10 .172962
3648985 10 .247331
3648988 10 .251936
3648991 10 .188658
3648994 10 .179752
3648997 10 .963198
3649000 10 .662961
3649003 10 .378239
3649006 10 .546303
3649009 10 .645431
3649012 10 .611091
3649015 10 .802153
3649018 10 2.57402
3649021 10 3.54508
3649024 10 3.1745
3649027 9 .0454547
3649031 9 .101437
3649035 9 .0935751
3649038 9 .114819
3649041 9 1.59939
3649045 9 .135837
3649049 9 .107019
3649052 9 .180274
3649055 9 .202768
3649058 9 .20594
3649061 9 .966081
3649064 9 1.3209
3649067 9 .758358
3649070 9 .905586
3649073 9 .685154
3649076 9 1.65308
3649079 9 2.59607
3649082 9 .0165489
3649085 9 .850991
3649089 9 .0540268
3649092 9 .0567014
3649095 9 .0368031
3649098 9 .0866212
3649102 9 .0505431
3649105 9 .0572884
3649109 10 .0259117
3649112 9 .28784
3649115 9 .343068
3649118 9 .463608
3649121 9 .40038
3649124 9 .318309
3649128 9 .128169
3649132 9 .153632
3649135 9 .202861
3649138 9 .0993349
3649141 9 .133609
3649144 9 .251711
3649147 9 .235969
3649150 9 .108619
3649153 9 .701638
3649156 9 1.54741
3649159 9 1.14862
3649162 9 .250805
3649165 9 .278569
3649168 9 .454826
3649171 9 .419265
3649174 9 .316126
3649177 9 1.79681
3649180 9 1.52293
3649183 9 .34231
3649188 9 .041398
3649193 9 .0314426
3649198 9 .665019
3649201 9 .160458
3649205 9 .0878102
3649208 9 .124594
3649211 9 .124937
3649214 9 1.44352
3649217 9 .495113
3649220 9 .980591
3649223 9 .782434
3649226 9 2.65935
3649229 9 14.2089
3649235 9 .0315065
3649238 9 .0306616
3649241 9 .029646
3649246 9 .0552673
3649249 9 .0316785
3649252 9 .0269665
3649258 9 .0176529
3649261 9 .0164427
3649264 9 .0213942
3649267 10 .0146672
3649270 9 .0202462
3649274 9 .155843
3649277 9 .131664
3649281 9 .243264
3649284 9 .32691
3649287 9 .20105
3649291 9 .157972
3649294 9 1.94795
3649297 9 .0850324
3649300 9 .18799
3649303 9 .224826
3649306 9 .16249
3649309 9 .186372
3649312 9 .210533
3649315 9 1.12482
3649318 9 1.60702
3649321 9 .583802
3649324 9 .807142
3649327 9 .479492
3649330 9 .79153
3649333 9 .623249
3649336 9 1.90748
3649339 9 3.34537
3649342 9 16.2642
3649349 10 .050497
3649352 10 .0267789
3649356 10 .107247
3649360 10 .157443
3649363 10 .110818
3649366 10 .0605166
3649369 10 3.84632
3649372 10 .418624
3649375 10 4.21076
3649386 10 .0172317
3649425 9 .333373
3649429 9 .139296
3649432 9 .278274
3649435 9 .525276
3649439 9 .473401
3649442 9 .741932
3649445 9 1.3288
3649448 9 1.93431
3649452 9 1.21115
3649456 9 .881431
3649459 9 .897135
3649462 9 .443592
3649466 9 2.11114
3649469 9 5.51732
3649472 9 1.85833
3649475 9 2.46727
3649478 9 2.25276
3649481 9 2.65998
3649484 9 1.46713
3649487 9 8.858
3649490 9 9.28742
3649493 9 2.58013
3649496 9 .612793
3649499 9 .558356
3649503 9 1.9689
3649506 9 2.14688
3649509 9 6.86
3649512 9 1.03717
3649515 9 3.43494
3649518 9 3.08131
3649521 9 20.6913
3649524 9 10.3263
3649527 9 44.8413
3649574 9 .256069
3649577 9 .147182
3649582 9 .128572
3649588 9 .500182
3649591 9 .326714
3649596 9 .842223
3649599 9 .67379
3649602 9 .915206
3649605 9 .68
3649608 9 .316085
3649612 9 5.33833
3649615 9 .307723
3649618 9 .375396
3649621 9 .332998
3649624 9 .383387
3649627 9 .432655
3649630 9 .670451
3649633 9 .947991
3649636 9 .759608
3649639 9 .738887
3649643 9 .613152
3649646 9 1.05087
3649649 9 4.47577
3649652 9 4.30416
3649655 9 3.28274
3649658 9 1.55024
3649661 9 3.17553
3649664 9 2.9178
3649667 9 2.69107
3649670 9 2.5485
3649673 9 3.35434
3649676 9 5.94879
3649679 9 12.0577
3649682 9 16.7579
3649686 9 .0944335
3649689 9 .789805
3649692 9 .287867
3649695 9 5.25356
3649698 9 .549524
3649701 9 .917721
3649705 9 .5563
3649709 9 .606937
3649712 9 3.39731
3649715 9 4.18202
3649718 9 1.61474
3649721 9 3.08548
3649724 9 1.66883
3649727 9 1.10728
3649730 9 4.0887
3649733 9 16.7892
3649736 9 8.68313
3649739 9 10.5097
3649743 9 .0599977
3649746 9 .511247
3649749 9 .286802
3649752 9 .560576
3649755 9 .546033
3649758 9 .741349
3649761 9 .499982
3649765 9 .344724
3649768 9 .238
3649771 9 1.87062
3649774 9 6.93321
3649777 9 1.19691
3649780 9 4.94711
3649783 9 1.02411
3649786 9 1.86564
3649789 9 2.25083
3649792 9 14.6289
3649795 9 9.14317
3649798 9 10.3747
3649801 9 .192467
3649805 9 .143081
3649808 9 .269041
3649811 9 .21029
3649814 9 .85452
3649817 9 .68942
3649820 9 .515786
3649823 9 .820377
3649826 9 .771834
3649829 9 5.10285
3649833 9 1.1525
3649836 9 2.8411
3649839 9 .439064
3649843 9 .265796
3649846 9 .334549
3649849 9 .272515
3649852 9 .421236
3649855 9 1.49015
3649858 9 .527069
3649861 9 .390591
3649864 9 .660301
3649868 9 3.61068
3649871 9 4.80767
3649874 9 1.92549
3649877 9 2.44735
3649880 9 2.51458
3649883 9 2.85182
3649886 9 1.65364
3649889 9 2.93442
3649892 9 3.87275
3649895 9 18.6211
3649898 9 13.261
3649901 9 16.4153
3649904 9 .500237
3649907 9 .39304
3649911 9 1.06606
3649914 9 2.13353
3649917 9 .975455
3649920 9 6.17587
3649923 9 5.3433
3649926 9 12.2016
3649929 9 .247071
3649932 9 .574095
3649935 9 .845026
3649939 9 .843317
3649942 9 .891853
3649945 9 5.48712
3649948 9 3.58045
3649951 9 3.42917
3649954 9 2.19412
3649957 9 3.45911
3649960 9 5.63294
3649963 9 11.2031
3649966 9 .203226
3649969 9 .469541
3649972 9 3.13703
3649976 9 .707518
3649979 9 .521513
3649982 9 4.05191
3649985 9 2.84469
3649988 9 1.23036
3649991 9 .927741
3649994 9 1.20032
3649997 9 .923964
3650000 9 6.92717
3650003 9 10.7196
3650010 9 .420447
3650014 9 .528235
3650019 9 .610985
3650022 9 .718303
3650025 9 .858178
3650029 9 .508133
3650032 9 .687338
3650035 9 .680933
3650038 9 .98934
3650041 9 .764551
3650044 9 4.35752
3650047 9 5.39054
3650050 9 1.98076
3650053 9 2.70611
3650056 9 3.06009
3650059 9 2.66675
3650062 9 2.87036
3650065 9 18.0602
3650068 9 11.2947
3650071 9 14.3741
3650078 9 .508798
3650082 9 .746996
3650085 9 .502209
3650088 9 .62007
3650091 9 .394699
3650095 9 .303009
3650098 9 .287388
3650101 9 5.28227
3650104 9 .38419
3650107 9 .822981
3650110 9 .894938
3650114 9 .688757
3650117 9 5.31166
3650120 9 3.84123
3650123 9 2.76328
3650126 9 1.45196
3650129 9 3.41671
3650132 9 3.42566
3650135 9 8.6753
3650138 9 15.0233
3650145 10 .289519
3650150 10 .237021
3650153 10 3.30783
3650157 10 .22713
3650160 10 .309125
3650163 10 .244973
3650166 10 .18532
3650169 10 4.44587
3650172 10 2.78452
3650175 10 1.70638
3650178 10 1.77789
3650181 10 1.25153
3650184 10 5.56798
3650187 10 14.1052
3650191 9 .829457
3650194 9 1.067
3650197 9 1.0992
3650201 9 4.27065
3650204 9 1.48409
3650207 9 2.25416
3650210 9 1.68684
3650213 9 8.80481
3650216 9 43.5289
3650219 9 .172718
3650223 9 .511608
3650226 9 .290157
3650229 9 .555198
3650232 9 .301011
3650235 9 7.04581
3650238 9 .402111
3650242 9 .216826
3650245 9 .300829
3650248 9 .2534
3650251 9 2.36086
3650254 9 6.87105
3650257 9 1.65559
3650260 9 2.93855
3650263 9 1.73832
3650266 9 2.80325
3650269 9 2.51502
3650272 9 6.46115
3650275 9 9.54746
3650278 9 46.0822
3650299 9 1.61749
3650302	ERROR	-9
3650362 9 44.2234
3650365	ERROR	-9
3650440 9 2.61696
3650443 9 3.72278
3650446 9 10.3505
3650449 9 14.6677
3650452 9 11.578
3650455 9 11.6317
3650458 9 6.17189
3650461 9 11.5127
3650464	ERROR	-9
3650515 9 17.5315
3650518 9 13.3746
3650521 9 11.4114
3650524 9 13.7269
3650527 9 12.9743
3650530 9 67.1846
3650533	ERROR	-9
3650590	ERROR	-9
3662542 9 .269624
3663019 9 .208605
3663143 9 .209266
3663471 9 .348958
3665802 10 1.8002
3667044 10 .26088
3667144 10 .0878321
3667253 10 .765307
3667352 10 .0545457
3667460 10 .0410583
3667464 10 .0297745
3667470 10 .0480408
3667473 10 .0266364
3667476 10 .0530376
3667479 10 .0291396
3667482 10 .272665
3667485 10 .149737
3667489 10 .358925
3667492 10 .780936
3667495 10 .511303
3667498 10 .337152
3667501 10 .435219
3667504 10 1.82123
3667507 10 2.58543
3667510 10 2.40403
3667513 10 1.56641
3667516 10 8.75703
3667519 10 14.3402
3667549 10 .104325
3667594 10 .291499
3667715 10 .347136
3667784 10 3.69736
3668404 10 1.39612
3668408 10 3.47311
3668411 10 .879389
3668414 10 5.24018
3668417 10 5.1888
3668420 10 4.78983
3668423 10 6.34394
3668426 10 5.80187
3668429 10 34.4973
3668432	ERROR	-9
3679688 10 .020285
3679752 10 .01513
3679798 10 .12821
3679883 10 .155942
3679901 10 .186229
3680027 10 .44808
3680069 10 .0413642
3680074 10 .130953
3680077 10 .307605
3680080 10 .170922
3680084 10 .542485
3680087 10 .465571
3680090 10 .328721
3680093 10 1.22
3680096 10 1.15651
3680099 10 1.49023
3680102 10 6.03272
3680138 10 .0616283
3680258 10 1.37851
3680366 10 1.76744
3680542 10 .871252
3680623 10 .171467
3680626 10 .548109
3680630 10 .983544
3680633 10 5.91768
3680636 10 6.20335
3680639 10 5.48545
3680642 10 27.9215
3680665 10 .718693
3688908 10 .256807
3689153 10 7.58945
3689433 10 7.13916
3689436 10 1.59586
3689439 10 20.1667
3689442 10 17.0212
3689445	ERROR	-9
4073985 10 3.95794
4164744 10 2.66677
4216772 10 1.39665
4392510 10 .0145393
4392564 10 .862161
4392773 10 .0204416
4392776 10 .0117272
4392780 10 .0298501
4392784 10 .0920563
4392787 10 .0670609
4392791 10 .599468
4392794 10 .0397504
4392797 10 .0681819
4392800 10 .206268
4392803 10 .329418
4392807 10 .234919
4392810 10 .112906
4392813 10 .0869001
4392816 10 .342411
4392819 10 .618017
4392822 10 .342966
4392825 10 1.99026
4392828 10 2.14707
4392831 10 11.7541
4393720 10 1.42223
4405417 9 .410886
4477531 9 .0167792
4478011 9 .0268318
4479499 9 .337942
4483383 9 .0449089
4484253 9 .223709
4496477 10 .133172
4497461 10 .235539
4498587 9 .251631
4509318 9 .532554
4512918 9 .160203
4513519 9 .211812
4523999 10 .52274
4541713 9 .53464
4541718 9 .62598
4541721 10 .70971
4541724 10 .666304
4541728 9 1.03952
4541731 10 1.45551
4541734 9 .950399
4541737 10 .803262
4541740 9 .820234
4541743 10 .348722
4541746 9 .297108
4541749 9 .58216
4541752 10 .415511
4541755 9 .497616
4541758 10 3.66719
4541761 10 3.43984
4541765 10 2.28971
4541769 10 1.68311
4541772 10 2.79534
4541775 9 3.25664
4541778 10 2.67338
4541781 10 2.92357
4541784 10 1.92455
4541787 9 1.6568
4541790 10 .82379
4541793 10 1.98451
4541796 9 1.20674
4541799 9 3.98227
4541802 10 11.2666
4541805 9 12.4603
4541808 10 13.675
4541811 9 9.46356
4541814 10 8.41444
4541817 9 13.0677
4541820 10 8.01091
4541823 10 31.5833
4541826 10 49.3821
4542879 9 .347729
4547381 9 .615933
4563734 9 1.22323
4565575 9 1.43931
4573852 9 .979534
4597978 9 .622444
4616540 9 .890099
4759046 10 .312837
4827083 9 1.19194
5129087 10 5.01975
5169764 9 1.87985
5204253 9 2.56656
5256463 10 .152083
5261173 10 .209898
5261470 10 .236393
5261474 10 .172675
5261478 10 .110511
5261481 10 .114442
5261484 10 1.88076
5261488 10 1.53161
5261492 10 1.54922
5261495 10 1.47631
5261498 10 .628226
5261501 10 9.60346
5261504 10 11.4597
5261507 10 2.67063
5261510 10 24.6173
5261513 10 19.0088
5266829 10 17.8453
5359898 9 1.89822
5556226 10 3.73399
6207141 10 .00306088
6207144 10 .00344261
6207147 10 .00574414
6207150 10 .0536475
6207153 10 .00327785
6207158 10 .00311272
6207161 10 .00381336
6207164 10 .00435443
6207168 10 .00440536
6207172 10 .00352597
6207175 10 .0035525
6207178 10 .00557975
6207181 10 .00734941
6207184 10 .00898123
6207188 10 .00739624
6207191 10 .00578605
6207194 10 .00556726
6207197 10 .0154816
6207200 10 .0234721
6207203 10 .0290118
6207206 10 .0187893
6207209 10 .25646
6207212 10 .0904723
6207215 10 .0048693
6207219 10 .00572289
6207222 10 .00539269
6207226 10 .00521642
6207229 10 .00568834
6207232 10 .00744378
6207235 10 .00650107
6207238 10 .00793195
6207242 10 .00624205
6207245 10 .0119848
6207248 10 .0143777
6207251 10 .0188032
6207254 10 .0142583
6207257 10 .0274176
6207260 10 .0556862
6207263 10 .0267465
6207266 10 .191212
6207269 10 .00768368
6207272 10 .0116681
6207275 10 .0586939
6207278 10 .152789
6207299 8 .0248532
6207332 10 .0200216
6207415 10 .0107344
6207460 10 .00749636
6207464 10 .0511039
6207468 10 .0140153
6207475 10 .0104036
6207478 10 .0140596
6207481 10 .0100183
6207484 10 .0119015
6207487 10 .0226453
6207490 10 .104926
6207494 8 .094209
6207497 10 .103642
6207500 10 .0265679
6207503 10 .117135
6207506 10 .0271361
6207509 10 .278878
6207512 10 .157484
6207515 10 .228338
6207518 10 .187977
6207521 10 1.16979
6207524 10 .405421
6207532 10 .281253
6207557 10 .00717682
6207561 10 .0112232
6207565 10 .00825395
6207568 10 .0344451
6207572 10 .0996244
6207575 10 .0233509
6207578 10 .132612
6207581 10 .129321
6207584 10 .220471
6207587 10 .712013
6207590 10 1.61559
6207749 10 .0331865
6207757 10 .546449
6207760 10 .535339
6207764 10 .122643
6207767 10 .0707082
6207770 10 .142616
6207773 10 1.34053
6207776 10 1.12107
6207779 10 .753315
6207782 10 1.77778
6207879 10 .00691798
6207888 10 .00663314
6207921 10 .011531
6207936 10 .00923912
6208026 10 .0061927
6208051 10 .00882744
6208089 10 .0127149
6208160 10 .00363718
6208599 10 .00349135
6208622 10 .00610314
6208783 9 .0273239
6209250 9 .0190278
6209307 9 .0124523
6209313 9 .167632
6209317 9 .0705716
6209322 9 .0944444
6209327 9 .0266957
6209331 9 .182356
6209334 9 .268524
6209337 9 .17546
6209341 9 .0796314
6209344 9 .296917
6209347 9 .146571
6209351 9 .201515
6209355 9 .167288
6209358 9 .0629501
6209361 9 .661996
6209364 9 .93632
6209367 9 .808546
6209370 9 .716289
6209373 9 .577329
6209376 9 .476873
6209379 9 2.75976
6209382 9 2.59528
6209674 9 .593364
6210030 9 .0269177
6212998 9 .0162832
6213736 10 1.22833
6214224 10 .00764652
6214227 10 .00703898
6214231 10 .0066814
6214234 10 .00945102
6214237 10 .0202167
6214241 10 .00919654
6214245 10 .00997083
6214248 10 .0123619
6214251 10 .00996565
6214254 10 .0574896
6214257 10 .0359126
6214260 10 .0275005
6214264 10 .0239224
6214267 10 .122873
6214270 10 .125553
6214273 10 .173022
6214276 10 .636028
6214280 10 .00620212
6214285 10 .00646242
6214288 10 .00606482
6214291 10 .00591356
6214294 10 .00900484
6214297 10 .0519308
6214301 10 .0116873
6214304 10 .0092428
6214309 10 .0151857
6214312 10 .0106242
6214315 10 .0125383
6214318 10 .229966
6214321 10 .0340983
6214324 10 .0262104
6214328 10 .0279031
6214331 10 .0950022
6214334 10 .185281
6214337 10 .276856
6214340 10 .190893
6214343 10 .233411
6214346 10 1.25264
6214349 10 3.20043
6214467 10 .0328326
6214617 10 .728757
6214743 10 .128438
6214852 8 .0633834
6214876 10 .0299926
6215194 8 .483264
6215259 10 .141756
6215263 10 .0276497
6215266 10 .201317
6215271 10 .0295634
6215276 10 .033022
6215282 10 .0323899
6215285 10 .0395693
6215288 10 .204973
6215291 10 .0913259
6215294 10 .231102
6215297 10 .213827
6215300 10 .201245
6215303 10 .198657
6215307 10 .0713018
6215310 10 .238228
6215313 10 .194313
6215316 10 .222012
6215319 10 .664931
6215322 10 .69365
6215325 10 .709513
6215328 10 1.00266
6215331 10 .726165
6215334 10 1.60981
6215337 10 1.80382
6215340 10 10.7745
6215422 10 .0506122
6215572 10 .0263107
6215685 10 .0241536
6215805 10 .0745721
6215909 10 .0668439
6215912 10 .0303513
6215916 8 .256343
6215919 10 .118049
6215923 10 .046557
6215926 10 .0682325
6215929 10 .559318
6215932 10 1.7588
6215935 10 .30601
6215938 10 1.15113
6215954 8 .0799719
6216075 10 .0581006
6216227 10 .104759
6216270 10 .0500555
6216277 10 .0329468
6216280 10 .0316305
6216283 10 .043931
6216287 10 .0329995
6216290 10 .0259165
6216293 10 .0197209
6216296 10 .386196
6216299 10 .124427
6216302 10 .331506
6216306 10 .0711428
6216309 10 .168713
6216312 10 .0562958
6216315 10 .0778783
6216318 10 .735906
6216321 10 .707362
6216324 10 1.04719
6216327 10 .584707
6216330 10 1.65898
6216333 10 2.18736
6216372 10 .0323651
6216468 10 .0286767
6216474 10 .0191679
6216477 10 .51154
6216481 10 .0145925
6216485 10 .0100093
6216488 10 .0222961
6216491 10 .528944
6216494 10 .0971141
6216497 10 .0863025
6216501 10 .029888
6216504 10 .121522
6216507 10 .0717832
6216510 10 .441038
6216513 10 .483451
6216516 10 .241043
6216519 10 1.72653
6216522 10 1.17022
6216556 10 .0512684
6217352 10 .706135
6217518 8 1.11696
6217582 10 .296131
6217585 8 1.05051
6217588 10 .411782
6217591 8 1.26077
6217594 10 .269794
6217597 10 .48909
6217600 10 1.1249
6217604 10 .414951
6217607 10 .830771
6217610 10 1.83138
6217613 10 2.84566
6217616 10 3.17143
6217619 10 3.66162
6217622 10 2.26946
6217625 10 5.74904
6217628 10 5.03412
6217631 10 35.1097
6217744 10 .208577
6218156 10 .00380757
6218159 10 .009888
6218162 10 .00817907
6218165 10 .00737785
6218168 10 .0061737
6218171 10 .0359118
6218174 10 4.0058
6218177 10 .0173749
6218180 10 .0128957
6218183 10 .0942565
6218186 10 .0464022
6218189 10 .359232
6218192 10 .16003
6218257 10 .0260483
6218261 10 .0283195
6218264 10 .0361908
6218267 10 .0862401
6218271 10 .129466
6218274 10 .150211
6218277 10 .855209
6218280 10 3.65285
6218283 10 3.20773
6218363 10 .936813
6219193 10 .103574
6224476 9 .093134
6224690 10 .907665
6224695 10 .120005
6224700 10 .831078
6224703 9 .140733
6224707 10 .0750746
6224710 10 .470278
6224713 9 .476394
6224716 10 .868086
6224721 9 .290056
6224725 10 .373271
6224728 10 .700775
6224731 10 2.51431
6224734 9 2.29845
6224737 10 3.27171
6224740 10 16.1965
6224743 10 14.3131
6225952 10 .102457
6226073 10 .130032
6226255 10 .0605639
6226259 10 .0666836
6226264 10 .0657763
6226267 10 .366144
6226270 10 .554059
6226273 10 .253648
6226276 10 .194511
6226279 10 1.60782
6226282 10 1.56851
6226285 10 13.2958
6226302 10 .14496
6226777 8 5.98409
6226780 10 3.42222
6226783 10 1.36575
6226786 10 8.5399
6226789 10 6.37679
6226792 10 9.0887
6226795 10 23.8288
6227152 10 .0971195
6227313 9 .154806
6227316 9 .133339
6227320 9 .159719
6227326 9 .114112
6227330 9 6.11004
6227333 9 .718542
6227336 9 .547175
6227340 9 .821532
6227344 9 4.37535
6227348 9 .575146
6227351 9 .496041
6227354 9 .533979
6227358 9 .567631
6227361 9 2.47308
6227364 9 2.98564
6227367 9 2.83702
6227370 9 2.42156
6227373 9 2.10028
6227376 9 2.49318
6227379 9 9.52863
6227382 9 9.0952
6232500 10 .243836
6237212 9 .132786
6255368 10 .416033
6255767 10 2.35243
6256422 10 .371313
6257281 9 .391934
6257737 9 2.00383
6273355 10 .0805796
6274146 9 .0906581
6274149 9 .180015
6274153 9 .134869
6274156 9 .111492
6274161 9 .595489
6274164 9 .223701
6274168 9 .1542
6274171 9 .1914
6274174 9 .134596
6274177 9 .203078
6274180 9 .981782
6274184 9 1.30372
6274187 9 .607016
6274190 9 .547817
6274194 9 .583909
6274197 9 .265661
6274200 9 .526782
6274203 9 .8729
6274206 9 .158259
6274209 9 .213465
6274212 9 .622311
6274215 9 .74205
6274218 9 .454071
6274221 9 .842024
6274225 9 .346597
6274228 9 .46854
6274231 9 .263683
6274234 9 .506299
6274237 9 2.2237
6274240 9 2.40781
6274243 9 3.74022
6274246 9 3.43219
6274249 9 1.99843
6274252 9 3.77863
6274255 9 1.8204
6274258 9 2.38376
6274261 9 1.93742
6274264 9 7.61865
6274267 9 5.35001
6274270 9 8.80499
6277937 10 .278261
6280832 9 .128604
6283162 10 .0400095
6283604 10 .102481
6283627 9 .233122
6283630 10 2.33091
6283634 10 .195727
6283638 9 .11157
6283641 9 .200035
6283645 10 .264003
6283650 10 .16115
6283654 9 .149471
6283657 10 1.63671
6283660 10 .134821
6283664 10 .632325
6283667 10 .680485
6283670 9 1.07982
6283673 9 .725029
6283677 10 .907007
6283680 10 1.02747
6283683 10 .434911
6283686 9 .698721
6283690 9 .721255
6283693 10 .552467
6283696 10 .907886
6283700 9 .271038
6283703 10 3.93251
6283706 10 3.3577
6283709 9 3.09579
6283712 10 3.04122
6283715 10 4.33962
6283718 10 .96772
6283721 10 9.92477
6283724 10 9.67507
6284935 9 .0230485
6285274 10 .0124178
6285888 9 .129811
6286219 10 .0901024
6287257 9 .20558
6288039 9 .140313
6288688 10 .0992664
6289669 9 .111102
6289673 10 .105985
6289676 9 .238319
6289679 10 .473443
6289682 10 .226839
6289686 9 .22786
6289690 10 .278707
6289695 10 .540059
6289698 9 .277111
6289701 9 .385502
6289704 10 .152745
6289708 9 .224382
6289711 10 .354904
6289714 9 .118223
6289717 10 .340833
6289720 10 .416576
6289724 9 .252081
6289727 10 .317751
6289730 9 .361281
6289733 10 .463013
6289736 9 .112677
6289739 10 .340744
6289742 9 .334347
6289745 9 .0865173
6289748 9 .0948144
6289751 9 .216854
6289754 10 1.25481
6289757 10 .970262
6289761 10 1.14926
6289764 10 1.01126
6289767 9 .807607
6289771 10 .691118
6289774 9 .494612
6289777 10 1.06481
6289780 10 .709799
6289783 9 .729104
6289786 10 1.26616
6289789 10 .771788
6289792 10 1.05497
6289795 9 1.18052
6289798 10 .458408
6289801 10 1.60226
6289804 10 .537475
6289807 10 .715199
6289810 9 1.01812
6289813 10 .669937
6289817 10 .900487
6289820 9 .794397
6289823 10 .349529
6289826 10 .455641
6289829 9 .671196
6289832 9 .5
6289835 10 .628823
6289838 10 5.42783
6289841 9 2.17806
6289844 10 3.82865
6289847 10 1.46473
6289850 10 3.931
6289853 10 1.81496
6289856 10 3.04523
6289859 9 1.49006
6289862 10 2.46915
6289865 9 2.44721
6289868 10 2.52909
6289871 10 2.53578
6289874 10 11.6816
6289877 10 8.74963
6289880 10 8.70628
6289883 10 56.3212
6297828 9 .125631
6299602 9 .0743796
6300767 10 .0931062
6301000 10 .0910729
6301398 9 .201115
6301705 9 .0840635
6303235 10 1.94314
6307020 10 .0175524
6307024 9 .434647
6307027 10 .0225472
6307031 9 .026204
6307034 10 .0247744
6307037 9 .0185683
6307040 10 .0206244
6307044 10 .018996
6307047 9 .0191541
6307052 9 .0184761
6307055 10 .0654595
6307058 10 .0403903
6307062 9 .0396207
6307065 9 .0496406
6307068 10 .0483456
6307071 10 .0510378
6307074 9 .0402523
6307077 10 .0297282
6307080 9 .0455483
6307084 9 .0436675
6307087 10 .0396253
6307091 9 .0501492
6307094 9 .14441
6307097 10 .196962
6307100 10 .157425
6307103 10 .16191
6307106 10 .323474
6307109 10 .309967
6307113 10 .311863
6307116 9 .270553
6307119 10 1.03477
6307122 10 1.46933
6307125 10 1.26512
6307128 10 1.16322
6307131 10 .852277
6307134 10 2.80478
6307137 9 .337623
6307140 9 .150442
6307143 9 .15857
6307146 9 .711065
6307150 9 .0831549
6307153 9 .58662
6307158 9 .110585
6307161 9 .292448
6307164 9 .669018
6307167 9 1.27871
6307170 9 .364315
6307174 9 .620754
6307177 9 .754214
6307181 9 .980718
6307184 9 .557103
6307187 9 .721545
6307190 9 .973983
6307194 9 .442191
6307197 9 .589283
6307200 9 1.96691
6307203 9 3.63405
6307206 9 2.63624
6307209 9 1.63927
6307212 9 2.66849
6307215 9 .814459
6307218 9 2.21602
6307221 9 2.01511
6307224 9 10.1837
6307227 9 6.89621
6307230 10 .0268728
6307233 9 .0908625
6307236 9 2.51489
6307240 9 .234212
6307243 9 .268377
6307246 10 .194992
6307249 10 .225276
6307252 9 .157252
6307255 10 .0926513
6307258 9 .201188
6307261 9 .218517
6307264 9 .24877
6307267 9 1.04045
6307270 10 1.21283
6307273 10 .439492
6307276 10 .553743
6307279 10 .625892
6307282 10 .652322
6307286 10 .62367
6307289 9 .383954
6307292 10 3.35074
6307295 10 4.2242
6307298 10 3.58979
6307301 10 2.69594
6307304 10 2.45088
6307307 10 9.5747
6307346 10 .0887579
6307445 10 .0316685
6307449 9 .0385455
6307452 10 .0336481
6307455 9 1.38734
6307458 9 .0427293
6307461 10 .0379008
6307464 9 .0759427
6307468 9 .132744
6307472 9 .133102
6307477 10 .432281
6307480 9 .298602
6307484 9 .260455
6307487 10 .345261
6307490 10 .273742
6307493 10 .421
6307496 9 .508657
6307499 10 .667129
6307503 9 .401682
6307506 10 .152394
6307510 9 .570489
6307516 10 .232192
6307519 10 .407925
6307522 9 .252358
6307525 9 .12395
6307528 9 .743619
6307531 10 .864556
6307534 10 1.88815
6307537 9 1.01377
6307540 10 .897945
6307543 9 1.40797
6307547 10 1.27476
6307550 10 1.68393
6307553 9 .81988
6307557 9 1.09911
6307560 10 .695133
6307563 10 .997161
6307566 10 .800513
6307569 9 .453398
6307572 10 1.01882
6307576 9 .871301
6307579 10 1.21674
6307582 9 .562877
6307585 9 1.08916
6307588 10 .725897
6307591 10 3.13245
6307594 10 5.66943
6307597 10 4.28845
6307600 10 4.03433
6307603 9 2.72554
6307606 10 4.1276
6307609 10 3.90424
6307612 9 2.71339
6307615 10 3.94216
6307618 10 20.976
6307621 10 15.0188
6307624 10 13.8829
6307627 9 .071876
6307632 9 .0298927
6307636 9 .333201
6307642 9 .254756
6307645 9 1.07077
6307648 9 1.20626
6307652 9 1.0969
6307656 9 .846309
6307659 9 .632932
6307662 9 3.32351
6307665 9 2.45297
6307668 9 3.10046
6307671 9 13.0516
6307674 9 9.56232
6307679 10 .159289
6307683 10 .195942
6307687 10 .121736
6307691 10 .518345
6307694 10 3.85004
6307699 10 .665052
6307703 10 .519495
6307706 10 .38342
6307709 10 2.39344
6307712 10 1.69189
6307715 10 2.34332
6307718 10 2.27877
6307721 10 1.42734
6307724 10 2.04354
6307727 10 5.45114
6307730 10 36.1826
6307733 9 .205379
6307736 9 .249967
6307740 9 .214889
6307746 9 .179072
6307749 9 4.34137
6307752 9 .608016
6307756 9 1.42267
6307759 9 .628705
6307762 9 3.73232
6307766 9 .804262
6307769 9 .683632
6307773 9 .598845
6307776 9 .441218
6307779 9 1.48788
6307783 9 .453225
6307786 9 .449121
6307789 9 .504547
6307792 9 2.77124
6307795 9 3.09646
6307798 9 2.46414
6307801 9 2.79918
6307804 9 3.05981
6307807 9 2.30926
6307810 9 3.38004
6307813 9 10.1062
6307816 9 9.76519
6307819 9 55.0675
6307823 9 .173675
6307826 9 .0797616
6307830 9 .186641
6307835 9 .514133
6307838 9 .342402
6307841 9 .589719
6307844 9 .275876
6307848 9 4.85832
6307851 9 .473519
6307854 9 .561988
6307858 9 .363726
6307861 9 .314867
6307864 9 .428847
6307868 9 .481274
6307871 9 .352443
6307874 9 .332268
6307877 9 9.23721
6307880 9 1.51816
6307883 9 2.63899
6307886 9 2.94188
6307889 9 3.61422
6307892 9 2.15535
6307895 9 2.22733
6307898 9 11.862
6307901 9 8.0174
6307904 9 10.0534
6307907 9 .0496351
6307910 10 .183809
6307913 10 .194419
6307917 10 .212724
6307920 10 .106098
6307924 10 .211425
6307927 10 .239319
6307932 10 .0669763
6307935 9 .0730955
6307938 10 .122535
6307941 10 .0977129
6307944 9 .0648732
6307947 10 .0910883
6307950 9 .0744934
6307953 9 .34136
6307956 10 .780015
6307959 10 3.92578
6307963 10 .687549
6307966 10 .498803
6307969 9 .663131
6307972 9 .639643
6307976 9 .700071
6307979 10 .634578
6307982 10 .797306
6307985 9 1.18854
6307989 9 .634246
6307992 10 .392757
6307995 9 .738124
6307998 10 2.53433
6308001 9 3.35957
6308004 10 3.57539
6308007 10 3.13241
6308010 9 2.86443
6308013 9 2.51215
6308016 10 2.60921
6308019 10 2.18515
6308022 10 10.8618
6308025 9 12.28
6308028 10 71.5599
6308031 9 .700193
6308034 10 .456468
6308037 10 1.01819
6308040 9 1.07458
6308043 9 2.45465
6308046 10 3.23613
6308049 10 4.9191
6308052 9 2.40921
6308055 10 2.97866
6308058 9 5.07603
6308062 10 4.29709
6308065 10 3.73175
6308068 9 2.78829
6308071 9 3.04955
6308074 10 4.06229
6308077 9 4.06045
6308080 10 3.69332
6308083 9 4.15722
6308086 10 15.6168
6308089 10 18.3735
6308092 10 15.0485
6308095 10 12.124
6308098 10 11.8666
6308101 10 13.4655
6308104 10 12.3752
6308107 9 15.1894
6308110 10 12.5245
6308113 10 13.5939
6308116 10 61.8197
6308119	ERROR	-9
6308194 9 1.45631
6308197 9 3.35209
6308201 9 3.10668
6308204 9 2.62854
6308207 9 1.65019
6308210 9 5.39706
6308213 9 14.5539
6308216 9 9.67838
6308219 9 11.3965
6308222 9 14.1901
6308225 9 8.16845
6308228 9 8.01018
6308231 9 40.9088
6308234 9 47.6141
6308237	ERROR	-9
6308272 10 3.2224
6308275 10 2.84068
6308278 9 2.57318
6308282 10 1.9342
6308285 9 2.73243
6308288 10 2.39803
6308291 10 2.6613
6308294 10 2.34021
6308297 10 3.78874
6308300 9 2.8202
6308304 10 2.88138
6308307 9 1.67605
6308310 9 2.28198
6308313 10 2.64406
6308316 9 2.30355
6308319 9 3.23996
6308322 10 2.488
6308325 10 8.17726
6308328 10 14.6942
6308331 10 12.9721
6308334 10 11.9298
6308337 10 8.88422
6308340 10 15.1328
6308343 10 17.3368
6308346 10 13.1946
6308349 9 9.50443
6308352 9 10.0102
6308355 10 8.10882
6308358 10 9.44292
6308361 10 79.4055
6308364	ERROR	-9
6308504 10 15.2259
6308507 10 12.0561
6308510 9 10.9343
6308513 10 9.53598
6308516	ERROR	-9
6308579 9 61.702
6308582 9 3.55918
6308585 9 1.89009
6308588 9 7.58217
6308592 9 5.00824
6308596 9 12.5384
6308599 9 13.4842
6308602 9 9.63592
6308605 9 15.2102
6308608 9 9.19538
6308611	ERROR	-9
6308656 10 25.5209
6308659 10 7.67782
6308662 10 17.4095
6308665 10 9.30972
6308668 10 11.4748
6308671 10 17.4755
6308674 10 8.21141
6308677 10 11.9336
6308680 9 14.9047
6308683 10 11.9178
6308686 10 85.0953
6308689	ERROR	-9
6308734 10 1.50002
6308737 10 1.71289
6308740 10 8.91161
6308743 10 13.1465
6308746 9 10.9297
6308749 10 13.7868
6308752 10 19.8385
6308755 10 9.74367
6308758 9 18.8013
6308761 10 50.8843
6308764	ERROR	-9
6308809 9 5.78227
6308812 9 37.2217
6308815	ERROR	-9
6308890 9 10.2174
6308893 9 11.8789
6308896 9 12.8323
6308899 9 9.11581
6308902 9 10.5391
6308905 9 69.7893
6308908	ERROR	-9
6308973 9 1.10638
6308976 10 1.14097
6308979 10 1.15636
6308982 9 1.3904
6308985 10 24.6978
6308988 10 10.3996
6308991 10 12.9861
6308994 10 11.465
6308997 10 7.68831
6309000 10 15.4473
6309003 10 4.70988
6309006 10 3.3811
6309009 9 5.41324
6309012 10 4.46454
6309015 10 55.7339
6309018	ERROR	-9
6309048 9 1.87367
6309051 9 1.54985
6309054 10 2.65639
6309057 9 1.86972
6309060 10 2.01086
6309063 10 13.1813
6309066 10 11.5227
6309069 10 12.6167
6309072 10 7.3795
6309075 9 9.45079
6309078 10 9.0995
6309081 9 9.615
6309084 10 70.2612
6309087	ERROR	-9
6309126 9 1.65441
6309129 9 1.36227
6309132 10 1.22183
6309135 10 9.85246
6309138 10 10.7661
6309141 9 6.03061
6309144 10 6.93781
6309147 10 12.1423
6309150 10 4.69607
6309153 9 9.66608
6309156 10 66.7976
6309159	ERROR	-9
6309202 9 80.2851
6309205	ERROR	-9
6309277 10 69.9548
6309280	ERROR	-9
6309352 10 7.09743
6309355 9 11.7764
6309358	ERROR	-9
6309431	ERROR	-9
6309506	ERROR	-9
6346471 9 2.94943
6346477 9 2.2628
6346481 9 3.61577
6346484 9 1.65425
6346487 9 1.18687
6346490 9 10.3947
6346493 9 7.16938
6346496 9 10.6235
6346499 9 6.15683
6346502 9 8.53472
6346505 9 8.4839
6346508 9 20.1631
6346511 9 32.2214
6346699 10 2.45331
6347756 9 .523433
6348150 9 .810779
6349289 10 .473761
6349478 9 .701576
6351327 10 .541622
6352649 10 .565385
6353184 10 7.69453
6353425 9 .890266
6353780 10 .555941
6354210 10 .900403
6357347 9 3.80342
6358375 9 .516257
6358794 10 .779588
6395136 9 .109428
6395260 9 .443225
6403987 9 .829663
6404647 9 .941743
6404836 10 .736406
6404839 10 1.01193
6404843 9 .811284
6404847 9 .944901
6404850 10 1.04954
6404854 9 .644613
6404857 9 .958538
6404860 10 .60389
6404863 9 .496612
6404866 10 2.72771
6404869 10 3.70419
6404874 10 4.01433
6404877 10 3.22815
6404880 9 1.89333
6404883 10 4.4719
6404886 9 3.09498
6404890 9 2.7904
6404893 9 3.14706
6404896 10 1.64053
6404899 10 2.40322
6404902 9 3.2185
6404905 10 11.4054
6404908 10 11.6815
6404911 9 10.9996
6404914 9 8.80383
6404917 10 11.552
6404920 9 10.1214
6404923 10 8.35572
6404926 10 38.8038
6404929	ERROR	-9
6648550 10 1.54853
6661234 10 5.44218
6665970 10 3.65554
6680653 10 4.04618
6683910 10 2.3838
6695843 10 .221877
6717681 10 8.56098
6750309 9 3.55947
6752958 9 3.71472
6753376 9 4.09785
6754008 10 3.21874
6780702 9 4.1281
6781381 10 2.36165
6807124 10 .680872
6808138 10 .243984
6811974 9 4.83784
6814104 9 1.36274
6817012 9 4.69027
6817584 10 2.26867
6818001 9 2.59701
6823793 10 3.39771
6827285 9 4.01416
6831414 10 2.24547
6831803 9 1.93451
6838713 10 4.44024
6848186 10 3.90417
6852222 9 3.59897
6860000 10 2.78574
6863502 9 2.73079
6888980 10 3.03123
6895897 9 2.75191
6944028 9 3.29477
6964156 9 4.13802
6985657 9 3.55249
7000507 10 3.23941
7000913 10 3.35657
7068998 9 4.454
7069694 9 3.60151
7253426 10 .00613017
7253429 10 .00947455
7253432 10 .00916992
7253435 10 .0258841
7253438 10 .0327625
7253441 10 .19026
7253444 10 2.03336
7253456 10 .0111847
7253484 8 .076672
7253514 8 .28105
7253593 10 .039041
7253615 10 .0226963
7253723 10 .0268912
7253819 10 .0549196
7253904 8 .115554
7253937 8 .49359
7253996 10 .0129744
7254001 10 .175742
7254004 10 .122082
7254011 10 .0281902
7254014 10 .0290586
7254017 10 .0316863
7254020 10 .0500775
7254023 10 .230725
7254027 10 .195262
7254030 10 .15864
7254033 10 .165814
7254036 10 .078116
7254039 10 .122547
7254042 10 .105521
7254045 10 1.07691
7254048 10 .478041
7254051 10 .878554
7254054 10 .86055
7254057 10 .460026
7254060 10 2.41103
7254063 10 11.6354
7254209 10 .562558
7254302 8 .31223
7254376 10 .257054
7254379 10 .597146
7254382 10 .389619
7254385 10 2.199
7254388 10 2.89424
7254391 10 6.91019
7254516 9 .0201926
7254692 10 .0133629
7254706 10 .0092643
7254757 10 .0175965
7256036 10 .100636
7261101 10 .834311
7263977 9 2.2231
7264494 9 .0515153
7264854 9 .193877
7266045 9 .240706
7266852 10 .0835322
7269144 10 2.67179
7269802 10 .0109349
7269806 10 .0230506
7269809 10 .0313772
7269813 10 .0643315
7269816 8 .215514
7269819 10 .29389
7269822 10 .586618
7269825 10 3.1652
7269930 10 .199131
7270199 10 .795251
7270393 10 .107015
7270421 10 .118866
7270552 10 .704197
7270644 10 .0326726
7270821 10 .0996853
7270852 10 .550612
7271130 10 .448905
7271367 10 .101457
7271526 10 .0922585
7271577 10 .341984
7271608 10 .0869847
7271613 10 .0704521
7271616 10 .0666153
7271619 10 .421928
7271622 10 .247675
7271625 10 .920929
7271628 10 .241395
7271631 10 .409339
7271634 10 .878722
7271637 10 .338848
7271640 10 .507061
7271643 10 1.68389
7271646 10 2.28967
7271649 10 1.40812
7271652 10 1.53461
7271655 10 5.74369
7271658 10 37.3388
7271808 10 .0677155
7271813 10 .101121
7271821 10 .0839901
7271824 10 .0691614
7271827 10 .095161
7271830 10 6.52634
7271833 8 .914148
7271837 10 .211395
7271840 10 .307565
7271843 10 .292243
7271846 10 .404034
7271849 10 .185867
7271852 10 .280892
7271855 10 5.55412
7271858 10 .608122
7271861 10 2.38299
7271864 10 .936389
7271867 10 1.68702
7271870 10 5.04613
7271873 10 37.4039
7272086 10 1.45119
7272340 10 1.15808
7272601 10 1.16752
7272787 10 7.67105
7272955 10 2.23407
7272958 8 2.63659
7272961 10 5.76003
7272964 10 .952403
7272967 10 6.17763
7272970 10 2.34246
7272973 10 4.94541
7272976 10 2.93895
7272979 10 7.61642
7272982	ERROR	-9
7273362 10 .013027
7273365 10 .01242
7273368 10 .0852017
7273371 10 .183777
7273374 10 .203187
7273378 10 .152243
7273381 10 .266251
7273384 10 .584895
7273387 10 .704127
7273390 10 .656186
7273393 10 2.11676
7273396 10 2.36368
7273480 10 .160948
7273657 10 .853249
7273747 10 .0268764
7273750 10 .139976
7273755 10 .0750471
7273758 10 .64834
7273761 10 .723512
7273764 10 .500024
7273769 10 .137016
7273772 10 .212891
7273775 10 .617542
7273778 10 3.9545
7273781 10 3.35994
7273784 10 2.08995
7273787 10 5.08445
7273790 10 6.80734
7274067 10 3.34765
7274824 10 .221428
7278600 9 .631184
7279447 9 .480841
7279788 10 .266923
7279922 9 .549138
7297008 9 .505387
7302136 10 2.46473
7302346 10 1.16433
7302481 10 1.49566
7302486 10 .251388
7302489 10 .32013
7302492 10 2.89428
7302495 10 1.08309
7302498 8 2.4525
7302501 10 1.15634
7302504 10 1.37001
7302507 10 2.23617
7302510 10 4.37583
7302513 10 4.76804
7302516 10 11.0159
7302519 10 10.4925
7302522 10 21.8572
7302525	ERROR	-9
7310038 10 .179619
7310041 10 .401599
7310044 10 .482051
7310047 10 .394267
7310050 10 .418436
7310054 10 1.26863
7310057 10 1.6875
7310060 10 2.3973
7310063 10 3.01117
7310066 10 2.22965
7310069 10 3.4361
7310072 10 8.24372
7310075 10 4.19227
7310335 10 .323379
7310549 10 .225068
7310584 10 .10446
7310589 10 .0642852
7310592 8 3.12402
7310596 10 .272238
7310599 10 .217734
7310602 10 4.79086
7310605 10 1.63882
7310608 10 1.63026
7310611 10 8.00472
7310720 10 .222232
7311602 10 1.34039
7311605 8 2.91608
7311608 10 1.88795
7311611 10 1.70029
7311614 10 .898924
7311617 10 1.21628
7311620 10 1.72945
7311623 10 1.61531
7311626 10 1.91445
7311629 10 1.3913
7311633 10 4.26101
7311636 10 8.07927
7311639 10 8.65982
7311642 10 9.99019
7311645 10 7.56936
7311648 10 8.16812
7311651 10 29.3223
7311654 10 13.271
7312282 10 .00849168
7312285 10 .0178972
7312288 10 .039469
7312292 10 .0370371
7312295 10 .0510712
7312298 10 .0632826
7312301 10 6.37699
7312305 10 .0984536
7312308 10 .285305
7312311 10 1.61578
7312314 10 .647247
7312317 10 1.71145
7312320 10 2.42594
7312323 10 .0490244
7312330 10 1.51606
7312333 8 .439329
7312337 10 .21825
7312341 10 .43747
7312344 10 2.64757
7312347 10 2.94048
7312350 10 7.77519
7312354 10 .019742
7312358 10 .0401578
7312361 10 .217524
7312365 10 .449607
7312368 10 3.93588
7312371 10 2.14151
7312374 10 8.22745
7312378 10 1.76134
7312381 10 2.4738
7312384 10 3.07834
7312388 10 2.21277
7312392 10 3.09542
7312396 10 10.2328
7312399 10 12.4843
7312402 10 9.46527
7312405 10 11.881
7312408 10 10.9972
7312411 10 39.4954
7312414	ERROR	-9
7312493 10 9.66874
7312496 10 40.4055
7312499	ERROR	-9
7312571 9 .525448
7312576 9 .503987
7312580 9 .632417
7312584 9 .57617
7312587 10 3.3999
7312590 9 3.5122
7312593 10 4.15246
7312596 10 3.16607
7312599 10 1.52791
7312602 10 2.03334
7312606 9 1.41837
7312609 9 2.47772
7312613 9 2.54418
7312616 9 2.17149
7312620 9 1.47858
7312623 9 2.13826
7312626 10 11.1284
7312629 10 18.94
7312632 10 11.63
7312635 9 9.55782
7312638 9 12.7934
7312641 10 7.40568
7312644 10 53.9021
7312647	ERROR	-9
7312653 9 .505299
7312656 9 1.01728
7312659 9 1.25044
7312662 9 1.23488
7312665 9 1.23468
7312668 9 1.05647
7312671 9 .459971
7312674 9 1.08472
7312677 9 .409111
7312681 9 1.01826
7312685 9 .321161
7312689 9 .665011
7312693 9 4.09883
7312696 9 3.3113
7312699 9 3.8839
7312702 9 2.99888
7312705 9 4.1259
7312708 9 5.59664
7312711 9 4.40303
7312714 9 2.35721
7312717 9 4.31854
7312720 9 2.23557
7312723 9 3.50756
7312727 9 3.51847
7312730 9 3.22755
7312734 9 2.81217
7312737 9 2.78836
7312740 9 2.59746
7312744 9 2.91113
7312747 9 3.66335
7312750 9 18.6062
7312753 9 17.6207
7312756 9 11.4817
7312759 9 10.6897
7312762 9 11.7288
7312765 9 12.2363
7312768 9 12.1479
7312771 9 12.1371
7312774 9 12.2801
7312777 9 52.9362
7312780 9 47.1846
7312783	ERROR	-9
7312814 10 .663078
7312817 10 .909744
7312821 10 .604492
7312826 10 .77537
7312829 9 .607271
7312832 10 2.82238
7312835 10 3.53718
7312838 9 3.16314
7312841 10 3.96787
7312844 10 3.54098
7312848 10 3.45123
7312851 10 2.80678
7312854 9 3.75874
7312857 10 2.97513
7312860 10 3.59376
7312864 9 3.30541
7312867 10 3.83456
7312871 9 2.84718
7312874 9 2.93947
7312877 10 15.4207
7312880 10 12.3778
7312883 10 11.6971
7312886 10 9.82787
7312889 10 10.8605
7312892 10 16.0218
7312895 10 9.76681
7312898 10 68.0372
7312901	ERROR	-9
7312980 10 3.27301
7312983 10 4.25956
7312986 9 4.91138
7312989 9 4.26404
7312992 10 5.39249
7312996 10 3.83692
7312999 10 2.40512
7313003 10 4.03482
7313006 10 3.21972
7313009 9 3.078
7313013 9 2.83378
7313016 9 3.61789
7313019 10 4.13067
7313022 10 16.0272
7313025 9 13.5889
7313028 10 16.096
7313031 9 21.2411
7313034 10 16.0011
7313037 10 13.5932
7313040 9 14.9176
7313043 9 14.6545
7313046 10 17.5324
7313049 10 64.7901
7313052	ERROR	-9
7313058 9 .376988
7313062 9 .973154
7313069 9 1.28983
7313072 9 .85559
7313075 9 .876435
7313080 9 .570959
7313084 9 3.7819
7313087 9 3.39606
7313092 9 4.13057
7313095 9 3.91523
7313098 9 2.57665
7313101 9 3.69791
7313104 9 3.48193
7313108 9 4.70718
7313111 9 2.87585
7313115 9 3.49315
7313118 9 2.64907
7313122 9 2.11373
7313125 9 15.2635
7313128 9 15.3916
7313131 9 16.8865
7313134 9 9.74258
7313137 9 12.5425
7313140 9 11.7695
7313143 9 12.6782
7313146 9 58.9055
7313149	ERROR	-9
7313356 9 1.01383
7313360 9 1.09187
7313365 9 3.48506
7313368 9 3.83271
7313372 9 3.29368
7313375 9 3.23899
7313378 9 3.77318
7313381 9 3.54452
7313384 9 3.3727
7313387 9 3.86378
7313391 9 5.73947
7313394 9 3.69511
7313398 9 3.03913
7313401 9 2.92716
7313405 9 3.81152
7313408 9 14.317
7313411 9 15.6221
7313414 9 15.1425
7313417 9 14.346
7313420 9 15.4334
7313423 9 12.5783
7313426 9 18.4732
7313429	ERROR	-9
7313574 9 2.22202
7313577 9 1.85414
7313580 9 2.74554
7313583 10 8.12273
7313586 9 8.25579
7313589 10 9.07321
7313592 10 8.55368
7313595 9 7.83696
7313598 9 8.92428
7313601 10 12.6778
7313604 10 7.88547
7313607 10 13.4629
7313610 9 11.1611
7313613 9 11.5243
7313616 10 14.6058
7313620 9 9.27851
7313623 9 9.31555
7313626 10 8.9805
7313630 10 9.62985
7313633 9 10.0506
7313636 10 49.1031
7313639	ERROR	-9
7313651 10 55.7158
7313654	ERROR	-9
7313733 10 46.8103
7313736	ERROR	-9
7313808 9 15.7762
7313812 9 16.6133
7313815 9 10.8428
7313818 10 14.1661
7313822 10 12.8269
7313825 10 11.2182
7313828 10 10.4035
7313831 10 44.0958
7313834	ERROR	-9
7313885 9 10.626
7313888 9 15.9959
7313891 9 19.9437
7313894 9 20.0836
7313897	ERROR	-9
7313969 9 9.87805
7313973 9 8.53158
7313976 10 57.2318
7313979	ERROR	-9
7314049 9 17.6973
7314053 9 17.9375
7314056 9 12.692
7314059 9 10.1821
7314062 10 61.3795
7314065	ERROR	-9
7314128 9 61.1585
7314131	ERROR	-9
7314205 9 12.4011
7314208 9 18.092
7314212 9 15.0455
7314215 9 19.0576
7314218 9 17.9943
7314221 9 17.7987
7314224	ERROR	-9
7314283 9 20.2302
7314286	ERROR	-9
7314419	ERROR	-9
7314499 10 6.15871
7314502 9 6.45046
7314506 9 9.37957
7314509 10 8.31808
7314512 9 8.03594
7314515 10 80.3868
7314518	ERROR	-9
7314576 9 51.0047
7314579 9 47.1642
7314582	ERROR	-9
7314652	ERROR	-9
7314736	ERROR	-9
7314812 9 42.3663
7314815 9 41.5826
7314818	ERROR	-9
7314888 9 15.774
7314891 9 17.6621
7314896 9 10.7774
7314899 9 7.71633
7314903 9 65.2981
7314906	ERROR	-9
7314969 9 47.7377
7314972	ERROR	-9
7315047 10 56.7809
7315050	ERROR	-9
7315123 9 32.6117
7315126 9 29.7761
7315129 9 40.6187
7315132	ERROR	-9
7315200	ERROR	-9
7315275	ERROR	-9
7315350 9 50.0122
7315353	ERROR	-9
7315427 10 47.4167
7315430	ERROR	-9
7315502	ERROR	-9
7315577	ERROR	-9
7315652	ERROR	-9
7315727	ERROR	-9
7315805 9 8.50609
7315809 9 9.1398
7315813 9 19.3386
7315816 9 22.4778
7315819 9 23.8022
7315822 9 14.4491
7315825	ERROR	-9
7315882 9 12.1107
7315885 9 33.991
7315888 9 39.355
7315891	ERROR	-9
7315958 9 13.4139
7315961 9 12.7967
7315965 9 9.38922
7315970 9 49.5353
7315973	ERROR	-9
7316036	ERROR	-9
7316111	ERROR	-9
7316187 9 1.32556
7316193 9 1.11027
7316200 9 1.265
7316205 9 3.88993
7316208 9 3.19138
7316211 9 4.22589
7316214 9 3.36625
7316217 9 2.63347
7316221 9 3.63978
7316224 9 3.10994
7316228 9 4.85441
7316232 9 4.51432
7316236 9 4.56791
7316239 9 2.20167
7316243 9 12.0861
7316246 9 11.7652
7316249 9 15.2183
7316252 9 23.4887
7316255 9 20.6299
7316258 9 21.6734
7316261 9 14.9914
7316264 9 12.5903
7316267	ERROR	-9
7316321 9 8.78218
7316324 9 14.6583
7316327 9 10.4237
7316330 9 11.187
7316333 9 12.5368
7316336 9 12.0341
7316339 9 17.9898
7316343 9 16.259
7316347 9 14.7234
7316350 9 15.3193
7316354	ERROR	-9
7316403 9 36.764
7316406	ERROR	-9
7316525	ERROR	-9
7316600	ERROR	-9
7316676	ERROR	-9
7316785 10 .498069
7316886 10 .408418
7316993 10 .444891
7316996 10 .475506
7317000 10 .396269
7317006 10 .671991
7317009 10 1.42079
7317012 8 3.53808
7317015 10 2.1055
7317018 10 1.4906
7317022 10 6.9288
7317025 10 10.0661
7317028 10 3.32443
7317031 10 28.1792
7317318 10 13.7727
7317494 8 7.30576
7317497 10 3.84472
7317500 10 6.57967
7317503 10 6.87034
7317506 10 25.741
7317509	ERROR	-9
7317765 9 22.8924
7317768 10 31.1455
7317771 10 36.7332
7317775	ERROR	-9
7317843	ERROR	-9
7317921 9 65.9852
7317924	ERROR	-9
7317998	ERROR	-9
7318073	ERROR	-9
7318148	ERROR	-9
7318225 10 41.4188
7318228	ERROR	-9
7318303 10 29.409
7318307 9 30.0613
7318311	ERROR	-9
7318384 9 41.4192
7318388 9 26.4347
7318392 9 27.9244
7318395	ERROR	-9
7318504	ERROR	-9
7318584	ERROR	-9
7318660	ERROR	-9
7318736	ERROR	-9
7318811	ERROR	-9
7318886	ERROR	-9
7318961	ERROR	-9
7319036	ERROR	-9
7424593 9 2.38658
7435130 10 .0212486
7435281 10 .500201
7435450 10 .405223
7435485 10 1.23407
7435539 10 .774437
7435823 10 1.48239
7436120 10 .13417
7436125 10 .512886
7436128 10 .921534
7436131 10 .832125
7436134 10 1.3753
7436137 10 1.24679
7436140 10 6.35279
7436143 10 6.69845
7436146 10 8.76377
7436149 10 30.9915
7436319 10 7.16948
7436506	ERROR	-9
7436958 10 14.7549
7436961 10 24.8508
7436964 10 19.6832
7436967	ERROR	-9
7457458 10 2.22563
7457461 10 1.56214
7457464 10 14.7594
7457467 10 8.06349
7457470 10 10.069
7457473 10 20.3915
7457476 10 29.0462
7462140 10 8.86224
7467005	ERROR	-9
9449825 10 .0467416
9449828 10 .326553
9449831 10 .768702
9449835 10 .834423
9449838 10 .800103
9449841 10 .139325
9449844 10 3.05036
9449847 10 2.63813
9449850 10 1.4093
9449853 10 5.80372
9450069 10 .107891
9450073 10 .371738
9450077 10 .186027
9450080 10 .539722
9450083 10 2.19947
9450087 10 1.64825
9450090 10 1.97849
9450093 10 8.52461
9450096 10 11.3878
9450099 10 31.8386
9453633 9 1.81328
9459015 10 .922261
9459208 10 6.49641
9459383 10 .778179
9459387 10 7.3101
9459390 8 8.91234
9459393 10 25.1249
9459396	ERROR	-9
9502167 10 94.7021
9502170	ERROR	-9
1053958 10 104.344
1059618 10 2.7056
1059619 10 2.14697
1059621 10 2.05791
1059627 10 21.8452
1059628 10 14.1321
1059630 10 2.03108
1059631 10 .407499
1059633 10 2.36574
1059634 10 .358498
1059636 10 1.51067
1059637 10 7.33041
1059639 10 7.38047
1059640 10 7.49799
1059642 10 4.36368
1059643 10 3.08233
1059645 10 1.74386
1059646 10 2.84956
1059648 10 14.1426
1059649 10 22.1847
1059651 10 16.1372
1059652 10 18.4808
1059654 10 1.83327
1059702 10 21.8881
1053960	ERROR	1
1059696 10 32.3973
1059700 10 36.8937
1059703	ERROR	1
1059657 10 44.9999
1059658 10 14.1588
1059661	ERROR	1
1059814 10 .0118916
1059816 10 .0109136
1059819 10 .0188922
1059831 10 .0118816
1059832 10 .0111153
1059838 10 .0733912
1059854 10 .151561
1059855 10 .037123
1059856 10 .0130389
1059858 10 .0342812
1059859 10 .0905529
1059861 10 .057796
1059862 10 .0756254
1059863 10 .0685799
1059864 10 .102745
1059865 10 1.10203
1059866 10 .35502
1059867 10 .558047
1059868 10 .513603
1059869 10 .879641
1059870 10 2.31314
1059871 10 1.16307
1059872 10 8.14134
1059904 10 .137172
1059993 10 .0383495
1060012 9 .0857011
1060048 9 .0780255
1060054 10 .0297389
1060085 9 .0893808
1060134 10 .0302901
1060157 9 .397597
1060196 9 .0473199
1060199 9 .0561088
1060205 9 .0626394
1060215 10 .0467714
1060252 9 .331446
1060301 9 .0493598
1060315 10 .0303584
1060341 9 .123428
1060370 9 .217135
1060371 9 .0206428
1060372 9 .0207406
1060373 9 .0413773
1060374 9 .0247192
1060375 9 .0394194
1060377 9 .0559234
1060379 9 .0404441
1060380 9 .0285092
1060381 9 .0298517
1060382 9 .0387588
1059778 10 47.6921
1059780	ERROR	1
1060383 9 .0345191
1060385 9 .0515943
1060386 9 .0437382
1060387 9 .0439472
1060389 9 .0448922
1060390 9 .0538151
1060391 9 .15811
1060394 9 .0335468
1060399 9 .0334282
1060400 9 .027141
1060402 9 .0278459
1060405 9 .0703286
1060407 9 .20664
1060409 9 .0361062
1060411 9 .0390947
1060414 9 .031679
1060416 9 .0326282
1060417 10 .0208217
1060420 9 .0322742
1060421 9 .0370866
1060424 10 .0237844
1060425 10 .025223
1060431 9 .037509
1060433 9 .103627
1060435 9 .31511
1060436 9 .197412
1060438 9 .226676
1060439 9 .208578
1060441 9 .142366
1060442 9 .135204
1060445 9 .405095
1060447 9 .203177
1060449 9 .147144
1060450 9 .0985814
1060452 9 .226824
1060453 9 .37278
1060455 9 .156118
1060456 9 .580516
1060459 9 .210467
1060460 9 .32684
1060462 9 .0810657
1060463 9 .0739984
1060465 9 .090627
1060466 9 .152169
1060468 10 .0694728
1060470 9 .154314
1060472 9 .107019
1060474 9 .331916
1060476 9 .170814
1060479 9 .376773
1059741 10 9.85457
1059742 10 6.87394
1059744 10 48.0672
1059745 10 23.9027
1059747 10 24.0321
1059748	ERROR	1
1060953 9 .26196
1061028 10 .0636014
1061051 9 .296833
1061117 9 .339518
1061271 9 .0216035
1061336 9 .232941
1061375 9 .346354
1061473 9 .967608
1061522 9 .219567
1061732 9 .46137
1061912 9 .180674
1062263 9 .289072
1062303 9 .496414
1062435 9 .809921
1062436 9 2.05179
1062440 9 1.00722
1062441 9 .45706
1062443 9 1.0159
1062444 9 .810337
1062447 9 .643457
1062449 9 1.83819
1062451 9 1.19715
1062452 9 .664355
1062454 9 1.25131
1062455 9 1.18581
1062498	ERROR	1
1063560 9 .217807
1063561 9 .283428
1063563 9 .355791
1063564 9 .35753
1063566 9 .167686
1063567 9 .481002
1063570 9 .175962
1063571 9 .194091
1063573 9 .239375
1063574 9 .145115
1063576 9 .30353
1063577 9 .583274
1063579 9 .167501
1063580 9 .324754
1063582 9 .736007
1063584 9 .718869
1063586 9 .111193
1063587 9 .258631
1063589 9 .207301
1063590 10 .345798
1063592 9 .177809
1063593 9 .32575
1063595 9 .217874
1063596 9 .215155
1063598 9 .386489
1060481 9 .641911
1060482 9 2.01664
1060484 9 1.07514
1060485 9 .592115
1060487 9 .669709
1060488 9 1.19368
1060490 9 .873435
1060491 9 .502592
1060493 9 1.2569
1060494 9 1.08912
1060496 9 .555735
1060497 9 1.2489
1060500 9 .983342
1060501 9 .792292
1060503 9 3.87151
1060504 9 7.35674
1060506 9 4.9859
1060507 9 5.2277
1060509 9 3.65884
1060510 9 54.5813
1060682 9 .195832
1060752 9 .0957256
1060780 10 .0652155
1060830 9 .212209
1060920 10 .0579832
1063834 9 .499261
1063861 9 .233967
1063948 9 1.53797
1063973 9 .583116
1064056 9 .540629
1064094 9 .506341
1064148 9 1.12078
1064178 9 .575763
1064242 9 .606547
1064274 9 1.41016
1064343 9 1.17936
1064376 9 .533143
1064428 9 .333263
1064482 9 .800984
1064484 9 1.56167
1064485 9 2.16339
1064487 9 1.5452
1064488 9 1.51998
1064490 9 1.25727
1064491 9 1.67142
1064494 9 1.5744
1064495 9 1.37522
1064497 9 1.91145
1064498 9 1.17234
1064500 9 .525763
1063599 9 .67618
1063601 9 1.80826
1063602 9 .765166
1063604 9 1.08741
1063605 9 1.6262
1063607 9 1.94917
1063608 9 2.24855
1063610 9 .497617
1063611 9 .858222
1063613 9 .741698
1063614 9 .646475
1063616 9 1.46176
1063617 9 1.24193
1063619 9 1.05386
1063620 9 1.20364
1063622 9 12.0405
1063623 9 6.31226
1063625 9 4.40827
1063626 9 6.01076
1063628 9 34.1993
1063636 9 .116171
1063674 9 .129109
1063688 9 .165841
1063728 9 .294414
1063786 9 1.70395
1065266 10 .0274754
1065277 9 .160269
1065319 10 .0504071
1065355 9 .347021
1065559 10 .0369508
1065590 9 .131659
1065647 9 .372676
1065688 10 .0355652
1065938 9 .161944
1065981 9 .365641
1066086 9 .330153
1066121 9 .593102
1066177 9 .945905
1066216 9 1.93002
1066274 9 1.74576
1066438 9 .319164
1066521 9 .496128
1066591 9 .719159
1066593 9 1.36851
1066594 9 1.79735
1066596 9 .678368
1066597 9 .910249
1066599 9 1.41217
1066601 9 1.45704
1066604 9 .924742
1062457 9 1.63126
1062458 9 .7924
1062461 9 1.3028
1062462 9 1.70823
1062464 10 .297849
1062466 9 .594874
1062469 9 3.4562
1062470 9 8.96774
1062472 9 8.97116
1062473 9 3.21772
1062475 9 4.08002
1062476 9 10.2426
1062478 9 6.58144
1062479 9 2.47551
1062481 9 4.82164
1062482 9 4.55501
1062484 9 3.78365
1062485 9 6.09041
1062488 9 5.00704
1062489 9 4.43988
1062491 9 21.1088
1062492 9 52.8312
1062494 9 17.2248
1062495 9 21.101
1062497 9 23.1308
1068146 9 .0464105
1068147 9 .0436678
1068149 9 .0885273
1068151 9 .103133
1068153 9 .0541112
1068154 9 .313681
1068158 9 .0584807
1068159 9 .0361227
1068161 9 .0253602
1068163 9 .0332205
1068165 9 .0325382
1068166 10 .0270062
1068168 9 .0216803
1068169 9 .0274729
1068171 9 .0236713
1068172 9 .060715
1068174 9 .0728789
1068175 9 .194285
1068177 9 .456437
1068178 9 .227905
1068180 9 .400801
1068182 9 .580049
1068184 9 .212665
1068185 9 .0852052
1068187 9 .0779425
1064501 9 7.41011
1064503 9 5.91584
1064504 9 3.31835
1064506 9 4.47706
1064507 9 4.89143
1064509 9 4.94033
1064510 9 7.04476
1064512 9 1.53921
1064513 9 3.45419
1064515 9 4.10166
1064516 9 2.62187
1064518 9 3.9899
1064519 9 2.86632
1064521 9 1.8362
1064522 9 2.63748
1064524 9 38.8897
1064525 9 17.8971
1064527 9 12.4984
1064528 9 20.9038
1064530	ERROR	1
1066605 9 1.01948
1066607 9 .941927
1066608 10 .483326
1066612 9 7.89757
1066613 9 4.34926
1066615 9 4.78631
1066616 9 7.47828
1066618 9 5.49736
1066619 9 6.50045
1066621 9 2.57723
1066622 9 4.30427
1066624 9 3.32274
1066625 9 4.64464
1066627 9 4.1349
1066628 9 3.21936
1066631 9 40.7472
1066632	ERROR	1
1068227 10 .0138975
1068228 10 .0122873
1068231 10 .0183635
1068232 10 .0180049
1068235 10 .0220363
1068236 10 .0342352
1068239 10 .121458
1068240 10 .0206542
1068242 10 .0210148
1068243 10 .024086
1068245 10 .0279397
1068246 10 .428207
1068248 10 .0734762
1068249 10 .0610331
1068251 10 .0828552
1068253 10 .0998104
1068255 10 .0625153
1068256 10 .372918
1068258 10 .0842678
1068259 10 .0652374
1068261 10 .403767
1068262 10 .319264
1068264 10 .335653
1068265 10 .311388
1068267 10 .608988
1068188 9 .285445
1068191 9 .113495
1068192 9 .258228
1068194 9 .0921888
1068195 9 .10048
1068197 10 .263096
1068198 9 .0996109
1068200 9 .244973
1068201 9 .149085
1068203 9 1.21556
1068204 9 1.10647
1068206 9 1.13296
1068207 9 .627491
1068209 9 .361089
1068210 9 .271813
1068212 9 .385932
1068213 9 .595565
1068215 9 .609398
1068216 9 .916046
1068218 9 .566237
1068219 9 6.67423
1068221 9 3.32361
1068222 9 2.64818
1068224 9 2.51639
1068225 9 26.1323
1068268 10 .466951
1068270 10 .525552
1068271 10 3.12935
1068273 10 4.18508
1068274 10 3.52122
1068283 10 .0418128
1068300 10 1.2026
1068322 9 .0767532
1068323 9 .122429
1068325 9 .238505
1068327 9 .117367
1068330 9 .127202
1068331 9 .236737
1068337 9 3.52914
1068338 9 .402359
1068340 9 .905486
1068341 9 .390898
1068343 9 .915278
1068344 9 1.51384
1068346 9 .585133
1068347 9 .853132
1068349 9 1.92484
1068352 9 1.95247
1068354 9 .392093
1068355 9 .373549
1068401 9 .0489751
1068403 9 .176443
1068405 9 .351613
1068408 9 .134506
1068409 10 .0952171
1068413 9 .224273
1068414 9 1.37289
1068416 9 .396757
1068417 9 .631529
1068419 9 1.04156
1068420 9 .941764
1068423 9 .85209
1068425 9 .754453
1068427 9 .620452
1068428 9 .412862
1068430 9 .636288
1068432 9 .524793
1068435 9 .493455
1068438 9 .629121
1068441 9 2.03583
1068442 9 5.22173
1068444 9 7.97518
1068445 9 5.16019
1068447 9 5.70115
1068448 9 2.54774
1068491 9 7.92885
1068493 9 7.54887
1068494 9 3.46496
1068496 9 4.26448
1068497 9 4.26445
1068499 9 5.77378
1068500 9 3.96556
1068502 9 4.00562
1068503 9 5.92725
1068505	ERROR	1
1068450 9 2.33155
1068451 9 2.60965
1068453 9 2.63744
1068454 9 3.32549
1068456 9 3.00993
1068458 9 1.94415
1068460 9 10.9023
1068461 9 17.592
1068463 9 15.7579
1068464 9 11.9684
1068466 9 .0630927
1068467 9 .117752
1068469 9 .178087
1068472 9 .265686
1068474 9 .970866
1068475 9 .322325
1068477 9 .917675
1068478 9 .592116
1068480 9 .674838
1068481 9 1.80294
1068484 9 .450577
1068485 9 .667062
1068487 9 1.22811
1068488 9 4.89969
1068490 9 8.44761
1068357 9 1.22709
1068359 9 1.15205
1068362 9 .77114
1068365 9 .861625
1068369 9 6.85845
1068370 9 5.05845
1068372 9 9.09638
1068373 9 7.57921
1068375 9 6.02759
1068376 9 2.68603
1068378 9 2.77449
1068379 9 1.99335
1068381 9 2.90776
1068382 9 2.16264
1068384 9 3.6355
1068385 9 3.54825
1068387 9 4.23603
1068388 9 3.22765
1068391 9 54.7203
1068392	ERROR	1
1068673 10 6.51992
1068674 10 2.35448
1068676 10 29.2533
1068677	ERROR	1
1068532 9 10.4932
1068533 9 2.21169
1068535 9 4.51936
1068536 9 4.6126
1068538 9 5.71509
1068539 9 5.2812
1068541 9 4.12789
1068542 9 5.41316
1068544 9 47.9685
1068545	ERROR	1
1068736 9 60.5787
1068738	ERROR	1
1068815	ERROR	1
1068632 9 10.4474
1068634 9 6.57703
1068635 9 2.82563
1068637 9 4.58396
1068638 9 2.0859
1068640 9 3.58187
1068641 9 3.84162
1068643 9 3.59023
1068644 9 6.38741
1068646 9 4.24717
1068647 9 52.7858
1068649 9 20.8783
1068650 9 21.4019
1068652 9 29.1237
1068653	ERROR	1
1068848 9 25.4925
1068849 9 62.4312
1068850	ERROR	1
1068773 9 21.2873
1068775 9 8.6415
1068776 9 17.1538
1068778 9 15.206
1068779 9 10.8549
1068781 9 21.8437
1068782 9 19.8395
1068785	ERROR	1
1069730 9 .051069
1069732 9 .116612
1069733 10 .0499087
1069746 9 .334891
1069766 9 .0342864
1069768 9 .0526504
1069769 9 .0450465
1069770 9 .407805
1069771 9 .122578
1069772 9 .141527
1069773 9 .412947
1069774 9 .223354
1069775 9 .362935
1069777 9 .663693
1069778 9 .162408
1069781 9 .096274
1069782 9 .11199
1069783 9 .169253
1069784 9 .124861
1069785 9 .244196
1069787 9 .118763
1069788 9 .547713
1069789 9 .828363
1069790 9 2.0112
1069792 9 1.31714
1068909	ERROR	1
1068873 9 44.0392
1068875	ERROR	1
1072501 9 7.01674
1074526 9 .0165157
1076311 9 .0753139
1076893 9 .00603958
1077804 9 .0366832
1082257 9 .137858
1087153 9 .166143
1120390 9 .353488
1125810 9 .19789
1125889 9 .12355
1126071 9 .177363
1126206 9 .147394
1126631 9 .206052
1126775 9 .431371
1131086 9 .100489
1131211 9 .108206
1131386 9 .339955
1131388 9 .132777
1131517 9 .111988
1131667 9 .31298
1131970 9 .169068
1131972 9 .136523
1132621 9 .157003
1132757 9 .145433
1133069 9 .537281
1133071 9 .197852
1173733 10 .0067985
1173737 10 .00692451
1173754 10 .0104034
1173760 10 .00717951
1173791 10 .019692
1173849 10 .135919
1173856 10 .00561866
1173857 10 .00733513
1173889 10 .00779601
1173896 10 .00986326
1173901 10 .00973396
1173938 10 .0278096
1174403 10 .0357861
1174706 9 .0385074
1176128 9 .0961177
1177288 9 .0124342
1179457 9 .0709706
1179458 9 .216357
1180423 9 .0100063
1180651 9 .00482081
1187315 9 .00762659
1187592 9 .00918604
1187747 9 .0122683
1187749 9 .011062
1069793 9 .50278
1069795 9 .540459
1069796 9 1.09705
1069797 9 .900591
1069798 9 .350147
1069799 9 .420029
1069801 9 4.37785
1069802 9 4.44173
1069804 9 4.52321
1069805 9 36.6132
1069813 10 .0363204
1069859 9 1.00101
1069888 9 .461894
1069957 9 .490247
1069988 9 .135274
1069996 9 .411028
1070043 9 .28867
1070082 9 .285556
1070124 9 1.34172
1070125 9 .875049
1070127 9 2.47155
1070130 9 .629201
1070132 9 4.37927
1070133 9 2.4812
1070135 9 4.11347
1188512 9 .0197488
1189776 9 .0689289
1198629 10 .00734089
1198631 10 .00805643
1198661 10 .0133634
1198671 10 .00855117
1198718 10 .120743
1198976 9 .0173261
1199213 9 .0129669
1199526 10 .0426334
1200013 10 .167334
1201066 9 .227277
1201526 10 .0127333
1201529 10 .0076836
1201539 10 .0116712
1201561 10 .0105602
1201594 10 .0123936
1201597 10 .0105014
1201824 10 .0319164
1201929 10 .132777
1201993 10 .0742594
1202399 10 .0186038
1203161 10 .0211294
1203164 9 .030355
1203803 10 .495171
1206351 10 .0142451
1206397 10 .0169878
1206449 10 .0943471
1207548 10 .0219678
1207551 10 .0202925
1207634 9 .0518911
1207748 10 .128492
1207799 10 .071223
1207987 10 .00664613
1208170 10 .0202976
1208202 10 .0188804
1208274 10 .0211937
1209086 10 .405912
1212837 10 .0186834
1212875 10 .0532688
1213113 9 .0112239
1213134 9 .0302983
1213698 10 .016867
1214086 10 .0160529
1214117 10 .0233194
1214157 10 .214977
1215202 10 .238648
1251930 9 .192095
1252157 9 .0976194
1252161 9 .0846006
1252163 9 .0972597
1252164 9 .110711
1252166 9 .0986186
1252167 9 .326847
1252171 9 .100203
1252172 9 .369592
1252176 9 .0660581
1252177 9 .0711467
1252179 9 .262972
1252180 9 .0990874
1252182 9 .0755192
1252184 9 .212806
1252186 9 1.59461
1252187 9 .898596
1252189 9 1.15188
1252190 9 1.34866
1252192 9 2.32889
1252194 9 1.68447
1252196 9 .976738
1252197 9 1.3201
1252202 9 .224508
1252203 9 .299532
1252205 9 .899676
1252206 9 .385549
1252208 9 1.88991
1259752 9 .100308
1259753 9 .180349
1259842 9 .237445
1259980 9 .142165
1273695 9 .239803
1273833 9 .184116
1274010 9 .414588
1274438 9 .142602
1274622 9 .269147
1274695 9 .138834
1274799 9 .288703
1274801 9 .118101
1275016 9 .340332
1275135 9 .291155
1292519 9 .0058941
1295422 10 .00521079
1295425 9 .00549082
1295484 10 .010732
1295600 9 .00800422
1295632 9 .0121778
1300563 10 .0064484
1300586 10 .00916733
1314890 10 .0640761
1314922 10 .418547
1332140 9 .0310892
1332293 9 .00909819
1332296 9 .0565018
1332297 9 .0325917
1332299 9 .0400635
1332300 9 .0430592
1332303 9 .0815735
1332304 9 .0390937
1332306 9 .0532685
1332308 9 .0639048
1332311 9 .0349883
1332312 9 .159978
1332314 9 .0286561
1332316 9 .0310579
1332318 9 .0361229
1332319 9 .0356443
1332321 9 .154924
1332322 9 .0285503
1332324 9 .0632495
1332326 9 .0447619
1332328 9 .048354
1332329 9 .0240464
1332331 9 .0278357
1332332 9 .0676921
1332334 9 .0491558
1332335 9 .0227703
1332337 9 .0271892
1332338 9 .0554997
1332340 9 .112335
1332341 9 .433538
1332343 9 .421863
1332345 9 .536519
1332347 9 .113436
1332348 9 .0961013
1332350 9 .0823197
1332351 9 .0836015
1332354 9 .0941154
1332355 9 .248619
1332357 9 .0876845
1332358 9 .312136
1332360 9 .140695
1332361 9 .0622908
1332363 9 .153557
1332364 9 .347072
1332366 9 .0901393
1332367 9 .327191
1332369 9 .0953712
1332370 9 .279457
1332372 9 .137949
1332373 9 .387008
1332375 9 .39958
1332376 9 .0911654
1332378 9 .136443
1332379 9 .102355
1332381 9 .105775
1332383 9 .113789
1332385 9 .149659
1332386 9 .0714182
1332388 9 .216685
1332389 9 .140441
1332391 9 .114734
1332392 9 .0968596
1332394 9 .121036
1332395 9 .111865
1332397 9 .638358
1332398 9 1.13267
1332400 9 .585443
1332401 9 1.13634
1332403 9 1.20171
1332404 9 .631855
1332406 9 1.15144
1332407 9 1.25803
1332409 9 .509851
1332410 9 1.261
1332412 9 .864638
1332413 9 1.03923
1332415 9 .449745
1332416 9 .480802
1332418 9 .705333
1332419 9 1.0115
1332421 9 .915021
1332422 9 .951686
1332424 9 3.88501
1332425 9 5.74738
1332427 9 2.94311
1332428 9 2.45683
1332430 9 3.94001
1332431 9 4.12772
1334436 9 .0867221
1335742 9 .00843552
1335744 9 .00830936
1335745 9 .0104027
1335750 9 .125895
1335751 9 .005611
1335753 9 .00623032
1335754 9 .00683254
1335756 9 .00900929
1335759 9 .00865886
1335762 9 .0099852
1335763 9 .00770062
1335765 9 .098746
1335766 9 .00905861
1335768 9 .0108946
1335770 9 .015617
1335772 9 .0108315
1335773 9 .0169871
1335775 9 .014371
1335776 9 .115021
1335778 9 .0158606
1335780 9 .0159748
1335782 9 .0128663
1335783 9 .0116598
1335787 9 .0137948
1335789 9 .0169128
1335791 9 .0148145
1335792 9 .0168766
1335795 9 .0133709
1335796 9 .0117713
1335798 9 .0114458
1335799 9 .0114353
1335801 9 .0117316
1335802 9 .0221651
1335804 9 .0318036
1335805 9 .0715146
1335807 9 .0353889
1335808 9 .0370957
1070136 9 17.358
1070138 9 12.5366
1070139 9 4.27945
1070141 9 4.93066
1070142 9 3.24558
1070144 9 23.1657
1070145 9 41.0361
1070147 9 18.5361
1070148 9 26.4184
1070152	ERROR	1
1335810 9 .0371438
1335811 9 .0509971
1335814 9 .040874
1335815 9 .0317501
1335817 9 .0385312
1335818 9 .160167
1335820 9 .0312129
1335821 9 .0224489
1335823 9 .0377211
1335824 9 .0306517
1335826 9 .197939
1335827 9 .0263529
1335829 9 .0484379
1335830 9 .0191924
1335832 9 .0403139
1335833 9 .245224
1335835 9 .141276
1335836 9 .310266
1335838 9 .175364
1335839 9 .331354
1335841 9 .191642
1335842 9 .336237
1335844 9 .0886481
1335845 9 .29227
1335847 9 .103405
1335892 9 .00876725
1335893 9 .0137283
1335895 9 .0121943
1335896 9 .0106472
1335898 9 .0204954
1335900 9 .0221883
1335902 9 .119428
1335903 9 .0115472
1335905 9 .0140413
1335906 9 .0187412
1335908 9 .0281712
1335910 9 .0140999
1335912 9 .0116363
1335914 9 .0132193
1335916 9 .0146769
1335917 9 .0154114
1335920 10 .0112346
1335921 9 .00971716
1335924 9 .00988716
1335925 9 .0109463
1335927 9 .021023
1335928 9 .0139021
1335930 9 .0152473
1335931 9 .0224017
1335934 9 .0134923
1335935 9 .0170582
1335937 9 .00813789
1335938 9 .0183215
1335940 9 .0107674
1335941 9 .0123751
1335943 9 .0112713
1335944 9 .12144
1335946 9 .0113931
1335947 9 .0406851
1335950 9 .0125627
1335951 9 .0125961
1335953 9 .0140869
1335956 9 .0152488
1335958 9 .0118292
1335959 9 .0160165
1335961 9 .0109323
1335962 9 .0249519
1335964 9 .0346676
1335965 9 .0438643
1335967 9 .0496203
1335968 9 .040614
1335970 9 .0497861
1335971 9 .0353533
1335973 9 .0475607
1335974 9 .0395531
1335848 9 .114202
1335850 9 1.38621
1335851 9 .883402
1335853 9 .851859
1335854 9 7.20369
1335856 9 .00992861
1335857 9 .0136194
1335859 9 .0103356
1335860 9 .0107853
1335863 9 .0156064
1335865 9 .0138818
1335867 9 .0133281
1335868 9 .0200392
1335870 9 .0333981
1335871 10 .0237306
1335874 10 .0218685
1335875 9 .0153315
1335877 9 .015325
1335879 9 .0111712
1335881 9 .0138698
1335882 9 .188793
1335884 9 .0145557
1335885 9 .0129411
1335887 9 .0149838
1335889 9 .0107791
1335977 9 .0559658
1335978 9 .0766568
1335980 9 .0648323
1335981 9 .0585681
1335983 9 .067107
1335984 9 .197655
1335986 9 .264075
1335987 9 .0695113
1335989 9 .0440551
1335990 9 .0610732
1335992 9 .0496394
1335993 9 .596587
1335995 9 .0597959
1335996 9 .0599198
1335998 9 .0577652
1335999 9 .0502814
1336001 9 .0478465
1336002 9 .0778985
1336005 9 .0383588
1336006 9 .0694815
1336008 9 .0329818
1336009 9 .0568873
1336011 9 .043538
1336012 9 .0408841
1336014 9 .0967165
1336015 9 .151424
1336017 9 .0636386
1336018 9 .312897
1336020 9 .606414
1336021 9 .181029
1336023 9 .205592
1336024 9 .743563
1336026 9 .165368
1336027 9 .364489
1336029 9 .210706
1336030 9 .16656
1336032 9 .271664
1336033 9 .595509
1336035 9 .517592
1336036 9 .736411
1336038 9 .38275
1336039 9 .174417
1336041 9 .439945
1336042 9 .212538
1336044 9 .41689
1336045 9 .184
1336047 9 1.24273
1336048 9 3.44605
1336050 9 1.31687
1336051 9 1.06284
1336053 9 1.77867
1336054 9 9.73988
1336434 9 .0159508
1336507 9 .0286961
1336662 9 .0286304
1337449 9 .508373
1337564 9 .160882
1337565 9 .0487086
1337881 9 .0469036
1338410 9 .197463
1338953 9 .072606
1338955 9 .0554456
1339415 9 .0554237
1339518 9 .0224125
1339826 9 .0372184
1339829 9 .0187725
1339979 9 .0347449
1340135 9 .0197648
1340230 9 .0605062
1340231 9 .0463445
1340233 9 .0410053
1340234 9 .0460859
1340237 9 .0494297
1340238 9 .212975
1340240 9 .0626802
1340242 9 .0747208
1340245 9 .0585652
1340247 9 .0686892
1340249 9 .0607223
1340251 9 .222737
1340253 9 .0576609
1340254 9 .0695891
1340257 9 .161005
1340258 9 .255582
1340260 9 .0415484
1340261 9 .0590146
1340263 9 .0524507
1340265 9 .057655
1340268 9 .0566232
1340269 9 .0371616
1340271 9 .0616124
1340272 9 .195707
1340274 9 .269995
1340275 9 .618573
1340278 9 .338165
1340279 9 .194138
1340281 9 .585862
1340282 9 .1954
1340284 9 .186768
1340286 9 .156895
1252209 9 .240654
1252211 9 .388065
1252212 9 .502769
1252214 9 .455458
1252215 9 .523338
1252217 9 6.97155
1252218 9 2.64017
1252220 9 3.58332
1252221 9 9.83956
1252223 9 2.83332
1252224 9 3.04594
1252226 9 1.51804
1252227 9 1.78426
1252229 9 1.1992
1252230 9 1.40514
1252232 9 2.40676
1252233 9 16.2611
1252235 9 7.48299
1252236 9 8.77343
1252238 9 14.9501
1252239	ERROR	1
1340288 9 .363698
1340289 9 .33823
1340291 9 .456947
1340292 9 .294918
1340294 9 .233191
1340295 9 .458504
1340297 9 .397644
1340298 9 .137382
1340300 9 .1751
1340301 9 .294284
1340303 9 .22355
1340304 9 .317495
1340306 9 .189772
1340307 9 .482948
1340309 9 .131059
1340310 9 .087156
1340312 9 .360116
1340313 9 .109796
1340316 9 .326333
1340317 9 .127961
1340319 9 .308705
1340320 9 .0893674
1340322 9 .296247
1340323 9 .113344
1340325 9 .320041
1340496 9 .119437
1340498 9 .135306
1340499 9 .135079
1340502 9 .114054
1340503 9 .122734
1340505 9 .309673
1340506 9 .154347
1340508 9 .36122
1340509 9 .0787026
1340511 9 .196984
1340512 9 .101565
1340514 9 .0882455
1340515 9 .318572
1340517 9 .104527
1340518 9 .196605
1340520 9 .228102
1340521 9 .406439
1340523 9 .290873
1340524 9 .100825
1340526 9 .0746729
1340527 9 .288061
1340529 9 .0882104
1340531 9 .151441
1340533 9 .0969297
1340534 9 .0694613
1340536 9 .119703
1340537 9 .0906992
1340539 9 .189965
1340540 9 .120228
1340542 9 .157899
1340543 9 .226398
1340545 9 .364021
1340546 9 .800742
1340548 9 1.01377
1340549 9 .969625
1340551 9 1.48732
1340552 9 .826079
1340554 9 1.27634
1340555 9 1.16748
1340557 9 .641796
1340558 9 1.63515
1340560 9 .789231
1340561 9 .837089
1340563 9 .616023
1340564 9 .777974
1340566 9 .756314
1340567 9 1.13936
1340569 9 .74614
1340570 9 .775527
1340572 9 2.91873
1340364 9 41.4275
1340389 9 .029171
1340452 9 .0875112
1340453 9 .0805941
1340455 9 .0434408
1340456 9 .0560644
1340462 9 .105635
1340466 9 .0397491
1340468 9 1.24078
1340469 9 .0235056
1340471 10 .0162073
1340472 9 .0391867
1340474 9 .0435657
1340475 9 .0276818
1340477 9 .0382228
1340478 9 .0274921
1340480 9 .0436056
1340481 9 .0296839
1340483 9 .0274917
1340484 9 .0324032
1340486 9 .0339587
1340488 9 .0754932
1340490 9 .141166
1340493 9 .589832
1340495 9 .102522
1347815 10 .0106015
1347823 10 .0100964
1347847 9 .0207679
1347863 10 .0275798
1348279 9 .0304436
1348394 9 .0226566
1348472 9 .127486
1348708 9 .0195369
1348834 9 .0322414
1348901 9 .0156896
1349224 10 .0848781
1349231 9 .037053
1349411 10 .204398
1349508 10 .0264523
1349764 9 .0488642
1349978 9 .0305454
1350081 9 .0304362
1350184 9 .0344648
1350191 9 .052919
1350383 9 .0294887
1350456 9 .0222817
1350510 9 .0219816
1350584 9 .0316616
1350585 9 .0355664
1350685 9 .0351571
1340326 9 .113159
1340328 9 1.86471
1340329 9 1.54089
1340331 9 1.48595
1340332 9 1.83306
1340334 9 1.31495
1340335 9 1.61045
1340337 9 2.15617
1340338 9 2.25341
1340340 9 2.22269
1340341 9 .413399
1340343 9 1.25641
1340344 9 1.24189
1340346 9 1.30901
1340347 9 .957013
1340349 9 .672823
1340350 9 .445248
1340352 9 .413519
1340353 9 .870268
1340355 9 .439844
1340356 9 4.27151
1340358 9 4.22219
1340359 9 3.1721
1340361 9 5.24139
1340362 9 4.05343
1350787 10 .0424074
1350795 9 .0475952
1350935 9 .0617287
1350937 9 .0674132
1350938 9 .0860023
1350940 9 .0733606
1350941 9 .0450429
1350944 9 .0720296
1350945 9 .0687731
1350947 9 .0599471
1350948 9 .248353
1350951 9 .0580897
1350952 9 .12386
1350955 9 .0849344
1350957 9 .0620964
1350960 9 .0826328
1350961 9 .0401299
1350963 9 .046552
1350964 9 .149183
1350966 9 .1655
1350967 9 .631215
1350969 9 .2108
1350970 9 .439243
1350972 9 .219066
1350973 9 .148871
1340573 9 5.8584
1340575 9 3.38134
1340576 9 4.15229
1340578 9 4.45359
1340579 9 5.21827
1341011 9 .0283869
1341132 9 .0308644
1344596 9 .319657
1347041 9 .0118529
1347192 9 .00963115
1347194 9 .0143261
1347320 9 .0153459
1347321 9 .0169257
1347367 10 .00531631
1347370 10 .00633225
1347375 10 .135722
1347392 10 .00741055
1347405 10 .0117798
1347409 10 .00951453
1347538 10 .00573106
1347542 10 .00716132
1347559 10 .00961354
1347620 10 .0134329
1347787 9 .0101381
1347791 10 .00697981
1351058 9 .0528482
1351060 9 .0600524
1351062 9 .0820986
1351064 9 .0809539
1351066 9 .221218
1351067 9 .037525
1351070 9 .0457844
1351071 9 .0664841
1351073 9 .0528415
1351075 9 .0320908
1351077 9 .0600682
1351078 9 .0508905
1351080 9 .0532109
1351081 9 .229464
1351083 9 .036246
1351084 9 .045053
1351087 9 .0528997
1351088 9 .0412764
1351090 9 .0401494
1351091 9 .04746
1351093 9 .0606726
1351094 9 .0375989
1351096 9 .043624
1351097 9 .0328369
1351099 9 .0521938
1350976 9 .355274
1350977 9 .448432
1350979 9 .433373
1350980 9 .117198
1350982 9 .516065
1350983 9 .241786
1350985 9 .210086
1350986 9 .143522
1350988 9 .192348
1350989 9 .115954
1350991 9 .150642
1350992 9 .186973
1350994 9 .319087
1350995 9 .222289
1350998 9 .268241
1350999 9 .0900564
1351001 9 .287298
1351002 9 .134593
1351004 9 .306611
1351005 9 1.40518
1351007 9 1.24859
1351008 9 1.07879
1351010 9 1.00592
1351011 9 1.43645
1351013 9 .80924
1351100 9 .0429486
1351102 9 .0483509
1351104 10 .0491718
1351106 9 .207647
1351107 9 .434301
1351110 9 .4187
1351111 9 .540281
1351113 9 .143976
1351114 9 .277031
1351116 9 .358191
1351117 9 .128283
1351119 9 .312014
1351121 9 .111224
1351123 9 .1354
1351124 9 .290865
1351126 9 .252428
1351127 9 .370252
1351129 9 .556313
1351130 9 .189471
1351132 9 .212693
1351133 9 .276572
1351135 9 .185127
1351136 9 .467341
1351138 9 .418401
1351139 9 .151031
1351141 9 .262613
1351142 9 .381641
1351144 9 .117999
1351145 9 .317202
1351147 9 .135072
1351148 9 .259221
1351150 9 .167406
1351152 9 .357774
1351154 9 .231599
1351155 9 .293461
1351157 9 .0970466
1351158 9 .253187
1351160 9 .113067
1351161 9 .259274
1351163 9 .19088
1351164 9 .374586
1351166 9 .225606
1351167 9 .326358
1351169 9 1.51703
1351170 9 .748386
1351172 9 .987756
1351173 9 1.74062
1351175 9 1.51093
1351176 9 1.61107
1351178 9 1.32102
1355165 9 .0122227
1355166 9 .0135443
1355169 9 .0147274
1355172 9 .0183911
1355174 9 .0157811
1355175 9 .0145564
1355178 9 .120485
1355181 9 .0191126
1355185 9 .0258175
1355186 9 .0678012
1355188 9 .0356317
1355189 9 .0336525
1355191 9 .03549
1355192 9 .0436028
1355195 9 .0382327
1355196 9 .0309921
1355198 9 .0586319
1355199 9 .0432263
1355201 9 .0641325
1355203 9 .038891
1355205 9 .0526489
1355207 9 .0902321
1355209 9 .0341503
1355210 9 .119348
1355212 9 .135841
1355213 9 .124288
1355215 9 .161933
1355216 9 .236713
1355218 9 .141658
1355219 9 .241795
1355221 9 .111028
1355222 9 .0812328
1355224 9 .167833
1355225 9 .144737
1355227 9 1.00668
1355228 9 1.03426
1355230 9 .765947
1355231 9 .890547
1355251 9 .00909106
1355401 9 .259228
1355838 9 .0378452
1355839 9 .04459
1355843 9 .459545
1355844 9 .0337484
1355847 9 .447815
1355848 9 .124438
1355850 9 .495191
1355851 9 .36153
1355854 9 .418803
1355855 9 .103733
1355858 9 .129799
1355859 9 .137635
1355861 9 .52789
1355862 9 .137523
1355864 9 .152396
1355865 9 .387839
1355867 9 .168441
1355868 9 .0768395
1355871 9 .117406
1355872 9 .0995896
1355874 9 1.62946
1355875 9 .40545
1355877 9 .706071
1355878 9 1.05713
1355880 9 .529989
1355881 9 1.1371
1355883 9 .453159
1355884 9 .903265
1355886 9 .616617
1355887 9 .587093
1355889 9 .987152
1355890 9 2.72229
1355892 9 4.18779
1355893 9 2.15269
1355895 9 3.05644
1351014 9 1.69455
1351016 9 .597612
1351017 9 1.12069
1351019 9 1.28955
1351020 9 .669515
1351022 9 .434627
1351023 9 .769411
1351025 9 1.18235
1351026 9 1.33159
1351028 9 7.38372
1351029 9 6.29101
1351031 9 3.31244
1351032 9 8.26812
1351034 9 42.7614
1351036 9 .0274767
1351038 9 .0184479
1351040 9 .066553
1351042 9 .0480003
1351043 9 .0396036
1351045 9 .057357
1351047 9 1.75461
1351050 9 .0502539
1351051 9 .0513774
1351055 9 .161116
1351056 9 .0692078
1357882 10 .00801633
1357883 10 .00982036
1357885 10 .0596282
1357886 10 .0275782
1357888 10 .0415488
1357889 10 .0380949
1357891 10 .121609
1357892 10 .0639114
1357894 10 .0692827
1357895 10 .0268889
1357897 10 .0190822
1357898 10 .028327
1357901 10 .020187
1357902 10 .0278135
1357904 10 .0242465
1357905 10 .0204232
1357907 10 .234171
1357908 10 .270861
1357910 10 .0934987
1357911 10 .0447786
1357913 10 .22381
1357914 10 .074213
1357916 10 .0941876
1357917 10 .224313
1357919 10 .283764
1357920 10 .440909
1357922 10 .429044
1357923 10 .816909
1357940 9 .0215473
1358005 9 .0397545
1358134 9 .026084
1358185 9 .0383889
1358187 9 .0310507
1358188 9 .0228088
1358190 9 .0328135
1358191 9 .105065
1358195 9 .0243793
1358196 10 .0188896
1358199 9 .103726
1358200 9 .0737236
1358202 9 .216146
1358203 9 .28302
1358205 9 .0969128
1358206 9 .253388
1358209 9 .0958216
1358210 9 .0622821
1358212 9 .0808996
1358213 9 .0610783
1358215 9 .0519271
1358216 9 .233609
1355896 9 29.38
1357789 10 .00610321
1357803 10 .0110976
1357846 10 .00502185
1357847 10 .0119378
1357849 10 .00646656
1357850 10 .0060435
1357852 10 .00642353
1357853 10 1.08856
1357855 10 .0060611
1357857 10 .00650914
1357859 10 .017059
1357860 10 .00637772
1357862 10 .0112836
1357863 10 .00799728
1357866 10 .00647057
1357867 10 .00882561
1357869 10 .00912761
1357870 10 .00792245
1357872 10 .00643787
1357873 10 .00989792
1357875 10 .0102032
1357876 10 .00713606
1357879 10 .0111608
1357880 10 .00705416
1359755 9 .0254094
1359757 9 .0472037
1359758 9 .0446681
1359760 9 .0804179
1359765 9 .0593385
1359767 9 .168146
1359768 9 .0270806
1359771 9 .0717978
1359772 9 .0594822
1359774 9 .185218
1359776 9 .105773
1359778 9 .122352
1359779 9 .294057
1359781 9 .664796
1359783 9 .159298
1359786 9 .164073
1359787 9 .303903
1359789 9 .422821
1359790 9 .154142
1359792 9 .109449
1359793 9 .235322
1359796 9 .206071
1359797 9 .273858
1359799 9 .453064
1359801 9 .123227
1351179 9 1.35572
1351181 9 .969079
1351182 9 .650898
1351184 9 1.22363
1351185 9 1.15671
1351187 9 .85112
1351188 9 1.09127
1351190 9 .936541
1351191 9 .959615
1351193 9 .786673
1351194 9 1.14064
1351196 9 .816432
1351197 9 .933848
1351199 9 7.78
1351200 9 5.00952
1351202 9 4.07513
1351203 9 5.55639
1351205 9 6.18365
1351206 9 55.9141
1355077 9 .0292612
1355098 9 .0209685
1355154 9 .0159787
1355156 9 .0143531
1355161 9 .0127049
1355162 9 .0127503
1359845 9 .0322593
1359847 9 .032514
1359848 9 .0663128
1359850 9 .0480881
1359851 9 .0569579
1359854 9 .14452
1359855 9 .171745
1359857 9 .319125
1359858 9 .536591
1359860 9 .208765
1359861 9 .163672
1359864 9 .326508
1359865 9 .158373
1359867 9 .395354
1359868 9 .365705
1359870 9 .116596
1359871 9 .109867
1359874 9 .152168
1359875 9 .281515
1359877 9 .191214
1359879 9 .262978
1359881 9 .137677
1359882 9 .316819
1359884 9 .788868
1359885 9 1.20579
1358219 9 .0784719
1358220 9 .148349
1358223 9 .223888
1358224 9 .0818128
1358226 9 .0853874
1358227 9 .212363
1358229 9 .52065
1358230 9 1.19069
1358232 9 .284009
1358233 9 .421413
1358235 9 1.16935
1358236 9 .686585
1358238 9 .81339
1358239 9 .754822
1358241 9 .298999
1358242 9 .70173
1358244 9 .711463
1358245 9 2.00299
1358247 9 4.1976
1358248 9 2.17487
1358250 9 2.33466
1358251 9 21.9078
1359119 10 .00638457
1359155 10 .00993563
1359535 9 .0242949
1362184 10 .0275054
1362754 10 .459305
1364401 9 .187548
1364403 9 .0154267
1364404 9 .0122077
1364406 9 .0338563
1364407 9 .0227518
1364409 9 .0499862
1364411 9 .0471898
1364413 9 .0240044
1364414 9 .0364784
1364416 9 .186172
1364417 9 .0402536
1364419 9 .0326321
1364420 9 .0469516
1364422 9 .0319903
1364423 9 .047536
1364425 9 .0661222
1364427 9 .0446199
1364429 9 .0453341
1364430 9 .0615942
1364432 9 .225789
1364433 9 .14431
1364435 9 .33289
1364436 9 .0953511
1359803 9 .163898
1359804 9 .114707
1359806 9 .513506
1359807 9 1.85165
1359809 9 1.04313
1359810 9 1.21264
1359812 9 .51446
1359813 9 1.31087
1359815 9 .752196
1359816 9 1.49542
1359818 9 .667744
1359819 9 .691219
1359821 9 1.33946
1359822 9 1.76411
1359824 9 6.08233
1359825 9 8.33037
1359827 9 6.04832
1359828 9 6.65547
1359831 9 .0323226
1359832 9 .0643069
1359834 9 .718502
1359835 9 .0555534
1359839 9 .079665
1359840 9 .0592198
1359844 9 .101105
1364438 9 .155347
1364439 9 .135017
1364441 9 .451023
1364442 9 .152645
1364444 9 .309998
1364445 9 .142311
1364448 9 .343165
1364449 9 .209008
1364451 9 .307917
1364452 9 .187485
1364454 9 .339792
1364455 9 .0932999
1364457 9 .393563
1364458 9 .137348
1364460 9 .305585
1364461 9 .73932
1364463 9 1.49436
1364464 9 .961358
1364466 9 1.2076
1364467 9 .911242
1364469 9 .8372
1364470 9 .642245
1364472 9 .880572
1364473 9 .905743
1364475 9 .75851
1359887 9 .982459
1359888 9 1.10347
1359890 9 .92524
1359891 9 1.18374
1359893 9 .744761
1359894 9 1.40926
1359896 9 .730193
1359897 9 .675077
1359899 9 1.05741
1359900 9 1.09649
1359902 9 6.53621
1359903 9 6.5783
1359905 9 4.45098
1359906 9 5.16474
1360698 9 .147514
1361073 9 .0119971
1361098 9 .0150688
1361152 9 .145998
1361314 9 .0664992
1361510 10 .0310852
1361545 10 .0821789
1361645 9 .0414542
1361980 9 .0526657
1362086 9 .0323196
1362178 10 .0233934
1364521 9 .136668
1364522 9 .142082
1364524 9 .507495
1364525 9 .378591
1364527 9 .22563
1364528 9 .112916
1364530 9 .467113
1364531 9 .281281
1364534 9 .164781
1364535 9 .302792
1364537 9 .14776
1364538 9 .33603
1364541 9 .136526
1364542 9 .306272
1364544 9 .148413
1364545 9 .316644
1364547 9 .292274
1364548 9 .227894
1364551 9 .385599
1364552 9 .15068
1364554 9 .420429
1364555 9 .156397
1364557 9 .224773
1364558 9 .405837
1364560 9 1.46728
1364476 9 .856183
1364478 9 4.19894
1364479 9 3.35066
1364481 9 3.18175
1364482 9 29.9234
1364484 9 .0225948
1364485 9 .0244412
1364487 9 .0342232
1364490 9 .0495241
1364492 9 .0427314
1364493 9 .0553258
1364495 9 .0775752
1364497 9 .0328468
1364499 9 .0791066
1364500 9 .0375891
1364502 9 .0224815
1364503 9 .0560614
1364505 9 .134731
1364507 9 .0517194
1364509 9 .112632
1364511 9 .0422292
1364515 9 .0318938
1364516 9 .0348481
1364518 9 .0861597
1364519 9 .193311
1364674 9 .602424
1364675 9 .665151
1364677 9 1.43115
1364678 9 1.0056
1364680 9 .866456
1364681 9 .679497
1364683 9 1.59102
1364684 9 1.53023
1364687 9 1.46218
1364688 9 .875482
1364690 9 .460262
1364691 9 2.44011
1364693 9 2.21713
1364694 9 8.22951
1364696 9 5.63161
1364697 9 3.05111
1364699 9 2.87344
1364700 9 3.16018
1364702 9 2.55052
1364703 9 4.23924
1364705 9 3.44252
1364706 9 3.67667
1364708 9 3.936
1364709 9 4.38355
1364711 9 4.40439
1364561 9 .990933
1364563 9 1.34603
1364564 9 1.82405
1364566 9 1.24743
1364567 9 .989527
1364569 9 .788281
1364570 9 .727904
1364572 9 1.16804
1364573 9 1.36083
1364575 9 1.01049
1364576 9 1.53688
1364578 9 1.19884
1364579 9 1.30828
1364581 9 10.0284
1364582 9 3.62722
1364584 9 4.60545
1364585 9 5.01907
1364587 9 4.60361
1364588 9 39.1602
1364610 10 .0312949
1364630 10 .0783534
1364668 9 .135414
1364669	ERROR	1
1364748 9 .137017
1364749 9 .182134
1364750 9 .293653
1364751 9 .147698
1364752 9 .288479
1364753 9 .140997
1364754 9 .427841
1364756 9 .567313
1364759 9 .65831
1364760 9 1.04846
1364761 9 1.15281
1364762 9 1.10289
1364763 9 .557064
1364764 9 .682587
1364766 9 .991237
1364767 9 3.07895
1364770 9 .798243
1364771 9 .714448
1364773 9 .488291
1364774 9 .713661
1364776 9 .595552
1364777 9 1.31786
1364779 9 1.16526
1364780 9 1.136
1364782 9 1.05431
1364712 9 4.22025
1364714 9 17.9307
1364715 9 22.6861
1364717 9 18.765
1364718	ERROR	1
1364783 9 .788993
1364785 9 .683497
1364786 9 1.01803
1364789 9 .812991
1364790 9 .940404
1364792 9 1.19621
1364793 9 .702964
1364795 9 .933296
1364796 9 .800937
1364798 9 1.01507
1364799 9 1.67231
1364802 9 1.67626
1364803 9 .876379
1364805 9 13.9692
1364806 9 2.48338
1364808 9 7.0412
1364809 9 5.35179
1364811 9 12.607
1364812 9 11.2127
1364814 9 10.7323
1364815 9 7.46119
1364817 9 9.82638
1364818 9 9.90128
1364820 9 8.42794
1364821 9 12.541
1364901 9 69.3046
1364902	ERROR	1
1364823 9 4.7936
1364824 9 4.13895
1364826 9 3.75314
1364827 9 3.05051
1364829 9 3.72374
1364830 9 3.70675
1364832 9 92.5849
1364833 9 28.3611
1364835 9 33.4935
1364836 9 32.4959
1364838 9 33.7871
1364839 9 34.8427
1364841 9 .404058
1364842 9 .465509
1364844 9 2.28221
1364845 9 .266088
1364848 9 1.1932
1364849	ERROR	1
1364863 9 1.47148
1364865 9 1.34072
1364866 9 1.226
1364868 9 1.08891
1364869 9 .815112
1364871 9 1.27696
1364872 9 .984998
1364874 9 15.1243
1364875 9 12.3369
1364877 9 16.4787
1364878 9 21.6906
1364880 9 10.9857
1364881 9 8.52164
1364883 9 7.53918
1364884 9 11.5043
1364886 9 12.6713
1364887 9 10.5321
1364889 9 9.05447
1364890 9 11.1545
1364892 9 10.2558
1364893 9 12.5976
1364895 9 119.443
1364896	ERROR	1
1365068 9 .412554
1365071 9 .366731
1365072 9 2.40499
1365074 9 1.439
1365075 9 3.26312
1365076 9 3.47964
1365077 9 1.46989
1365078 9 .448214
1365079 9 .222191
1365080 9 .721109
1365081 9 .669443
1365082 9 .92449
1365083 9 1.21748
1365084 9 1.02308
1365085 9 .870615
1365086 9 .743548
1365087 9 .804651
1365088 9 .924883
1365090 9 1.02439
1365091 9 .623215
1365092 9 .881758
1365093 9 .680426
1365094 9 .812087
1365095 9 .896313
1365096 9 .993618
1365097 9 .343594
1365098 9 .477237
1365099 9 .647616
1365100 9 .680835
1365101 9 8.26618
1365102 9 3.23893
1365103 9 3.70776
1365104 9 5.94189
1365105 9 3.76708
1365106 9 5.66973
1365107 9 2.57789
1365108 9 5.0208
1365109 9 4.49027
1365110 9 4.70172
1365111 9 4.01707
1365112 9 3.0397
1365113 9 3.76208
1365114 9 3.62297
1365115 9 2.87251
1365116 9 3.50475
1365117	ERROR	1
1364991 9 17.1678
1364993 9 8.93387
1364994 9 6.28321
1364996 9 7.55717
1364997 9 10.0941
1364999 9 9.16624
1365000 9 9.12385
1365002 9 6.50501
1365003 9 9.85923
1365005 9 6.02127
1365006 9 10.1421
1365008 9 43.8365
1365009 9 17.3714
1365011 9 19.3723
1365012 9 22.7066
1365014	ERROR	1
1365030 9 2.32772
1365032 9 1.8726
1365034 9 1.41561
1365035 9 1.54619
1365037 9 1.70182
1365038 9 1.33619
1365040 9 2.11527
1365041 9 1.74318
1365043 9 5.67918
1365044 9 15.2545
1365046 9 2.46619
1365047 9 4.5751
1365049 9 3.72522
1365050 9 2.36702
1365052 9 2.88921
1365053 9 3.78196
1365055 9 3.41775
1365056 9 4.16158
1365058 9 4.22182
1365059 9 2.35198
1365061 9 21.3244
1365062 9 45.3813
1365064	ERROR	1
1365122	ERROR	1
1365202 9 .174148
1365206 9 1.52905
1365207 9 2.25015
1365209 9 1.46376
1365210 9 1.1881
1365213 9 1.27861
1365214 9 .941825
1365216 9 1.39541
1365218 9 1.19783
1365220 9 1.94447
1365221 9 1.26262
1365224 9 1.57603
1365225 9 1.19149
1365227 9 1.49822
1365228 9 1.1128
1365231 9 .979849
1365232 9 1.69047
1365234 9 11.7888
1365235 9 4.98655
1365237 9 5.09608
1365238 9 4.46709
1365240 9 3.27195
1365241 9 5.51382
1365243 9 5.51385
1365244 9 6.80913
1365246 9 5.36002
1365247 9 3.93944
1365249 9 5.69831
1365250 9 40.9352
1365252	ERROR	1
1365165 9 .527997
1365166 9 .473692
1365168 9 .811407
1365169 9 .881484
1365171 9 .798432
1365172 9 7.33667
1365174 9 4.3866
1365175 9 3.6561
1365177 9 4.62477
1365178 9 3.22476
1365180 9 3.56417
1365181 9 7.23593
1365183 9 4.39695
1365184 9 4.90593
1365186 9 5.95188
1365187 9 3.49859
1365189 9 2.73078
1365190 9 3.81627
1365192 9 4.24832
1365193 9 4.85638
1365195	ERROR	1
1365329	ERROR	1
1365278 9 44.4752
1365279	ERROR	1
1365304 9 15.0586
1365305 9 66.001
1365306	ERROR	1
1365355 9 42.8746
1365356	ERROR	1
1365382 9 3.87101
1365383 9 10.1819
1365384 9 7.92546
1365385 9 16.9016
1365386 9 4.77551
1365387 9 9.81005
1365388 9 11.5585
1054007 10 .00302019
1054009 10 .00239748
1054010 10 .00388204
1054012 10 .00525117
1054013 10 .00347522
1054015 10 .00328135
1054016 10 .10869
1054018 10 .00252115
1054019 10 .00279901
1054021 10 .00431313
1054022 10 .00258956
1054024 10 .00266641
1054025 10 .00237075
1054027 10 .00261303
1054028 10 .0614726
1054030 10 .00269941
1054031 10 .00416088
1059522 10 .129134
1059524 10 .123158
1059526 10 .319726
1059528 10 .816585
1059529 10 1.40443
1059531 10 .750718
1059655 10 7.44052
1059663 10 .965129
1059664 10 .71087
1059666 10 .831518
1059667 10 .112489
1059669 10 .244437
1059670 10 .31442
1059672 10 .355821
1059673 10 .551817
1059675 10 .510032
1059676 10 4.15549
1059678 10 1.30123
1059679 10 2.65588
1059681 10 2.49035
1059682 10 .937664
1059684 10 1.72788
1059685 10 2.72099
1059687 10 1.43454
1059688 10 2.02925
1059690 10 3.15735
1059691 10 2.30308
1059693 10 6.34003
1059694 10 4.80574
1059707 10 1.94794
1059708 10 .335838
1059710 10 .579722
1059711 10 .396053
1059760 10 .885981
1059762 10 .812507
1059763 10 1.45436
1059765 10 .588186
1059766 10 3.79583
1059768 10 2.35674
1059769 10 5.09354
1059771 10 2.59462
1059772 10 4.14432
1059774 10 3.63945
1059775 10 3.1416
1059777 10 22.593
1059781	ERROR	1
1059714 10 .698804
1059715 10 .763234
1059717 10 2.44238
1059718 10 3.71489
1059720 10 3.2137
1059721 10 1.72961
1059723 10 2.93784
1059724 10 4.37245
1059726 10 9.48531
1059727 10 5.75394
1059729 10 2.57459
1059730 10 3.17814
1059732 10 1.99545
1059733 10 18.6555
1059735 10 10.9154
1059736 10 12.6021
1059738 10 18.6292
1059739	ERROR	1
1059801 10 7.14631
1059802 10 14.2553
1059804	ERROR	1
1068398	ERROR	1
1063545 9 .0488297
1063548 9 .0345772
1063549 10 .0203211
1063551 9 .0297722
1063552 10 .0191388
1063554 9 .0295913
1063555 9 .138987
1063557 9 .0263075
1063558 9 .0487325
1064538 9 .371705
1064588 9 .504214
1065112 10 .0170168
1065199 9 .0331022
1065206 10 .0122899
1066634 9 21.2649
1066635 9 29.9561
1066687 9 .332602
1066732 9 2.16926
1066832 9 .39566
1067293 9 .0990515
1067391 9 .328505
1067466	ERROR	1
1068715 9 22.5433
1068716 9 11.0163
1068718	ERROR	1
1068621 9 .341844
1068622 9 .552937
1068624 9 .981898
1068626 9 .522035
1068628 9 .714248
1068629 9 .701318
1068631 9 5.57652
1068657 10 .222054
1068658 10 .741333
1068660 10 1.13986
1068662 10 1.23018
1068664 10 .962751
1068665 10 5.32236
1068667 10 3.2932
1068668 10 3.07208
1068670 10 3.12356
1068671 10 1.75027
1068679	ERROR	1
1068758	ERROR	1
1068846 9 4.95458
1068847 9 4.87604
1068851 9 31.4405
1068852 9 25.3238
1068853 9 15.1141
1068854	ERROR	1
1068809 9 19.6003
1068811 9 22.96
1068812 9 14.4911
1068816 9 49.2452
1068818	ERROR	1
1068913	ERROR	1
1068877 9 20.7918
1068879	ERROR	1
1070686 9 3.84583
1070821 9 2.39454
1070928 9 2.6403
1071457 9 1.9461
1071513 9 1.70743
1071833 9 2.75116
1071856 9 3.52183
1072084 9 4.74796
1072116 9 1.73766
1072325 9 1.84467
1072439 9 4.49427
1252321 10 .072521
1259405 9 .0532703
1259526 9 .0728005
1259625 9 .0819978
1364671 9 .158102
1364672 9 .535751
1364720	ERROR	1
1364733 9 3.82261
1364734 9 5.13143
1364736 9 2.41517
1364737 9 5.0349
1364739 9 7.55597
1364740 9 31.9143
1364742 9 26.5424
1364743	ERROR	1
1364963 9 1.07591
1364964 9 .641048
1364966 9 .567168
1364967 9 2.06395
1364969 9 2.3352
1364970 9 2.01988
1364972 9 .968729
1364973 9 1.1757
1364975 9 .266125
1364976 9 .405807
1364978 9 .701408
1364979 9 .644057
1364981 9 .980506
1364982 9 .82979
1364984 9 .780453
1364985 9 1.0551
1364987 9 11.0164
1364988 9 4.72682
1364990 9 3.42475
1365015	ERROR	1
1365025 9 .700521
1365027 9 .948461
1365028 9 1.4817
1365065 9 47.178
1365067 9 1.31756
1365118	ERROR	1
1365151 9 .619777
1365152 9 .902263
1365155 9 .687057
1365156 9 .811491
1365158 9 .5746
1365159 9 .762846
1365161 9 .651303
1365162 9 .982051
1365196 9 26.9736
1365198	ERROR	1
1365270 9 2.32484
1365271 9 4.84431
1365273 9 13.1187
1365274 9 6.7364
1365275 9 10.5268
1365276 9 55.2462
1365277	ERROR	1
1365299 9 1.36319
1365300 9 2.91532
1365301 9 1.80458
1365302 9 5.86066
1365303 9 8.15496
1365307 9 8.552
1365308 9 36.0425
1365309 9 13.6496
1365310 9 11.5
1365311	ERROR	1
1365327 9 9.57732
1365328 9 18.2038
1365330 9 56.5514
1365331	ERROR	1
1365354 9 5.09123
1365357 9 38.8362
1365358 9 14.6632
1365359 9 11.363
1365360 9 20.1284
1365361 9 15.2429
1365362 9 25.3335
1365363	ERROR	1
1365390 9 79.7998
1365391	ERROR	1
1365444	ERROR	1
1365469	ERROR	1
1365497 9 .0829047
1365498 9 .0512023
1365499 9 .0607606
1365501 9 .0633386
1365502 9 .0244406
1365503 9 .0161888
1365504 9 .019767
1365506 9 .0191514
1365507 9 .0176102
1365508 9 .0681409
1365509 9 .0295167
1365510 9 .020641
1365511 9 .0226633
1365512 9 .0152252
1365513 9 .0212086
1365514 9 .0179501
1365515 9 .0244666
1365516 9 .0175042
1365517 9 .0323575
1365518 9 .0196752
1365519 9 .0251371
1365520 9 .0612761
1365521 9 .176879
1365522 9 .0332187
1365524 9 .0288174
1365415 9 8.18877
1365416 9 4.09861
1365417 9 5.26316
1365418 9 6.50255
1365419 9 3.85778
1365422 9 4.74143
1365423 9 1.92991
1365424 9 8.21079
1365427	ERROR	1
1365526 9 .0326412
1365528 9 .032265
1365529 9 .0476773
1365531 9 .0384273
1365532 9 .107173
1365534 10 .0344387
1365535 9 .0233905
1365538 9 .020281
1365539 9 .0294417
1365541 9 .0249679
1365542 9 .020702
1365544 9 .0203571
1365545 9 .0196877
1365548 9 .0256443
1365551 9 .0520284
1365553 9 .172313
1365554 9 .0643204
1365556 9 .412066
1365557 9 .0770128
1365559 9 .0560114
1365560 9 .0700714
1365562 9 .0676081
1365563 9 .208343
1365565 9 .128155
1365566 9 .322152
1365568 9 .0980299
1365569 9 .110224
1365571 9 .220477
1365572 9 .123708
1365575 9 .24761
1365576 9 .0741779
1365578 9 .217212
1365579 9 .0973106
1365581 9 .240042
1365582 9 .100483
1365584 9 .270851
1365585 9 .086935
1365587 9 .100323
1365588 9 .0964764
1365590 9 .324034
1365591 9 .0977703
1365593 9 .286403
1365594 9 .0935095
1365596 9 .527425
1365597 9 .849644
1365599 9 .731028
1365600 9 1.00894
1365602 9 .688547
1365603 9 .611834
1365605 9 .938459
1365650 9 .0388939
1365651 9 .0494142
1365655 9 .0535353
1365656 9 .309841
1365658 9 .0543569
1365659 9 .0709879
1365661 9 .211059
1365662 9 .280258
1365663 9 .140078
1365664 9 .122713
1365665 9 .253747
1365666 9 .118168
1365667 9 .322425
1365668 9 .506184
1365670 9 .13521
1365671 9 .0691863
1365672 9 .231536
1365673 9 .047287
1365674 9 .0561923
1365675 9 .0871335
1365676 9 .0830829
1365678 9 .0505322
1365679 9 .071197
1365680 9 .0610847
1365681 9 .0583064
1365682 9 .0827899
1365683 9 .0708569
1365684 9 .0812621
1365685 9 .169368
1365686 9 .070007
1365688 9 .0572494
1365689 9 .0589239
1365690 9 .0719209
1365691 9 .281391
1365692 9 .0705996
1365693 9 .051248
1365694 9 .0553578
1365695 9 .175037
1365696 9 .48635
1365697 9 1.23179
1365698 9 .48116
1365699 9 1.62744
1365700 9 1.4763
1365701 9 2.2749
1365702 9 .192547
1365703 9 .956867
1365704 9 .771455
1365705 9 .65203
1365706 9 .263054
1365707 9 .227005
1365606 9 .356788
1365608 9 .652796
1365609 9 .668273
1365611 9 .700036
1365612 9 .561651
1365614 9 .790422
1365615 9 5.0878
1365617 9 2.70419
1365618 9 3.1788
1365620 9 22.3047
1365621 9 .0122858
1365623 9 .0087316
1365624 9 .0181213
1365629 9 .0259437
1365630 9 .946296
1365632 9 .016079
1365633 9 .0293062
1365636 9 .0135073
1365637 9 .0335219
1365639 9 .0166042
1365640 9 .0282388
1365642 9 .0333305
1365643 9 .023641
1365646 9 .0297011
1365647 9 .0245186
1365735 9 .0198265
1365736 9 .0257532
1365737 9 .0196827
1365738 9 .0242264
1365739 9 .108032
1365740 9 .175759
1365742 9 .0274215
1365743 9 .0318181
1365744 9 .0359394
1365745 9 .0280159
1365746 9 .225821
1365747 9 .0167795
1365748 9 .0229814
1365749 9 .0516632
1365750 9 .174575
1365752 9 .0282072
1365753 9 .0295122
1365754 9 .0406503
1365755 9 .0361261
1365756 9 .025877
1365757 9 .0425508
1365760 9 .0242573
1365761 9 .0257512
1365762 9 .017626
1365763 9 .0502786
1365764 9 .21813
1365765 9 .260236
1365766 9 .0864713
1365767 9 .263862
1365768 9 .063775
1365769 9 .359739
1365770 9 .407987
1365771 9 .118678
1365772 9 .15973
1365773 9 .346772
1365774 9 .128181
1365775 9 .160186
1365776 9 .344756
1365778 9 .313757
1365779 9 .0901106
1365780 9 .0856119
1365781 9 .274903
1365782 9 .0725896
1365783 9 .312778
1365784 9 .0898387
1365786 9 .335838
1365787 9 .110169
1365788 9 .0947309
1365789 9 .257009
1365790 9 .0882377
1365791 9 .0897566
1365792 9 .0942156
1365793 9 .258274
1365794 9 .0874176
1365796 9 .0600588
1365797 9 .0768169
1365798 9 .121172
1365799 9 .118069
1365800 9 .189872
1365801 9 .0723636
1365802 9 .247351
1365803 9 .133841
1365804 9 .824765
1365805 9 1.02352
1365807 9 1.26287
1365808 9 1.05627
1365809 9 1.26887
1365810 9 .499587
1365811 9 .763899
1365812 9 .493673
1365813 9 .819175
1365814 9 .760524
1365815 9 .499829
1365816 9 1.00187
1365817 9 .741198
1365708 9 .664633
1365709 9 .485311
1365710 9 .316053
1365711 9 .368219
1365712 9 .362844
1365713 9 .387715
1365714 9 .24225
1365715 9 .37426
1365716 9 .881193
1365717 9 .491789
1365718 9 6.28518
1365719 9 2.08452
1365720 9 2.76686
1365721 9 2.28613
1365722 9 3.0038
1365724 9 1.66202
1365725 9 16.9585
1365726 9 .0195361
1365727 9 .0128874
1365728 9 .0101655
1365729 9 .0138841
1365730 9 .0125758
1365731 9 .029055
1365732 9 .0166064
1365733 9 .816904
1365994 9 .295756
1365996 9 .153745
1365997 9 .126545
1365999 9 .137267
1366000 9 .123099
1366001 9 .595051
1366002 9 1.04801
1366003 9 .518418
1366004 9 1.13807
1366005 9 .68944
1366006 9 .671551
1366007 9 .811105
1366008 9 5.88045
1366009 9 1.89522
1366010 9 2.5264
1366011 9 22.1582
1366012 9 .0418974
1366013 9 .0394098
1366014 9 .0387829
1366016 9 .131257
1366019 9 .114961
1366020 9 .239522
1366021 9 1.11513
1366022 9 .101238
1366023 9 .11354
1365818 9 .298617
1365819 9 .650576
1365820 9 .496132
1365821 9 .913014
1365822 9 1.09329
1365823 9 1.09467
1365824 9 1.13449
1365825 9 .909366
1365826 9 7.00221
1365827 9 2.29321
1365828 9 3.20596
1365829 9 3.37969
1365830 9 4.42555
1365831 9 2.90321
1365832 9 2.96889
1365833 9 24.0283
1365842 10 .00643236
1365890 10 .011906
1365984 9 .0217238
1365986 9 .0196348
1365987 9 .0517894
1365989 9 .036708
1365991 9 .0432514
1365992 9 .269981
1365993 9 .119526
1366025 9 .253181
1366026 9 .271188
1366027 9 .121071
1366028 9 .385222
1366030 9 .083134
1366031 9 .0943175
1366032 9 .192748
1366033 9 .09437
1366035 9 .100703
1366036 9 .0854147
1366037 9 .11666
1366038 9 .0735486
1366039 9 .0931535
1366042 9 .0889064
1366043 9 .0898609
1366045 9 1.74192
1366046 9 .487566
1366048 9 1.03756
1366049 9 .415999
1366051 9 .619301
1366052 9 .524302
1366054 9 .958627
1366055 9 .376052
1366057 9 .505264
1366058 9 .439894
1366104 10 .241973
1366106 10 .583913
1366107 10 1.53995
1366109 10 .486876
1366110 10 .6216
1366112 10 .609361
1366113 10 .567448
1366115 10 4.16442
1366116 10 2.11044
1366118 10 1.76473
1366119 10 1.4683
1366195 9 .0545628
1366196 9 .061464
1366198 9 .0409932
1366199 9 .0559336
1366201 9 .12559
1366202 9 .106666
1366204 9 .0663544
1366205 9 .0676439
1366207 9 .042019
1366208 9 .0448243
1366210 9 .419627
1366211 9 .0999381
1366213 9 .0969178
1366214 9 .0635882
1366060 9 5.62155
1366061 9 1.60098
1366063 9 2.30079
1366064 9 2.51044
1366066 9 16.5756
1366067 10 .0304353
1366071 10 .025303
1366074 10 .965767
1366076 10 .039194
1366077 10 .0268753
1366079 10 .0197405
1366080 10 .0780757
1366082 10 .0989784
1366083 10 .0889075
1366087 10 .380617
1366088 10 .0845171
1366090 10 .135809
1366092 10 .104375
1366094 10 .0934158
1366095 10 .0416377
1366097 10 .0504765
1366098 10 .0457444
1366100 10 .0506062
1366101 10 .0621326
1366103 10 .914324
1366216 9 .14756
1366217 9 .318134
1366219 9 .502562
1366220 9 .45957
1366222 9 .520663
1366223 9 .206117
1366225 9 .834046
1366226 9 .559001
1366228 9 .560205
1366229 9 .377101
1366231 9 .558362
1366232 9 1.91126
1366234 9 2.0934
1366236 9 1.23706
1366238 9 1.66733
1366239 9 .6585
1366241 9 .234114
1366242 9 .523472
1366244 9 .715333
1366245 9 .795563
1366247 9 .556604
1366248 9 .634785
1366250 9 .614956
1366251 9 .205997
1366253 9 .796382
1366254 9 .351996
1366256 9 .233118
1366257 9 .397372
1366259 9 .457318
1366260 9 .353267
1366262 9 5.26152
1366263 9 2.68573
1366265 9 5.08584
1366266 9 4.28096
1366268 9 2.74775
1366269 9 5.56961
1366271 9 2.79968
1366272 9 1.12876
1366274 9 1.00425
1366275 9 3.81136
1366277 9 3.03862
1366278 9 3.36371
1366280 9 2.35517
1366281 9 2.57069
1366283 9 3.68774
1366284 9 2.69341
1366286 9 4.42352
1366287 9 4.05466
1366289 9 2.60409
1366290	ERROR	1
1366292 9 18.9228
1366293 9 11.6598
1366295 9 13.9936
1366296 9 16.4757
1366297 9 12.0021
1366298	ERROR	1
1366344 9 .104556
1366345 9 .111555
1366346 9 .25961
1366347 9 .108809
1366348 9 .354375
1366357 9 .45916
1366358 9 1.85298
1366360 9 .952974
1366361 9 .266923
1366363 9 .695222
1366364 9 .599795
1366366 9 2.44882
1366368 9 2.309
1366371 9 .786636
1366372 9 .919003
1366374 9 1.16024
1366375 9 .909121
1366377 9 .894312
1366378 9 1.14025
1366380 9 .459358
1366381 9 .822853
1366383 9 .790233
1366384 9 .962123
1366386 9 .680623
1366387 9 .694063
1366319 9 3.68294
1366320 9 2.62499
1366321 9 1.82585
1366322 9 1.81747
1366323 9 3.91464
1366324 9 4.64574
1366325 9 4.01659
1366326 9 3.50415
1366327 9 3.60651
1366328 9 4.01968
1366329 9 5.15352
1366330 9 35.3144
1366331	ERROR	1
1366389 9 .48002
1366390 9 .610827
1366392 9 .66081
1366393 9 .775812
1366396 9 1.00802
1366397 9 1.20733
1366399 9 .799252
1366400 9 .755806
1366402 9 .737691
1366403 9 1.10679
1366404 9 1.02349
1366405 9 1.35528
1366406 9 .318119
1366407 9 .671291
1366408 9 .796237
1366409 9 .760461
1366410 9 .785054
1366411 9 1.25927
1366412 9 .967151
1366414 9 1.03515
1366415 9 .337387
1366416 9 .98887
1366417 9 .995119
1366418 9 1.65555
1366419 9 .957267
1366420 9 .279468
1366421 9 .396537
1366422 9 .460559
1366423 9 .398049
1366424 9 .425055
1366425 9 .807752
1366426 9 .550484
1366427 9 .339215
1366428 9 .272823
1366429 9 .649992
1366430 9 .634631
1366431 9 .499919
1366432 9 .414232
1366433 9 .426777
1366434 9 .623552
1366436 9 3.43222
1366437 9 10.4769
1366439 9 3.25025
1366440 9 5.9606
1366442 9 5.68955
1366443 9 5.69379
1366445 9 6.04996
1366446 9 3.31269
1366447 9 3.47574
1366448 9 3.18298
1366449 9 4.1431
1366450 9 2.81932
1366451 9 3.0159
1366452 9 2.62376
1366453 9 2.5878
1366454 9 4.7332
1366455 9 2.97792
1366456 9 4.57208
1366457 9 3.98162
1366458 9 3.33622
1366459 9 3.6239
1366460 9 3.40343
1366461 9 3.44154
1366462 9 3.74585
1366463 9 3.96229
1366464 9 3.60104
1366465 9 3.71491
1366466 9 3.95454
1366467 9 2.30544
1366468 9 2.54894
1366469 9 3.78679
1366470 9 3.71355
1366471 9 3.77001
1366472 9 28.7606
1366473	ERROR	1
1366474 9 28.4033
1366475 9 13.0631
1366476 9 10.3771
1366477 9 15.0064
1366478 9 19.7329
1366479 9 11.7949
1366480 9 14.2153
1366481	ERROR	1
1366505 9 .637984
1366506 9 2.27652
1366507 9 11.1556
1366508 9 3.45393
1366509 9 5.97748
1366510 9 3.57297
1366511 9 5.52395
1366512 9 2.21695
1366513 9 4.6791
1366514 9 2.51311
1366515 9 2.07072
1366517 9 2.20202
1366518 9 4.41035
1366520 9 2.73074
1366521 9 2.59509
1366522 9 2.27823
1366523 9 2.40036
1366524 9 2.20833
1366525 9 2.41126
1366526 9 3.85801
1366527 9 1.36282
1366528 9 29.3866
1366529	ERROR	1
1366532 9 20.3293
1366533 9 17.045
1366534 9 11.3452
1366535	ERROR	1
1366560 9 .405389
1366561 9 .977248
1366562 9 .489679
1366563 9 4.9587
1366564 9 11.0943
1366565 9 3.21832
1366566 9 5.55154
1366567 9 5.80577
1366568 9 6.44379
1366569 9 2.81525
1366570 9 4.94745
1366571 9 4.04443
1366572 9 3.86297
1366573 9 6.14923
1366574 9 2.76822
1366575 9 6.49572
1366576 9 3.60774
1366577 9 2.30018
1366578 9 2.79699
1366579 9 2.20158
1366580 9 2.41247
1366581 9 3.67718
1366582 9 5.01722
1366583 9 6.6152
1366584 9 2.64952
1366702 9 5.73213
1366703 9 3.56927
1366704 9 1.24191
1366705 9 3.23808
1366706 9 1.20793
1366707 9 1.62227
1366708 9 1.66557
1366709 9 2.62852
1366710 9 2.6315
1366711 9 3.98179
1366712 9 3.38361
1366713 9 1.96749
1366714 9 2.83022
1366715 9 3.87129
1366716 9 3.90551
1366717 9 3.13193
1366718 9 2.73792
1366719 9 2.80519
1366720 9 31.3709
1366721	ERROR	1
1366727	ERROR	1
1366585 9 42.3122
1366586 9 13.9834
1366587 9 16.8502
1366588 9 10.4763
1366589 9 19.4207
1366590 9 13.4653
1366591 9 12.1794
1366592	ERROR	1
1366779 9 16.4698
1366780	ERROR	1
1366806 9 .292144
1366807 9 .705548
1366808 9 .582379
1366809 9 .573743
1366810 9 .591719
1366811 9 .662773
1366812 9 .718118
1366813 9 1.05017
1366814 9 .784114
1366815 9 .489974
1366816 9 .523904
1366817 9 .95939
1366818 9 .751984
1366819 9 .828698
1366820 9 1.2743
1366821 9 1.07414
1366822 9 .787699
1366823 9 .891902
1366824 9 .53163
1366825 9 .790849
1366826 9 .652421
1366827 9 .556921
1366828 9 1.21431
1366829 9 .700371
1366830 9 .599501
1366752 9 6.90927
1366753 9 3.4089
1366754 9 2.58722
1366755 9 3.32249
1366756 9 2.84778
1366758 9 3.12606
1366759 9 2.46494
1366761 9 1.60598
1366762 9 1.84049
1366763 9 2.6111
1366764 9 2.39764
1366765 9 2.62855
1366766 9 1.89418
1366767 9 2.04678
1366768 9 1.74728
1366769 9 2.18665
1366770 9 1.82029
1366771 9 2.42451
1366772 9 2.22934
1366773 9 26.7173
1366774	ERROR	1
1366831 9 .279076
1366832 9 2.44668
1366833 9 7.37204
1366835 9 2.58109
1366836 9 3.18383
1366837 9 4.20583
1366838 9 2.58126
1366839 9 3.77438
1366840 9 1.62462
1366841 9 2.08805
1366842 9 2.19317
1366843 9 2.52429
1366844 9 2.64172
1366845 9 3.1077
1366846 9 5.74993
1366847 9 2.31878
1366848 9 3.13637
1366849 9 3.95951
1366850 9 4.1167
1366851 9 2.95659
1366852 9 3.30115
1366853 9 2.8922
1366854 9 4.06554
1366855 9 25.8424
1366856	ERROR	1
1366857 9 37.8141
1366858 9 14.4389
1366859 9 12.5709
1366860 9 17.5422
1366861	ERROR	1
1366909 9 .266714
1366910 9 .247161
1366912 9 .506164
1366913 9 1.00908
1366914 9 .676779
1366915 9 .753685
1366916 9 .747723
1366917 9 .420143
1366918 9 .408957
1366919 9 .500367
1366920 9 .448949
1366921 9 .502028
1366922 9 .354212
1366923 9 .393155
1366924 9 .366955
1366925 9 .413949
1366926 9 .469541
1366927 9 .370346
1366928 9 .424133
1366929 9 .39203
1366930 9 .364215
1366931 9 .311812
1366932 9 .310908
1366933 9 .350456
1366934 9 4.63728
1366884 9 11.9592
1366885 9 16.4544
1366886 9 10.6601
1366887 9 15.2253
1366888	ERROR	1
1366935 9 7.62332
1366936 9 2.16117
1366937 9 1.56366
1366938 9 2.69856
1366939 9 3.84981
1366940 9 3.97842
1366941 9 1.60011
1366942 9 2.75151
1366943 9 1.44105
1366944 9 1.17216
1366945 9 1.85171
1366946 9 1.5107
1366947 9 1.52345
1366948 9 2.33723
1366949 9 2.69814
1366950 9 1.42197
1366951 9 2.54423
1366952 9 1.34566
1366953 9 1.44242
1366954 9 1.72592
1366955 9 1.56092
1366956 9 1.46717
1366957 9 1.37002
1366958 9 1.55512
1366959 9 1.62266
1366987 9 1.24985
1366989 9 .387746
1366990 9 1.02038
1366991 9 1.38893
1366992 9 1.80111
1366993 9 .990141
1366994 9 1.44342
1366995 9 1.65813
1366998 9 .704871
1366999 9 .888941
1367000 9 .817578
1367001 9 .772468
1367002 9 .765798
1367003 9 .783771
1367004 9 .825392
1367005 9 .88756
1367006 9 1.57544
1367007 9 1.10766
1367008 9 1.3952
1367009 9 .898734
1367010 9 .754778
1367011 9 .848102
1367012 9 .82002
1367013 9 1.17278
1367014 9 .283991
1366960 9 1.68549
1366961 9 1.72292
1366962 9 26.4888
1366963	ERROR	1
1367015 9 .555905
1367016 9 .702465
1367018 9 .517193
1367019 9 .697757
1367020 9 .479967
1367021 9 .679599
1367022 9 .809209
1367023 9 .719861
1367024 9 .643602
1367025 9 .456886
1367026 9 .290693
1367027 9 .646451
1367028 9 .519011
1367029 9 .517892
1367030 9 .781965
1367031 9 .872283
1367033 9 .772254
1367034 9 .696233
1367035 9 1.10399
1367036 9 .477722
1367037 9 .550287
1367038 9 .207642
1367039 9 .409968
1367040 9 .373448
1367041 9 .353175
1367042 9 .299907
1367043 9 .449651
1367044 9 .430079
1367045 9 .398279
1367046 9 .454614
1367047 9 .625316
1367048 9 .439308
1367049 9 .516554
1367050 9 5.08381
1367051 9 9.4025
1367052 9 2.86888
1367053 9 2.06069
1367054 9 3.87413
1367055 9 3.90509
1367056 9 3.75033
1367057 9 2.28373
1367058 9 3.44722
1367059 9 2.59644
1367060 9 3.88088
1367061 9 2.90618
1367062 9 3.04374
1367063 9 2.12261
1367064 9 2.62596
1367065 9 3.31921
1367066 9 5.10573
1367068 9 1.37698
1367069 9 1.61553
1367070 9 2.02553
1367071 9 1.95128
1367072 9 1.8848
1367073 9 2.22221
1367074 9 1.90673
1367075 9 1.93999
1367076 9 2.61169
1367077 9 2.42385
1367078 9 2.13265
1367079 9 27.2329
1367080	ERROR	1
1367118 9 11.8464
1367119 9 10.4265
1367120 9 8.43692
1367121	ERROR	1
1367093 9 1.18136
1367094 9 1.68785
1367095 9 .894587
1367096 9 .853917
1367097 9 1.38949
1367098 9 1.42774
1367099 9 6.62935
1367100 9 5.05878
1367101 9 1.4274
1367102 9 3.07519
1367103 9 3.86835
1367104 9 1.47769
1367105 9 2.1872
1367106 9 2.22883
1367107 9 2.04018
1367108 9 1.94848
1367109 9 2.96765
1367110 9 1.71467
1367111 9 2.69058
1367112 9 2.62453
1367113 9 1.79616
1367114 9 2.05105
1367115 9 26.9742
1367116	ERROR	1
1367150 9 4.90476
1367151 9 1.44543
1367152 9 2.41029
1367153 9 2.10289
1367154 9 1.45535
1367155 9 1.43229
1367156 9 2.7162
1367157 9 2.00128
1367158 9 1.4202
1367159 9 1.32384
1367160 9 2.31353
1367161 9 2.20141
1367162 9 2.3893
1367163 9 24.6448
1367164	ERROR	1
1367177 9 1.32445
1367178 9 1.76214
1367180 9 1.82922
1367181 9 1.17822
1367182 9 2.09835
1367183 9 1.27813
1367184 9 1.46051
1367186 9 1.08534
1367187 9 1.0357
1367188 9 .862528
1367189 9 .96015
1367190 9 1.08364
1367191 9 .948426
1367192 9 1.09726
1367193 9 .775023
1367194 9 1.09583
1367195 9 5.89951
1367196 9 6.51287
1367197 9 3.12627
1367198 9 4.56611
1367199 9 5.07153
1367200 9 1.95942
1367201 9 3.06355
1367202 9 3.32543
1367203 9 3.80068
1367230	ERROR	1
1367204 9 2.37818
1367205 9 5.15324
1367206 9 3.0726
1367207 9 1.65068
1367208 9 1.35648
1367209 9 1.7122
1367210 9 2.97384
1367211 9 4.19036
1367212 9 31.5574
1367213	ERROR	1
1367282	ERROR	1
1367257 9 28.9822
1367258	ERROR	1
1367334 9 9.97133
1367335 9 45.931
1367336	ERROR	1
1367359	ERROR	1
1367308 9 10.3106
1367309 9 19.4667
1367310 9 7.43603
1367311 9 8.183
1367312 9 6.82715
1367313 9 7.26615
1367314 9 10.7327
1367315 9 10.644
1367316 9 13.0005
1367317 9 7.92933
1367318 9 10.9457
1367319 9 7.26182
1367320 9 7.43454
1367321 9 10.7111
1367322 9 12.9486
1367323 9 15.3177
1367324	ERROR	1
1367410 9 40.291
1367411	ERROR	1
1367385 9 12.7541
1367386 9 15.6684
1367387 9 10.3366
1367388 9 12.1809
1367389 9 10.5102
1367390 9 5.79413
1367391 9 12.1098
1367392 9 13.6015
1367393 9 12.747
1367394 9 13.0239
1367395	ERROR	1
1367435 9 12.3599
1367436 9 24.04
1367437	ERROR	1
1367463 9 3.60485
1367464 9 2.02839
1367465 9 5.83107
1367466 9 5.63633
1367468 9 4.2911
1367469 9 17.17
1367470	ERROR	1
1367514	ERROR	1
1367738 9 .056309
1367740 9 .0467722
1367858 9 .0627946
1367860 9 .143387
1367964 9 .119108
1368158 9 .244887
1368160 9 .102335
1368367 9 .100705
1368368 9 .262529
1368731 9 .0964692
1368869 9 .17104
1368997 9 .0871049
1369157 9 .0919772
1369159 9 .0783644
1369383 9 .215032
1369385 9 .0900737
1369575 9 .236701
1369576 9 .0881646
1375281 9 .198295
1375337 9 .045038
1375422 9 .24691
1375558 9 .0921686
1375896 9 .0589838
1375985 9 .07719
1378853 9 .0593471
1378855 9 .068467
1378964 9 .167531
1379025 9 .066195
1379027 9 .161523
1379109 9 .045322
1379110 9 .0523366
1379181 9 .192413
1379304 9 .0904152
1379305 9 .177703
1379569 9 .0901836
1382971 9 .157583
1383093 9 .117019
1383187 9 .214172
1383479 9 .0877507
1383567 9 .352443
1386024 10 .0416197
1386031 10 .0443819
1386036 10 .171744
1386069 10 .298639
1387027 10 1.52678
1388484 9 .0870728
1388599 9 .0677699
1388768 9 .110083
1389985 9 .18751
1390045 9 .0532101
1390087 9 .0910266
1390123 10 .0484281
1390202 10 .0637649
1390895 9 .0935315
1390897 9 .0824448
1390972 9 .161424
1390975 9 .0649097
1391030 9 .209037
1391031 9 .0639761
1392168 9 .204894
1392375 9 .261035
1392488 9 .24172
1394025 9 .0986282
1394113 9 .240822
1394122 9 .127601
1394699 9 .0780357
1394701 9 .0914928
1394809 9 .163674
1394916 9 .149148
1394925 9 .119337
1457814 9 .0034362
1458617 9 .00319049
1458634 9 .00439034
1458886 10 .00377107
1458909 9 .0070939
1367489 9 23.282
1367490 9 16.8017
1367491	ERROR	1
1458915 9 .0142497
1459297 9 .00464215
1459325 9 .00764916
1459839 9 .0104522
1459840 9 .0112693
1460336 10 .00392799
1460364 10 .0949206
1460494 9 .00988324
1461434 9 .0122552
1461789 9 .00794702
1462090 9 .00750978
1462221 9 .0082002
1462341 9 .00545543
1462395 9 .00880035
1462743 9 .0101874
1463119 9 .00697802
1463120 10 .0057865
1463463 9 .00673967
1463467 9 .00961837
1463642 9 .0083005
1464488 9 .015053
1464733 9 .0180511
1466079 9 .0171137
1468727 9 .00903433
1471124 9 .00687267
1481522 9 .0100513
1482250 9 .00776331
1482269 9 .0399691
1483207 9 .0394535
1484447 9 .0126354
1486481 9 .0631988
1488692 9 .109404
1488744 9 .00915198
1488954 9 .0235076
1491187 9 .00435155
1506740 10 .0532936
1506742 9 .2148
1521879 9 .0730433
1527112 9 .0839528
1550441 10 .0486763
1575657 9 .0947956
1606585 9 .0138199
1606701 9 .00645388
1606886 9 .0149929
1607540 9 .0227124
1607667 9 .00551284
1608952 9 .0235828
1618383 10 .00980474
1620134 9 .0068933
1620587 9 .0172868
1625873 9 .0131618
1625880 9 .00786322
1626138 9 .00706074
1626171 9 .0199924
1626862 10 .00496341
1626893 10 .0157602
1627041 9 .0982686
1628211 9 .0119056
1629107 9 .00966837
1629249 10 .00597195
1629270 9 .0170231
1629371 9 .00639489
1630187 9 .0160866
1630498 9 .0240203
1631290 9 .0207751
1631566 9 .0134898
1631567 10 .0116783
1632510 10 .0149424
1635596 9 .0596956
1638470 10 .00425732
1638546 10 .1248
1638909 9 .00423749
1638910 10 .00368165
1639726 10 .00731617
1639771 10 .0203857
1666089 9 .0205521
1666791 9 .0129686
1666924 9 .0086693
1674975 10 .00469201
1674982 10 .00475265
1675078 10 .00376304
1675079 10 .106906
1675081 10 .00349297
1675082 10 .00416644
1675084 10 .00402561
1675086 10 .0037123
1675088 10 .00326073
1675089 10 .00628804
1675091 10 .0038729
1675092 10 .00417385
1675094 10 .00426302
1675096 10 .00464947
1675098 10 .00559635
1675099 10 .00338787
1675101 10 .00334018
1675102 10 .00718389
1675104 10 .00472443
1675106 10 .004949
1675108 10 .00501715
1675109 10 .00546311
1640172 10 .0155754
1640732 10 .0150506
1644331 9 .0360619
1644486 9 .0572531
1645281 9 .0123513
1645289 9 .0233667
1645535 9 .129873
1646409 10 .0227631
1647670 9 .0330546
1647684 9 .0212125
1647918 9 .0257785
1648227 10 .0263506
1648989 9 .0215158
1648993 9 .0316089
1650241 9 .127848
1650663 10 .211211
1654106 10 .0119411
1654808 9 .00980307
1660166 9 .00410558
1660228 9 .00517439
1660854 9 .00845804
1662301 10 .0161757
1664800 10 .00798318
1664812 9 .0216932
1664959 9 .0203777
1675111 10 .00635328
1675112 10 .00992236
1675114 10 .00559071
1675115 10 .00989998
1675117 10 .00605365
1675118 10 .00497307
1675120 10 .086919
1675121 10 .0072134
1675124 10 .00610732
1675125 10 .00606941
1675127 10 .00443215
1675128 10 .0074412
1675130 10 .00492629
1675131 10 .00743389
1675133 10 .00537631
1675134 10 .00747586
1675137 10 .00592556
1675138 10 .00851203
1675140 10 .00759395
1675141 10 .00772463
1675143 10 .00501095
1675144 10 .00602081
1675146 10 .00587304
1675147 10 .00517618
1675149 10 .00532878
1675150 10 .0147196
1675152 10 .0246692
1675153 10 .0219409
1675155 10 .023534
1675156 10 .0362116
1675158 10 .0216141
1675159 10 .125097
1675161 10 .0309376
1675163 10 .0104116
1675165 10 .0194858
1675166 10 .0167641
1675168 10 .011857
1675169 10 .0156459
1675171 10 .133231
1675172 10 .0108851
1675174 10 .01142
1675175 10 .00930967
1675177 10 .0124505
1675178 10 .00999198
1675180 10 .21032
1675181 10 .153865
1675183 10 .283355
1675184 10 .300663
1675186 10 .0280261
1675187 10 .0328036
1675189 10 .0310364
1675190 10 .0534986
1675192 10 .0511887
1675193 10 .0359484
1675195 10 .218638
1675196 10 .377031
1675198 10 .138776
1675199 10 1.52082
1675204 10 .0038094
1675229 10 .00361273
1675249 10 .0052387
1675273 10 .0827679
1675280 10 .00570603
1675318 10 .0123891
1675474 10 .00933542
1675514 10 .00949911
1675521 10 .00968641
1675522 10 .0103466
1675570 10 .0303303
1675769 10 .125659
1675861 10 .0105498
1675880 10 .0334171
1675970 10 .00471624
1675971 10 .00800566
1675973 10 .00597719
1675974 10 .00492997
1675978 10 .00475624
1675979 10 .0236928
1675981 10 .0100875
1675982 10 .0172083
1675986 10 .0278972
1675987 10 .0981685
1675989 10 .0277829
1675990 10 .0122921
1675992 10 .0142284
1675995 10 .0113371
1675997 10 .0152989
1675998 10 .026215
1676000 10 .0204079
1676001 10 .00993511
1676003 10 .00946413
1676004 10 .00982796
1676006 10 .090736
1676007 10 .186108
1676009 10 .13272
1676010 10 .298637
1676014 10 .0881915
1676015 10 .160064
1676017 10 .0547718
1676018 10 .0405206
1676439 9 .00928249
1676732 10 .00844228
1676803 10 .0128437
1676972 10 .014025
1676974 10 .0283565
1677091 10 .024772
1677299 10 .126754
1679407 9 .012779
1679435 9 .0407071
1679866 9 .027341
1680943 9 .026924
1697594 9 .215354
1708544 9 .0631
1721741 9 .270539
1721936 9 .0870929
1722026 9 .277229
1722027 9 .0998452
1722030 9 .228701
1722031 9 .108422
1722033 9 .258559
1722034 9 .0688408
1722036 9 .262368
1722037 9 .0668279
1722041 9 .189362
1722042 9 .0556617
1722046 9 .0838003
1722047 9 .133619
1722049 9 .184368
1722050 9 .0624009
1722052 9 .224599
1722053 9 .0750411
1722055 9 .192275
1722056 9 .0382099
1722058 9 .0506614
1722059 9 .066515
1722062 9 .529731
1722063 9 1.45294
1722065 9 1.49882
1722066 9 .83365
1722068 9 .736886
1722069 9 .640431
1722071 9 .652477
1722072 9 .718874
1722074 9 1.89646
1722077 9 .51317
1722079 9 .291964
1722080 9 .304104
1722082 9 .480169
1722083 9 .733774
1722087 9 1.16155
1676020 10 .0415637
1676021 10 .0590996
1676023 10 .0373527
1676024 10 .0310389
1676026 10 .136598
1676027 10 .040047
1676029 10 .0360571
1676030 10 .0602937
1676032 10 .0300598
1676033 10 .0367965
1676035 10 2.24984
1676036 10 1.10266
1676038 10 .784709
1676039 10 .453974
1676041 10 .131015
1676042 10 .120607
1676044 10 .505039
1676045 10 .348349
1676047 10 .174654
1676048 10 .26758
1676050 10 .817119
1676051 10 2.03327
1676053 10 1.21653
1676054 10 9.55506
1676308 10 .550324
1722088 9 .594768
1722090 9 .849173
1722091 9 .953386
1722093 9 .49337
1722094 9 .640302
1722096 9 .755841
1722097 9 .49233
1722099 9 .58426
1722100 9 .615998
1722102 9 .42932
1722103 9 .326012
1722105 9 .397157
1722106 9 .669815
1722108 9 .360067
1722109 9 .372973
1722111 9 .504875
1722112 9 .669579
1722114 9 .288621
1722115 9 .288677
1722117 9 .353796
1722118 9 4.3821
1722120 9 5.39367
1722121 9 3.42852
1722123 9 2.95624
1722124 9 4.37316
1727593 10 .0446284
1739858 9 .0787276
1739859 9 .0963725
1766900 10 .00269499
1766901 10 .00295062
1766903 10 .00297351
1766904 10 .0031163
1766906 10 .00281006
1766907 10 .00300048
1766909 10 .00363272
1766910 10 .0044204
1766912 10 .00403498
1766913 10 .00353398
1766915 10 .00375502
1766916 10 .00338738
1766918 10 .00372729
1766919 10 .00388836
1766921 10 .00344797
1766922 10 .00335851
1766924 10 .00506489
1766925 10 .00508979
1766927 10 .00519055
1766928 10 .00476067
1766930 10 .00584981
1766931 10 .00473663
1766933 10 .00664676
1766934 10 .00414077
1766936 10 .0111771
1766937 10 .0151918
1766939 10 .0483806
1766940 10 .0157239
1766942 10 .13194
1766943 10 .0631437
1766945 10 .785274
1767292 9 .0102267
1767426 9 .00795183
1767528 10 .0100547
1769518 10 .062273
1769572 9 .100568
1852471 10 .0260896
1852488 10 .211749
1853323 9 .0991549
1853885 10 .0537719
1875333 9 2.49525
1925493 10 .475399
2030351 10 1.21408
2046612 9 .862386
2067910 9 .0140634
2070269 10 .0108588
2070285 10 .00707264
2070286 10 .00699048
2070324 10 .0181447
2070327 10 .0145067
2070360 10 .0649985
2071009 10 .0453663
2092588 10 .209363
2256893 10 .00264498
2256919 10 .00446391
2256979 10 .00259628
2257160 10 .00430419
2257744 9 .00670773
2258242 9 .0069875
2258352 10 .00344115
2258360 10 .104471
2259421 9 .00909544
2259808 10 .0571492
2260245 10 .304772
2261379 10 .00358289
2261386 10 .00336181
2261405 10 .00535155
2261448 10 .00914627
2261689 10 .0145309
2261780 9 .00605459
2262032 10 .123773
2262048 10 .0140901
2262074 10 .010502
2262077 10 .0115502
2262106 10 .0582537
2262219 10 .00768006
2262221 10 .0207848
2262223 10 .0127493
2262225 10 .108638
2262227 10 .0197306
2262229 10 .0643884
2262230 10 .107034
2262233 10 .0535689
2262234 10 .0244175
2262236 10 .0515429
2262237 10 .173303
2262239 10 .0509239
2262240 10 .0456498
2262242 10 .288922
2262243 10 .738684
2262245 10 .356188
2262246 10 .898129
2262248 10 .271687
2262249 10 .440967
2262251 10 1.50581
2262252 10 2.88135
2262254 10 1.09743
2262255 10 9.13833
2262338 10 .0303466
2262346 10 .508575
2262668 10 .234915
2276455 10 .0703637
2277642 9 .316484
2280549 10 .0319133
2284720 10 .00711787
2285059 10 .00365152
2285065 9 .00661615
2285307 9 .00724624
2286511 9 .00614159
2286812 9 .0122278
2288018 9 .183136
2288266 9 .0106436
2288552 9 .00937111
2288556 9 .00774795
2289560 9 .00892386
2293392 9 .00744624
2293646 9 .00700682
2294367 9 .0189364
2295038 9 .033243
2295286 9 .0271532
2296305 9 .00725828
2298044 9 .016109
2298581 9 .0197994
2298583 10 .0228133
2299681 9 .0213102
2303911 10 .00385466
2303924 10 .00398639
2303929 10 .00364188
2303987 10 .0760447
2303998 10 .00491188
2304011 10 .00506992
2304014 10 .00553634
2304459 9 .00584226
2304463 9 .0052403
2305028 9 .0166005
2305095 9 .0081775
2307217 9 .0246894
2307476 10 .0246606
2307863 10 .0082356
2307879 10 .0172012
2308046 9 .0226594
2308320 9 .0246228
2310979 9 .00426738
2311146 9 .121215
2311636 9 .00804019
2311667 9 .023212
2312619 10 .00789754
2312647 10 .0167849
2312686 10 .0151435
2312722 10 .0547981
2313004 9 .0142826
2313044 9 .0454671
2313607 9 .0331021
2313850 10 .0204651
2313886 10 .0173579
2313891 10 .0153537
2314685 10 .0204577
2314726 10 .0588651
2314790 9 .00955122
2315037 10 .00924073
2315241 10 .0318941
2315273 10 .0149523
2315282 10 .0181524
2315284 10 .105031
2315502 9 .0260398
2316318 9 .0372321
2316763 9 .0176183
2317405 9 .0203768
2318303 9 .14416
2318466 9 .0219837
2319084 9 .0235789
2319085 9 .0235369
2320324 10 .365722
2320702 9 .116544
2325663 9 .129135
2329676 9 .00369531
2329740 9 .00503034
2329841 9 .0123022
2330400 9 .0211229
2330543 9 .018114
2331079 9 .0264497
2331258 9 .121286
2331486 9 .0275714
2331658 9 .00932202
2331660 9 .00812002
2331661 9 .00777744
2331664 9 .00652804
2331665 9 .00609209
2331667 9 .00695632
2331669 9 .0234225
2331672 9 .0424656
2331673 9 .0357618
2331676 9 .036448
2331677 9 .0575966
2331679 9 .0261127
2331680 9 .0280542
2331682 9 .0227664
2331683 9 .0303542
2331687 9 .0400365
2331691 9 .0346062
2331694 9 .023486
2331695 9 .0269652
2331697 9 .15038
2331698 9 .0179712
2331700 9 .0193364
2331701 9 .0371188
2331703 9 .0196133
2331705 9 .0239469
2331707 9 .197297
2331708 9 .093813
2331710 9 .102438
2331711 9 .265274
2331714 9 .0804471
2331716 9 .290135
2331718 9 .236333
2331719 9 .0938994
2331721 9 .0660728
2331722 9 .084639
2331724 9 .0747063
2331725 9 .0667841
2331727 9 .260063
2331728 9 .0911796
2331730 9 .0995149
2331731 9 .106463
2331734 9 .24903
2331735 9 .260323
2331737 9 .0568526
2331738 9 .0799067
2331740 9 .0769911
2331741 9 .101005
2331743 9 .0444234
2331744 9 .181086
2331746 9 .051672
2331747 9 .0673363
2331749 9 .0582784
2331750 9 .0421064
2331752 9 .182772
2331753 9 .0657839
2331755 9 .072207
2331756 9 .170794
2331758 9 .0416206
2331759 9 .0429277
2331761 9 .0546269
2331762 9 .626392
2331764 9 .538737
2331765 9 .556271
2331767 9 .573362
1722126 9 4.20517
1722127 9 2.69521
1722129 9 2.0522
1722130 9 3.43124
1722132 9 1.76285
1722133 9 2.3354
1722135 9 1.57006
1722136 9 2.08418
1722138 9 2.99033
1722139 9 3.94092
1722141 9 1.45353
1722142 9 1.74738
1722144 9 2.87609
1722145 9 1.63283
1722147 9 21.3357
1722148 9 6.98918
1722150 9 7.53987
1722151 9 10.9631
1722153 9 15.4181
1722154	ERROR	1
2334620 9 .0377934
2335024 9 .0331122
2335290 9 .0174575
2335416 9 .0228322
2342444 10 .0221909
2342633 9 .00822877
2343507 9 .11681
2344463 10 .0207022
2344615 9 .0228352
2344742 9 .00725828
2345250 9 .00694274
2345414 9 .0194897
2347571 9 .0194009
2354246 10 .111677
2354254 10 .00464876
2354257 10 .0132623
2354298 10 .0193878
2354306 10 .00638655
2354310 10 .00556259
2354354 10 .0181101
2354408 9 .00588239
2354409 10 .00361592
2354411 10 .00379585
2354413 9 .00588029
2354415 9 .00371635
2354416 9 .0068372
2354421 9 .00519941
2354422 9 .00507324
2354424 9 .00577077
2354425 9 .00674887
2354428 9 .00534317
2354429 9 .0969322
2354431 9 .00523926
2354432 9 .00533298
2354434 9 .00751944
2354435 9 .010261
2354437 9 .00945398
2354438 9 .0107434
2354441 9 .0125163
2354442 10 .00659686
2354444 9 .00646877
2354445 9 .00672419
2354447 9 .015154
2354448 9 .00784367
2354450 9 .00842566
2354451 9 .00798405
2354453 10 .00800656
2354454 9 .012304
2354457 10 .00665926
2354458 9 .00714664
2354461 9 .00593342
2354462 9 .00661569
2354464 9 .00885765
2354465 9 .00937857
2354469 9 .0088726
2354470 9 .0133498
2354472 9 .0872048
2354473 9 .006299
2354475 9 .00925518
2354476 9 .0065046
2354478 9 .00799254
2354479 9 .00678894
2354481 9 .00774796
2354482 9 .00839769
2354484 9 .0222371
2354485 9 .0251868
2354487 9 .0338705
2354488 9 .0159049
2354490 9 .040826
2354491 9 .138297
2354493 9 .01677
2354494 9 .0231914
2354496 9 .0186591
2354497 10 .0132867
2354499 9 .0261952
2354500 9 .0178244
2354502 9 .0250747
2354503 9 .0288218
2354506 9 .0222228
2354507 9 .0250172
2354509 9 .0339989
2354510 9 .0480008
2354512 9 .0269243
2354513 9 .0194105
2354515 9 .0186516
2354516 9 .0204522
2354518 9 .0162898
2354519 9 .0143834
2354521 9 .0121897
2354522 9 .0149269
2354524 9 .07268
2354525 9 .182015
2354527 9 .0997264
2354528 9 .263154
2354530 9 .065116
2354531 9 .166373
2354533 9 .229139
2354534 9 .105603
2354536 9 .0606694
2354537 9 .0851047
2331768 9 .577867
2331770 9 .991394
2331771 9 .625462
2331773 9 .77437
2331774 9 .700335
2331776 9 .592777
2331777 9 .368343
2331779 9 .391287
2331780 9 .470428
2331782 9 .604417
2331783 9 .600305
2331785 9 .509767
2331786 9 .746289
2331788 9 .685768
2331789 9 .951452
2331791 9 5.99403
2331792 9 2.46341
2331794 9 2.7243
2331795 9 2.34465
2331797 9 3.7892
2331798 9 25.3671
2333083 9 .0501983
2333554 9 .0186648
2334242 9 .0220509
2334382 9 .0217903
2354539 9 .0490363
2354540 9 .0696496
2354542 9 .0655691
2354543 9 .172002
2354545 9 .0557448
2354546 9 .916955
2354548 9 .572034
2354549 9 .415463
2354551 9 .542543
2354552 9 .478915
2354629 10 .00782413
2355099 10 .0149028
2355866 9 .0188536
2355867 9 .0232972
2357976 9 .00695516
2357992 10 .00617055
2358091 10 .0038754
2358096 10 .00450511
2358103 10 .00402857
2358107 10 .00400167
2358112 10 .00361484
2358160 10 .00624642
2358178 10 .0093779
2358184 10 .00745948
2358257 10 .0221366
2358350 10 .004283
2358358 10 .00349505
2358388 8 .015187
2358398 10 .00638491
2358403 10 .00648979
2358457 8 .0711861
2358670 9 .0790365
2358815 9 .0220112
2358939 10 .00647551
2358941 9 .00787171
2358942 10 .00571301
2358944 10 .00724079
2358945 9 .0105024
2358947 9 .00911235
2358948 10 .00909577
2358950 9 .0158041
2358951 9 .0179165
2358953 9 .0168935
2358954 10 .0278911
2358957 10 .152731
2358958 10 .0195363
2358961 10 .0376241
2358962 10 .0297195
2358964 9 .0301941
2358965 9 .022313
2358967 9 .0201435
2358968 9 .0355392
2358970 10 .0530785
2358973 10 .0458014
2358975 10 .0241353
2358976 9 .0145575
2358978 10 .02424
2358980 10 .0307413
2358982 10 .0151952
2358983 10 .0208865
2358985 9 .14942
2358986 10 .106138
2358988 10 .259977
2358989 10 .0950089
2358991 9 .282391
2358992 9 .365303
2358994 10 .192187
2358995 10 .141616
2358998 10 .215427
2358999 9 .270765
2359001 9 .0894321
2359002 9 .0637343
2359004 10 .103596
2359005 10 .140143
2359008 10 .214746
2359047 10 5.31836
2359048 10 2.08486
2359291 10 .0178486
2359533 10 .0128654
2359656 10 .00913337
2359661 9 .0235981
2359835 9 .0103614
2359843 9 .0209384
2360020 9 .015901
2360143 9 .0189072
2360282 10 .0351456
2360285 9 .0196624
2360381 10 .0155452
2360454 9 .0720668
2362865 9 .00552936
2362866 9 .00725547
2363003 9 .00430212
2363027 10 .00396161
2363090 9 .00819007
2363092 10 .007909
2363262 9 .15492
2363418 10 .00849201
2363439 10 .0301048
2363535 9 .0254595
2363684 9 .029166
2363809 9 .0202893
2363820 10 .0217079
2364068 10 .0273005
2364157 10 .0145238
2364163 9 .0265145
2364191 10 .010926
2364247 10 .118724
2364471 9 .00831465
2364609 9 .0106072
2364760 10 .0113087
2364863 9 .0310944
2365386 9 .00835686
2365486 10 .129112
2365487 10 .0219057
2365490 10 .0245667
2365491 10 .0216511
2365493 10 .0137897
2365494 10 .152503
2365495 10 .022013
2365496 10 .0222747
2365501 10 .0181114
2365502 10 .0155401
2365503 10 .0191426
2365504 10 .0295956
2365505 10 .0183349
2365507 10 .0156854
2365508 10 .0172054
2365509 10 .0233891
2365510 10 .0216309
2365511 10 .0236067
2365512 10 .0345298
2365513 10 .108266
2365515 10 .027408
2365517 10 .019518
2365519 10 .0224241
2365520 10 .015329
2365522 10 .175483
2365523 10 .0945314
2365525 10 .173157
2365526 10 .119687
2365528 10 .187534
2365531 10 .0793012
2365534 10 .238281
2365535 10 .0731934
2365537 10 .250822
2365538 10 .110689
2365540 10 .259691
2365541 10 .102304
2365543 10 .0778466
2365544 10 .127565
2359009 10 .145481
2359011 10 .170206
2359012 10 .257674
2359014 9 .0753379
2359015 9 .0647219
2359017 9 .0800456
2359018 9 .231689
2359020 10 .0620725
2359021 10 .192309
2359023 10 .0574445
2359024 10 .594265
2359026 10 1.62783
2359027 10 2.02925
2359029 9 .526456
2359030 10 .798765
2359032 10 .749361
2359033 10 .707314
2359035 9 .289782
2359036 9 .590873
2359038 10 .611694
2359039 10 .457693
2359041 10 .45685
2359042 10 .566313
2359044 10 3.40519
2359045 9 3.27107
2365546 10 .124986
2365547 10 .0568602
2365549 10 .171052
2365550 10 .0643585
2365552 10 .0487497
2365553 10 .0701281
2365555 10 .0779274
2365556 10 .158199
2365558 10 .0585388
2365559 10 .0776381
2365561 10 .0509963
2365562 10 .0667002
2365564 10 .765541
2365565 10 .95685
2365567 10 .437751
2365568 10 .857161
2365570 10 .894683
2365571 10 .783482
2365573 10 .648853
2365574 10 .557301
2365576 10 .568656
2365577 10 .660997
2365579 10 .481196
2365580 10 .808978
2365582 10 .448293
2387861 9 .10991
2387862 9 .0743666
2387864 9 .0632422
2387865 9 .0415692
2387868 9 .53242
2387869 9 .839253
2387871 9 .818467
2387873 9 .606425
2387875 9 1.3984
2387876 9 .351604
2387878 9 .928819
2387879 9 .617509
2387881 9 .689726
2387882 9 .59122
2387884 9 .433278
2387885 9 .729234
2387887 9 .717167
2387888 9 .407908
2387890 9 .42711
2387891 9 .379845
2387893 9 .299422
2387894 9 .551253
2387896 9 .308563
2387897 9 .379031
2387899 9 7.75707
2365583 10 .284969
2365585 10 3.55842
2365586 10 5.49472
2365588 10 2.79924
2365589 10 1.89292
2365591 10 3.72343
2365592 10 28.1558
2365930 9 .0134417
2365932 10 .012737
2366415 9 .0202617
2366433 9 .0257722
2366652 10 .0273206
2366696 9 .0271283
2367920 10 .22692
2375830 9 .0240604
2381435 9 .174923
2387072 9 .0999697
2387849 9 .248211
2387850	ERROR	1
2406785 10 .0935023
2406786 10 .0626069
2406787 10 .223784
2406789 10 .0736146
2406790 10 .278168
2406791 10 .0806432
2406792 9 .237191
2406793 9 .059773
2406794 9 .064225
2406795 9 .122379
2406796 9 .297968
2406797 9 .0505449
2406798 9 .0944569
2406799 10 .0667521
2406800 9 .0787467
2406801 9 .0992319
2406802 9 .0722129
2406803 10 .0835428
2406804 10 .381018
2406805 10 .13415
2406806 10 .139924
2406807 10 .292085
2406808 10 .390255
2406809 10 .0938092
2406811 10 .0872973
2406812 9 .0739298
2406813 9 .089345
2406814 10 .240441
2406816 9 .0587957
2406817 9 .0468457
2406818 9 .21033
2406819 9 .109859
2406820 9 .175399
2406821 10 .142922
2406822 10 .192849
2406825 10 .131692
2406826 10 .174724
2406827 10 .0687156
2406828 10 .169574
2406829 10 .119198
2406830 9 .0471517
2406831 9 .0698024
2406832 9 .0601437
2406833 9 .243943
2406834 9 .0655342
2406835 9 .0477221
2406836 9 .058246
2406837 9 .0585646
2406838 9 .159357
2406839 9 .0699435
2406840 9 .0560869
2406841 10 .0603173
2406842 10 .135316
2406844 10 .18129
2406845 10 .0646523
2406847 10 .0395061
2406848 10 .259198
2406850 10 .0452561
2406851 9 .286734
2406853 10 .604597
2406854 10 .725577
2406856 10 .945571
2406857 9 .710731
2406859 9 1.16698
2406860 9 .60228
2406862 10 1.11134
2406863 10 .845052
2406865 10 .775594
2406866 10 .800778
2406868 10 1.68444
2406870 10 .802154
2406872 10 .594463
2406873 9 .917752
2406875 9 .258762
2406876 9 .469245
2387900 9 2.7204
2387902 9 3.24353
2387903 9 3.81344
2387905 9 1.64473
2387906 9 1.59017
2387908 9 2.92257
2387909 9 2.18675
2387911 9 1.69334
2387912 9 2.23715
2387914 9 25.4331
2387915	ERROR	1
2406878 10 .626815
2406879 10 .851435
2406883 10 .387649
2406884 10 .799223
2406886 10 .49798
2406887 10 .702397
2406889 9 .316922
2406890 9 .413892
2406892 9 .504244
2406893 9 .357673
2406895 9 .491756
2406896 9 .291369
2406898 9 .554003
2406899 9 .444235
2406901 10 .440477
2406902 10 .484801
2406904 10 .445815
2406905 10 .569692
2406907 10 .389021
2406908 10 .228388
2406910 10 .288843
2406911 10 .312118
2406913 10 .403025
2406914 10 2.72499
2406916 10 3.6754
2407594 9 .120072
2407774 9 .0967505
2407936 10 .224563
2408406 10 .0654224
2408649 9 .0571789
2408651 9 .195282
2408753 10 .0915617
2411246 9 .218036
2425444 10 .0615554
2431129 9 .22642
2435593 9 .0784465
2436210 9 .219368
2436211 9 .0790076
2436338 9 .186641
2436880 9 .0811128
2436997 9 .268696
2436998 9 .102921
2436999 9 .0687021
2437002 9 .108137
2437003 9 .119375
2437004 9 .191585
2437005 9 .161527
2437006 9 .218854
2437007 9 .100251
2437008 9 .196288
2437009 9 .0508568
2437010 9 .110466
2437011 9 .173846
2437012 9 .0804569
2437013 9 .191588
2437014 9 .0422989
2437015 9 .0735519
2437016 9 .0546291
2437017 9 .884483
2437018 9 .794454
2437019 9 .478911
2437020 9 .856838
2437021 9 .996122
2437022 9 .83689
2437023 9 .87993
2437024 9 .54973
2437025 9 1.78065
2437026 9 .538447
2437027 9 .550357
2437029 9 1.03273
2437030 9 1.46346
2437033 9 1.26798
2437034 9 .762648
2437037 9 1.05544
2437040 9 .574864
2406917 10 5.91699
2406919 10 4.53291
2406920 10 6.89629
2406922 10 4.24808
2406923 10 2.29914
2406925 10 2.00335
2406926 10 4.15403
2406928 9 1.01967
2406929 9 3.83321
2406931 9 3.01862
2406932 10 3.28973
2406934 10 2.46895
2406935 10 3.04754
2406937 10 1.84318
2406938 10 2.77232
2406940 10 3.38894
2406941 10 2.7127
2406943	ERROR	1
2437042 9 .510239
2437043 9 .782189
2437045 9 .380298
2437046 9 .835757
2437048 9 .918614
2437049 9 .493545
2437051 9 .38842
2437052 9 .691082
2437054 9 .436916
2437055 9 .187664
2437057 9 .511976
2437058 9 3.8037
2437060 9 3.06545
2437061 9 4.2995
2437063 9 6.83346
2437064 9 4.52122
2437065 9 3.78158
2437066 9 2.42983
2437067 9 2.44945
2437068 9 5.62942
2437069 9 3.35934
2437070 9 2.86901
2437071 9 2.35941
2437072 9 7.95089
2437073 9 3.61805
2437102 9 .145478
2437104 9 .273715
2437105 9 .0878173
2437106 9 .195029
2437107 9 .22299
2437108 9 .0910752
2437112 9 .100021
2437114 9 .0663715
2437116 9 .06104
2437117 9 .102174
2437119 9 .056523
2437120 9 .0663121
2437122 9 .0662085
2437123 9 .0637622
2437125 9 .767796
2437126 9 .503508
2437128 9 .925709
2437129 9 .7413
2437131 9 .894629
2437132 9 1.08928
2437134 9 .858361
2437135 9 .705747
2437137 9 .728822
2437139 9 .85026
2437141 9 .719868
2437074 9 2.20753
2437075 9 5.45064
2437076 9 1.77549
2437077 9 3.09647
2437078 9 2.71371
2437079 9 2.39451
2437080 9 46.3623
2437081	ERROR	1
2437176 9 3.45813
2437177 9 3.46683
2437178 9 3.70126
2437179 9 4.80496
2437180 9 2.42642
2437181 9 3.67864
2437182 9 2.58487
2437183 9 2.20145
2437184 9 2.20878
2437185 9 2.72627
2437186 9 4.08145
2437187	ERROR	1
2437142 9 .699195
2437147 9 .668061
2437148 9 .644428
2437150 9 .750995
2437151 9 .960783
2437153 9 1.15601
2437154 9 .952015
2437156 9 1.02172
2437157 9 1.21033
2437159 9 .687953
2437160 9 .294008
2437162 9 .531257
2437163 9 .564348
2437164 9 .870546
2437165 9 3.8948
2437166 9 6.73734
2437167 9 3.05312
2437168 9 3.47302
2437169 9 5.28613
2437170 9 3.28277
2437171 9 4.19314
2437172 9 4.71387
2437173 9 3.08586
2437174 9 4.12549
2437175 9 3.68155
2437717 9 .11686
2440993 9 .148981
2441092 10 .228698
2441767 9 .588724
2470770 9 1.93478
2496680 9 .382813
2497980 9 .592835
2529210 9 .649177
2530522 9 .079753
2530796 9 .0281303
2531194 9 .267836
2531424 9 .125243
2532284 9 .131363
2532517 9 .191966
2533917 9 .241828
2534452 9 .0774031
2534667 9 .0649562
2543759 9 .165332
2543781 9 .0887182
2545781 9 .0633945
2545905 9 .22383
2553576 9 .00870697
2553589 9 .00953292
2553647 9 .032631
2554347 10 .0298715
2554390 10 .184087
2555040 9 .198178
2555310 10 .276492
2559408 9 .522717
2561240 9 .181184
2561310 9 .289602
2562922 9 .255815
2563541 9 .346795
2563729 9 .271785
2565104 9 .167049
2569673 9 1.02518
2575441 9 .728384
2580037 10 .671537
2600786 9 .737694
2655010 9 .603169
2655410 9 .525532
2655412 9 .566649
2655413 9 1.63503
2655415 9 .619292
2655416 9 .750883
2655418 9 .933472
2655420 9 .531276
2655421 9 .556198
2655422 9 .559053
2655423 9 1.0925
2655424 9 .251017
2655425 9 .415623
2655426 9 .376964
2655427 9 .171613
2655428 9 .154598
2655429 9 .330459
2655431 9 7.04403
2655432 9 2.26209
2655433 9 1.54331
2655434 9 1.30069
2655435 9 2.29583
2655436 9 2.8091
2655437 9 2.46335
2655439 9 4.87885
2655440 9 4.31121
2655441 9 1.18551
2655442 9 2.05893
2655444 9 2.10984
2655445 9 2.329
2655447 9 4.52661
2655449 9 2.53992
2655452 9 1.61916
2655453 9 .755455
2655454 9 1.80309
2655455 9 2.1064
2655456 9 1.23029
2655457 9 2.24265
2655458 9 1.91614
2655459 9 1.40601
2655460 9 1.55315
2655461 9 3.72887
2655462 9 1.19752
2655463 9 1.37741
2655464 9 1.1304
2655465 9 1.52009
2655466 9 1.54108
2655467 9 2.26713
2655468 9 1.24273
2655469 9 .829778
2655470 9 1.16937
2655471 9 1.40074
2655472 9 16.4297
2655473 9 24.5504
2655474	ERROR	1
2663865 9 .546846
2664173 9 .382616
2664317 9 1.1277
2665045 9 .821602
2665171 9 .578798
2667826 9 .523432
2668168 9 1.13129
2668365 9 1.14032
2668584 9 .761767
2668919 9 .655786
2669134 9 1.13861
2669950 9 1.45929
2670165 9 .989712
2670377 9 1.91077
2736833 9 .0689119
2738620 9 .623991
2745418 9 .063662
2750565 9 .549515
2752710 10 .00433404
2752716 10 .00472067
2752750 10 .0119041
2752755 10 .00806779
2752799 10 .0391192
2753939 9 .00843824
2755507 9 .094027
2756086 10 .196175
2757953 10 1.31634
2761592 9 .0678759
2762456 10 .0554279
2762482 10 .0580706
2762493 10 .0494346
2762539 10 .334147
2763339 10 .0305926
2763369 10 .28388
2763857 10 .0150063
2763890 10 .0271347
2764183 10 .0453714
2764235 10 .185773
2765353 9 .201109
2766838 10 1.38026
2769223 9 .37943
2771951 9 .308952
2779069 10 .14987
2788641 10 1.35529
2807246 9 .142091
2807311 9 .19784
2807315 9 .401268
2807316 10 .472765
2807318 9 .360655
2807319 9 .508525
2807321 9 .258297
2807322 9 .591921
2807324 10 .344239
2807326 9 .106408
2807327 9 .135404
2807328 9 .543075
2807329 10 .121576
2807330 10 .341366
2807331 10 .398472
2807332 9 .290355
2807333 9 .270705
2807334 9 .310667
2807335 9 .325894
2807336 10 .103732
2807337 10 .111367
2807338 10 .147146
2807339 10 3.89353
2807340 9 1.19021
2807341 10 1.92188
2807343 10 3.28341
2807344 9 1.67624
2807346 9 2.16689
2807347 10 1.85979
2807350 10 2.56304
2807351 10 4.75126
2655481 9 11.8537
2655482 9 20.2377
2655483 9 17.1801
2655484 9 4.56407
2655485 9 5.35878
2655486 9 9.86798
2655487 9 9.07886
2655488 9 4.90891
2655489 9 6.74305
2655490 9 5.19448
2655491 9 5.93631
2655492 9 6.6675
2655493 9 13.9252
2655494	ERROR	1
2807352 9 1.73761
2807353 10 3.50218
2807356 9 1.01353
2807357 9 .75945
2807358 9 1.89931
2807359 10 .941396
2807360 10 1.66478
2807361 10 .819081
2807362 10 1.62917
2807363 10 1.9941
2807364 9 .74818
2807365 9 1.42062
2807366 9 .857032
2807367 9 1.07537
2807368 9 1.27294
2807369 10 1.14558
2807370 10 .393927
2807371 10 1.00033
2807372 10 .882082
2807373 10 .501491
2807374 10 13.1559
2807375 9 6.9498
2807376 10 20.0308
2807377 10 14.0228
2807378	ERROR	1
2809806 9 .813319
2810003 9 1.07792
2810556 9 .833157
2816754 10 .380921
2843119 9 .313974
2843299 9 .725402
2843570 9 1.33991
2844367 9 .674938
2844582 9 .713806
2851618 9 .984847
2851918 9 1.20531
2852235 10 .930881
2854503 9 .575963
2861227 9 .816156
2861646 9 1.03677
2865622 9 1.04117
2866172 9 1.14227
2866655 9 1.06344
2873248 10 .500479
2873288 10 1.33835
2881014 9 .580665
2881114 9 .723997
2883751 10 .722549
2884391 9 .83782
2911550 9 .00694313
2911551 9 .00763616
2911863 9 .00722023
2912925 10 .119102
2914459 9 .231212
2915202 9 .0920897
2916482 10 .203485
2916504 10 .0680231
2921841 9 .572637
2921842 9 .699136
2923959 9 .00710185
2924449 9 .0682333
2924554 9 .0724608
2924914 10 .0759116
2925024 9 .0616703
2925204 9 .0743605
2925451 9 .0658065
2929409 10 .0044738
2929436 10 .00489688
2929476 10 .0179963
2929557 10 .00578992
2929558 10 .00456419
2929559 10 .00397765
2929560 10 .00457996
2929561 10 .00672492
2929562 10 .0045366
2929563 10 .00622374
2929564 10 .013682
2929565 10 .013177
2929566 10 .00589571
2929567 10 .005932
2929568 10 .00650813
2929569 10 .0770657
2929571 10 .0056036
2929572 10 .00416145
2929573 10 .00549129
2929574 10 .00490583
2929575 10 .0043999
2929576 10 .00620995
2929577 10 .00789799
2929578 10 .0822641
2929579 10 .00502579
2929580 10 .00427796
2929581 10 .0045377
2929582 10 .00450706
2929584 10 .00410767
2929585 10 .00878112
2929586 10 .0182293
2929587 10 .00896445
2929588 10 .0110708
2929589 10 .0146066
2929590 10 .0162427
2929591 10 .0102087
2929592 10 .011279
2929593 10 .017021
2929595 10 .0131531
2929596 10 .0152867
2929597 10 .0928711
2929598 10 .0090424
2929599 10 .029473
2929600 10 .0350225
2929601 10 .00994409
2929602 10 .0103511
2929603 10 .0161873
2929605 10 .0134346
2929606 10 .0128831
2929608 10 .0209557
2929609 10 .0102897
2929611 10 .0106487
2929612 10 .00839609
2929615 10 .00778107
2929616 10 .00730497
2929618 10 .0121337
2929619 10 .0304686
2929621 10 .041796
2929622 10 .0309442
2929624 10 .0553471
2929625 10 .0765337
2929627 10 .0291049
2929628 10 .0486424
2929630 10 .0306883
2929631 10 .0417193
2929633 10 .0511483
2929634 10 .148688
2929636 10 .0652226
2929638 10 .0414887
2929640 10 .14996
2929641 10 .0298622
2929643 10 .0486106
2929644 10 .022251
2929646 10 .589874
2929647 10 .322527
2929649 10 .292245
2929650 10 .431078
2929651 10 .783566
2929652 10 .397443
2929653 10 .375238
2929654 10 .327603
2929655 10 .330778
2929656 10 .356677
2929657 10 .315408
2929658 10 .100952
2929659 10 1.30832
2929660 10 2.86134
2929661 10 1.21306
2929662 10 .86243
2929663 10 1.49612
2929664 10 8.96015
2929741 10 .0896327
2929748 10 .0243087
2929769 10 .581655
2929776 10 .0782643
2931189 9 .568577
2951507 10 .183762
2951519 10 .1249
2951553 10 1.14007
2953264 10 7.27152
2963061 9 1.1076
2963324 9 .790509
2963438 9 .429884
2963713 9 .619783
2964345 9 .310698
2966389 10 .683997
2966394 10 .432383
2995891 9 .0116193
2999971 9 .00931762
3044026 9 .302327
3118544 10 .00682865
3118552 10 .00663249
3118584 10 .032346
3120091 9 .0093715
3120094 9 .0113422
3120096 9 .0088598
3120097 9 .00918866
3120099 9 .0099013
3120104 9 .00903703
3120109 9 .00780058
3120110 9 .00756169
3120113 9 .0075809
3120114 9 .00870707
3120120 9 .008853
3120121 9 .0243856
3120123 9 .0198239
3120124 9 .0242111
3120126 9 .134322
3120127 9 .0311137
3120130 9 .026206
3120131 9 .0289322
3120135 9 .0340905
3120136 9 .0254107
3120139 9 .0275664
2807379 10 27.6514
2807380 9 5.09597
2807381 10 4.56157
2807382 10 5.32295
2807383 10 10.0036
2807384 9 3.2908
2807385 9 4.04891
2807386 9 10.628
2807387 10 4.4914
2807388 10 7.13985
2807389 10 5.70575
2807390 10 6.9798
2807391 10 7.34079
2807392	ERROR	1
3120140 9 .0281993
3120141 9 .0405363
3120142 9 .0353491
3120145 9 .0412018
3120146 9 .0286619
3120149 9 .140804
3120150 9 .0167635
3120151 9 .0194643
3120152 9 .0192086
3120153 9 .0225143
3120154 9 .130683
3120155 9 .0237558
3120156 9 .0177248
3120157 9 .0244134
3120158 9 .0291569
3120159 9 .0242434
3120162 9 .0260401
3120166 9 .021819
3120167 9 .0234127
3120168 9 .0256405
3120169 9 .0317256
3120170 9 .0282931
3120171 9 .0676953
3120172 9 .279604
3120173 9 .122305
3120174 9 .158683
3120175 9 .124739
3120176 9 .28767
3120177 9 .247599
3120178 9 .100403
3120179 9 .124727
3120180 9 .105149
3120181 9 .104411
3120182 9 .284331
3120185 9 .15662
3120186 9 .284037
3120188 9 .0830409
3120189 9 .243261
3120191 9 .090197
3120192 9 .245906
3120193 9 .0906574
3120194 9 .337699
3120195 9 .113685
3120196 9 .28642
3120197 9 .125613
3120198 9 .104589
3120201 9 .326284
3120202 9 .0962401
3120203 9 .297965
3120204 9 .252132
3120205 9 .130619
3120206 9 .150051
3120207 9 .105908
3120208 9 .0864192
3120209 9 .129482
3120210 9 .341432
3120211 9 .11577
3120212 9 1.00051
3120213 9 .691213
3120214 9 .702841
3120215 9 .907332
3120216 9 .751253
3120217 9 .729141
3120218 9 .541713
3120219 9 .517055
3120220 9 .729741
3120221 9 .810273
3120222 9 .702836
3120223 9 1.27177
3120224 9 .982161
3120225 9 1.00828
3120226 9 .910385
3120227 9 .850964
3120228 9 .548137
3120229 9 .673176
3121861 9 .0190831
3121863 9 .0427492
3121865 9 .136016
3121866 9 .185434
3121867 9 .110736
3121868 9 .168219
3121870 9 .239518
3121871 9 .126686
3121878 9 .092008
3121879 9 .205826
3121880 9 .299671
3121881 9 .0739813
3121883 9 .0749578
3121884 9 .9827
3121885 9 1.21363
3121886 9 1.99587
3121887 9 2.4094
3121889 9 .700942
3121890 9 .778582
3121891 9 .76338
3121892 9 1.02782
3121893 9 .885646
3121894 9 .848737
3121895 9 1.22294
3121897 9 .923464
3121898 9 .808945
3121899 9 .931104
3121900 9 1.33043
3121901 9 .576212
3121902 9 .551673
3121903 9 1.13894
3121904 9 .901549
3121905 9 .515155
3121906 9 .623865
3121907 9 .81396
3121908 9 .957196
3121909 9 .965843
3121910 9 1.51506
3121911 9 .555012
3121914 9 .847819
3121915 9 .628768
3121916 9 1.04265
3121917 9 1.03951
3121918 9 .78141
3121919 9 1.00031
3121920 9 .701316
3121921 9 1.09183
3121922 9 .669218
3121923 9 .785377
3121924 9 1.13065
3120230 9 .706608
3120231 9 .745265
3120232 9 .583039
3120233 9 .542175
3120234 9 6.21769
3120235 9 3.95695
3120236 9 3.02763
3120237 9 5.03707
3120238 9 5.35897
3120239 9 4.29113
3120240 9 3.71867
3120241 9 32.8724
3120306 10 .00626014
3120309 10 .00702494
3120312 10 .00661503
3120392	ERROR	1
3121950 9 26.9689
3121951 9 28.2011
3121952	ERROR	1
3126812 9 .503618
3126813 9 .833713
3126814 9 .878917
3126815 9 1.33045
3126816 9 1.05285
3126817 9 .632786
3126818 9 .731003
3126819 9 1.46003
3126820 9 .876711
3126821 9 1.10761
3126823 9 .785254
3126824 9 1.197
3126825 9 .652244
3126826 9 .842427
3126827 9 1.12503
3126828 9 .864851
3126829 9 .783144
3126830 9 1.07333
3126831 9 1.50078
3126832 9 .750505
3126835 9 .615001
3126836 9 .703285
3126837 9 .69282
3126838 9 .738728
3126839 9 .367863
3121925 9 10.6269
3121926 9 3.65953
3121927 9 3.49945
3121928 9 4.66835
3121929 9 4.64385
3121930 9 5.07655
3121931 9 4.1389
3121932 9 2.42408
3121933 9 4.60791
3121934 9 5.92108
3121935 9 5.03728
3121936 9 4.36845
3121937 9 3.5757
3121938 9 3.3048
3121939 9 4.51799
3121940 9 4.63045
3121941 9 3.97236
3121942 9 4.911
3121943 9 3.35767
3121944 9 4.71714
3121945 9 4.62928
3121946 9 4.51644
3121947	ERROR	1
3126865	ERROR	1
3128695 9 .137676
3128696 9 .251194
3128698 9 .117961
3128700 9 .243321
3128701 9 .232972
3128702 9 .0976353
3128703 9 .0995854
3128704 9 .480609
3128705 9 .972016
3128706 9 .842039
3128707 9 .893276
3128708 9 .993906
3128709 9 .659465
3128710 9 1.07608
3128711 9 .364668
3128712 9 .601214
3128713 9 .859956
3128714 9 .629152
3128715 9 .482105
3128717 9 1.33249
3128718 9 1.86778
3128719 9 1.66275
3128720 9 .947043
3128721 9 1.10165
3128722 9 1.05883
3128723 9 .702494
3128724 9 .793895
3128725 9 .775752
3128726 9 .457274
3128727 9 .751305
3128728 9 .738267
3128729 9 .775264
3128730 9 1.05372
3128731 9 1.39657
3128732 9 1.20958
3128733 9 .83516
3128734 9 .881608
3128735 9 1.3201
3128737 9 .753865
3128738 9 .853721
3128739 9 .934973
3128740 9 1.32617
3128743 9 1.25738
3128744 9 1.13723
3128745 9 1.26625
3128746 9 1.14608
3128747 9 1.13393
3128748 9 1.22817
3128749 9 .848568
3128750 9 1.18913
3126840 9 .253551
3126841 9 .584322
3126842 9 5.75039
3126843 9 3.50482
3126844 9 3.75215
3126845 9 3.23083
3126846 9 7.30625
3126847 9 2.75653
3126848 9 2.45802
3126849 9 3.23269
3126850 9 5.70077
3126851 9 3.3696
3126852 9 2.11716
3126853 9 2.7612
3126854 9 3.56261
3126855 9 2.30964
3126856 9 2.69291
3126857 9 1.75644
3126858 9 3.62789
3126859 9 38.057
3126860	ERROR	1
3128751 9 .698678
3128752 9 .822322
3128754 9 .824574
3128755 9 .546144
3128756 9 .482371
3128757 9 .770052
3128758 9 .553527
3128759 9 .546246
3128760 9 4.6207
3128761 9 2.22103
3128762 9 6.54309
3128763 9 2.28613
3128764 9 3.85996
3128765 9 3.98629
3128766 9 4.37226
3128767 9 3.18881
3128768 9 3.00142
3128769 9 3.55237
3128770 9 5.59934
3128771 9 4.73516
3128772 9 4.41497
3128773 9 4.69225
3128774 9 4.12852
3128775 9 4.32255
3128776 9 6.15506
3128777 9 3.99389
3128778 9 4.18989
3128779 9 5.13969
3128780 9 6.74673
3128781 9 4.33503
3128782 9 4.61773
3128783 9 4.89104
3128784 9 4.69863
3128785 9 4.35486
3128786 9 4.57103
3128787 9 3.77615
3128788	ERROR	1
3128802 9 .234739
3128805 9 .126819
3128806 9 .196944
3128808 9 .211192
3128811 9 .0843052
3128812 9 .222267
3128813 9 .613565
3128814 9 1.14011
3128815 9 1.32818
3128816 9 .673537
3128817 9 1.36653
3128818 9 1.73828
3128819 9 .882376
3128820 9 .86727
3128821 9 1.10408
3128822 9 1.53293
3128823 9 .902064
3128824 9 .9844
3128825 9 .965007
3128826 9 .916775
3128828 9 .598548
3128829 9 .936653
3128830 9 .853126
3128831 9 .843794
3128832 9 1.03431
3128833 9 .687909
3128835 9 1.29534
3128836 9 .98922
3128837 9 .927685
3128839 9 .658636
3128840 9 1.31321
3128843 9 .750895
3128844 9 .855571
3128845 9 .890151
3128846 9 .579239
3128847 9 .617456
3128848 9 .721152
3128849 9 1.11579
3128850 9 1.02807
3128851 9 .731886
3128852 9 .740805
3128853 9 .786221
3128854 9 5.9481
3128855 9 2.9389
3128856 9 5.78359
3128857 9 5.58781
3128858 9 2.40161
3128859 9 3.57463
3128860 9 3.65406
3128861 9 4.07644
3128887 9 .119451
3128888 9 .101224
3128889 9 .170205
3128890 9 .114529
3128892 9 .0610163
3128893 9 .104341
3128897 9 .0574023
3128898 9 .0825022
3128899 9 .244066
3128900 9 .0886455
3128901 9 .115101
3128903 9 .253973
3128904 9 .0749273
3128905 9 .0926151
3128908 9 .294714
3128909 9 .0770761
3128910 9 .109157
3128911 9 .239169
3128912 9 .0803491
3128913 9 .160079
3128914 9 .148774
3128916 9 .36615
3128917 9 .289437
3128918 9 .0940686
3128919 9 .0988788
3128921 9 .706939
3128922 9 .640467
3128923 9 .815231
3128924 9 .540398
3128926 9 .684583
3128927 9 .653971
3128928 9 .733024
3128929 9 .610429
3128930 9 .372274
3128931 9 .265167
3128932 9 .625251
3128933 9 .374575
3128934 9 .347854
3128935 9 .560354
3128936 9 1.01761
3128937 9 .723776
3128938 9 .64385
3128939 9 1.22391
3128940 9 1.14919
3128941 9 1.02807
3128942 9 1.1585
3128944 9 .913653
3128945 9 .774858
3128946 9 1.38552
3128947 9 .794429
3128862 9 5.56983
3128863 9 4.24411
3128864 9 4.19099
3128865 9 6.71984
3128866 9 3.90843
3128867 9 2.69372
3128868 9 4.01794
3128869 9 4.21735
3128870 9 3.42611
3128871 9 4.45052
3128872 9 4.35507
3128873 9 3.58354
3128874 9 3.89869
3128875 9 4.13224
3128876	ERROR	1
3128950 9 .756968
3128951 9 .696034
3128952 9 .921078
3128953 9 .714209
3128954 9 .68104
3128955 9 .531693
3128956 9 .616138
3128957 9 .47385
3128958 9 .760158
3128959 9 .667138
3128960 9 .567395
3128961 9 4.61549
3128962 9 3.96258
3128963 9 1.8807
3128964 9 2.4833
3128965 9 3.37824
3128966 9 2.83695
3128967 9 2.35356
3128968 9 2.21731
3128969 9 2.63396
3128970 9 4.13775
3128971 9 3.93316
3128972 9 4.22813
3128973 9 3.69213
3128974 9 3.79003
3128975 9 5.2405
3128976 9 2.34548
3128977 9 2.16684
3128978 9 2.41473
3128979 9 2.30178
3128980 9 2.29483
3128981 9 2.64483
3128982 9 2.63014
3128983 9 25.9115
3128984	ERROR	1
3129111	ERROR	1
3129084 9 3.46203
3129085 9 4.55854
3129086 9 5.74004
3129088 9 2.65411
3129089 9 4.59045
3129090 9 3.75512
3129092 9 23.6959
3129093	ERROR	1
3129167 9 29.5154
3129168	ERROR	1
3129192	ERROR	1
3129139 9 4.4327
3129140 9 2.91623
3129141 9 3.31153
3129142 9 1.97829
3129143 9 1.94849
3129144 9 1.98817
3129145 9 3.06659
3129146 9 2.25299
3129147 9 2.76275
3129148 9 2.41908
3129149 9 2.57164
3129150 9 2.13735
3129151 9 3.20596
3129152 9 2.49432
3129153 9 3.47761
3129156 9 2.52154
3129157 9 2.42535
3129158 9 3.20373
3129159 9 4.11805
3129160 9 5.92084
3129161 9 4.48606
3129162 9 24.965
3129163	ERROR	1
3129246 9 26.2296
3129247	ERROR	1
3129219 9 2.26937
3129220 9 3.74292
3129221 9 2.3481
3129222 9 4.22407
3129223 9 2.87265
3129225 9 2.30043
3129226 9 5.46535
3129227 9 24.3632
3129228	ERROR	1
3129297 9 29.7743
3129298	ERROR	1
3129271 9 5.7414
3129273 9 3.49289
3129274 9 2.79078
3129275 9 4.61878
3129276 9 29.9139
3129277	ERROR	1
3129325 9 2.85611
3129326 9 4.04647
3129327 9 2.66177
3129328 9 2.70069
3129329 9 3.72395
3129330 9 3.39161
3129331 9 2.38695
3129332 9 3.32233
3129333 9 3.28113
3129336 9 2.78794
3129337 9 3.64497
3129338 9 3.0029
3129339 9 2.78334
3129340 9 1.95923
3129341 9 2.60791
3129342 9 27.1456
3129343	ERROR	1
3129352 9 24.3648
3129353 9 20.5433
3129354 9 14.6615
3129355 9 14.5953
3129356	ERROR	1
3129409 9 33.3183
3129410	ERROR	1
3129487 9 2.6563
3129488 9 4.16962
3129489 9 7.07628
3129490 9 4.56476
3129491 9 3.05916
3129492 9 3.62758
3129493 9 3.02826
3129494 9 4.91818
3129495 9 5.76483
3129496 9 1.8826
3129497 9 3.24243
3129498 9 5.55531
3129499 9 3.87412
3129501 9 27.9718
3129502	ERROR	1
3129379 9 4.61913
3129381 9 2.93179
3129383 9 5.65643
3129384 9 6.23848
3129385 9 5.02719
3129386 9 1.90744
3129387 9 3.35462
3129388 9 3.64378
3129389 9 4.36979
3129390 9 2.51381
3129391 9 4.14381
3129392 9 3.65421
3129393 9 4.00714
3129394 9 5.23733
3129395 9 3.5395
3129396 9 4.92337
3129399 9 5.43201
3129400 9 25.8361
3129401 9 40.6802
3129402	ERROR	1
3129513 9 33.2744
3129514	ERROR	1
3129568 9 29.0923
3129569	ERROR	1
3129541 9 2.48467
3129542 9 4.9016
3129543 9 3.34228
3129544 9 4.61087
3129545 9 4.33535
3129546 9 2.57141
3129547 9 3.42992
3129548 9 5.38628
3129549 9 4.16205
3129550 9 4.79231
3129551 9 4.69229
3129552 9 6.06067
3129553 9 1.4432
3129556 9 3.14575
3129557 9 3.15451
3129558 9 3.32215
3129559 9 3.42808
3129560	ERROR	1
3129676 9 7.42496
3129677 9 3.50052
3129678 9 2.85661
3129679 9 11.8348
3129681 9 3.99077
3129682 9 1.47609
3129683 9 1.4365
3129684 9 2.8967
3129685 9 3.08634
3129686 9 1.41246
3129687 9 1.9543
3129688 9 3.72948
3129689 9 3.51858
3129690 9 .62413
3129691 9 2.30286
3129692 9 2.22275
3129693 9 2.33909
3129694 9 3.06349
3129696 9 4.33449
3129697 9 3.26723
3129698 9 2.71895
3129699 9 6.53953
3129700 9 4.48329
3129701 9 4.39487
3129702 9 4.78911
3129703 9 7.03425
3129704 9 4.04502
3129705 9 2.80272
3129706 9 9.27273
3129707 9 5.53989
3129708 9 4.23363
3129709 9 5.9307
3129710 9 3.54679
3129713 9 4.27737
3129714 9 2.61883
3129715 9 3.96747
3129716 9 3.50674
3129717 9 2.47805
3129718 9 4.30441
3129719 9 2.48415
3129720 9 4.01852
3129721 9 2.9825
3129722 9 4.09222
3129723 9 5.82039
3129724 9 2.72347
3129725 9 2.27716
3129726	ERROR	1
3129755	ERROR	1
3129730 9 20.2256
3129731 9 28.0804
3129732 9 21.7041
3129733 9 15.4025
3129734	ERROR	1
3129808 9 26.6626
3129809 9 22.273
3129810 9 18.7651
3129811	ERROR	1
3129781 9 2.77
3129782 9 4.35499
3129783 9 5.14362
3129784 9 2.96179
3129785 9 4.41555
3129786 9 2.79941
3129787 9 4.68047
3129788 9 4.33591
3129789 9 4.64522
3129790 9 5.00475
3129791 9 4.02365
3129792 9 4.63098
3129793 9 4.33643
3129794 9 6.32881
3129797 9 4.17698
3129798 9 4.02735
3129799 9 3.93713
3129800 9 3.8918
3129801 9 4.54612
3129802 9 4.8028
3129803	ERROR	1
3129833	ERROR	1
3129890 9 28.8561
3129891	ERROR	1
3129862 9 6.33394
3129863 9 5.56612
3129864 9 3.12124
3129865 9 4.47903
3129867 9 2.90518
3129868 9 2.09467
3129871 9 2.05729
3129872 9 2.90645
3129873 9 2.20113
3129874 9 4.11733
3129875 9 3.608
3129876 9 3.72834
3129877 9 2.40189
3129878 9 4.67771
3129879 9 2.29393
3129880 9 2.39708
3129881	ERROR	1
3129916 9 5.89988
3129917 9 10.3976
3129918 9 3.94416
3129919 9 3.45936
3129920 9 1.79193
3129921 9 3.28612
3129922 9 5.60607
3129923 9 3.86567
3129924 9 4.70422
3129925 9 3.8099
3129926 9 4.17823
3129928 9 1.47798
3129929 9 3.40424
3129930 9 3.52116
3129931 9 4.87169
3129934 9 2.72002
3129935 9 3.34355
3129936	ERROR	1
3129944 9 35.265
3129945	ERROR	1
3129997 9 3.40254
3129998 9 3.30416
3129999 9 4.03013
3130000 9 1.9928
3130001 9 2.12665
3130002	ERROR	1
3130023 9 22.2167
3130024	ERROR	1
3129970 9 5.46228
3129971 9 4.03771
3129972 9 9.28831
3129973 9 8.67726
3129974 9 6.24647
3129975 9 2.41989
3129976 9 4.49358
3129977 9 5.27163
3129978 9 5.40863
3129979 9 1.89043
3129980 9 1.05863
3129981 9 3.04524
3129982 9 2.2532
3129983 9 3.57554
3129984 9 3.72667
3129985 9 4.68423
3129986 9 2.92613
3129987 9 2.59166
3129988 9 4.13012
3129989 9 3.15831
3129990 9 4.0385
3129991 9 3.00562
3129992 9 4.56982
3129993 9 3.7479
3129996 9 3.38772
3130050 9 6.30613
3130052 9 3.99876
3130053 9 2.84375
3130056 9 2.39827
3130057 9 3.64016
3130058 9 2.62051
3130059 9 4.21444
3130060 9 1.67397
3130061 9 1.45642
3130062 9 2.58857
3130063 9 47.373
3130064	ERROR	1
3130078 9 19.6338
3130079 9 16.2187
3130080	ERROR	1
3130134	ERROR	1
3130159	ERROR	1
3130187	ERROR	1
3130107 9 6.40054
3130108 9 4.04708
3130111 9 4.7794
3130112 9 4.5467
3130113 9 5.66845
3130114 9 3.27577
3130115 9 2.64501
3130116 9 52.8181
3130117	ERROR	1
3130212	ERROR	1
3130237	ERROR	1
3130288	ERROR	1
3130263 9 62.3996
3130264	ERROR	1
3130313	ERROR	1
3130339	ERROR	1
3130389	ERROR	1
3130364 9 47.3984
3130365	ERROR	1
3130415 9 19.3995
3130416 9 14.4595
3130417	ERROR	1
3130468	ERROR	1
3130494	ERROR	1
3130440 9 27.7703
3130441 9 20.3175
3130442 9 32.6387
3130443	ERROR	1
3130519	ERROR	1
3131187 10 .0673072
3131260 10 .102743
3131262 10 .0609955
3131264 10 .196748
3131266 10 .0518732
3131267 10 .379507
3131268 10 .973424
3131271 10 .589111
3131273 10 .40325
3131274 10 .482669
3131275 10 .394356
3131276 10 .95038
3131277 10 .56989
3131278 10 .38225
3131279 10 .210158
3131280 10 .187342
3131281 10 2.56832
3131282 10 4.60715
3131283 10 2.08621
3131284 10 3.01494
3131285 10 5.64745
3131286 10 1.51909
3131287 10 1.54868
3131288 10 .787439
3131289 10 1.28628
3131435 10 .214336
3131436 10 .494547
3131437 10 .585508
3131439 10 .651923
3131440 10 .173027
3131441 10 .561587
3131442 10 .440131
3131443 10 .433725
3131444 10 .122048
3131445 10 .188537
3131446 10 .214384
3131447 10 .407433
3131448 10 .493024
3131449 10 .436346
3131450 10 .168201
3131451 10 .479073
3131452 10 1.08974
3131453 10 .466685
3131454 10 8.76628
3131455 10 1.4672
3131456 10 1.87759
3131457 10 3.09945
3131458 10 1.91026
3131459 10 4.48219
3131460 10 1.8496
3131290 10 15.4265
3131291 10 15.9785
3131292 10 4.89492
3131293 10 7.51417
3131294	ERROR	1
3152491 10 .166995
3153225 9 .881574
3155117 9 .444438
3168869 9 .0709268
3174492 9 .164347
3176873 10 .0197344
3176918 10 .0703888
3182365 9 .475415
3183947 9 .220202
3184527 9 .0217543
3184659 9 .016029
3184723 9 .00911619
3184830 9 .0286694
3200075 9 .00690288
3200718 10 .0437255
3204571 9 .434701
3208651 9 .388075
3215152 9 .534225
3215153 9 .761343
3235589 9 .838302
3251972 9 .692763
3259638 9 .740743
3259786 9 1.68415
3275952 9 1.02525
3276268 9 .55167
3276637 9 .665018
3333091 9 .483608
3336098 9 .292425
3339872 9 .584087
3341100 9 .00844855
3341225 10 .193869
3341236 10 .00725998
3341238 10 .00948436
3341247 10 .00639513
3341249 10 .00682788
3341256 10 .00825164
3341260 10 .0064848
3341321 10 .0157535
3341328 10 .0241299
3341337 10 .0164839
3341407 10 .0608245
3343783 9 .598143
3344513 9 .0107507
3345269 10 .512309
3346097 10 2.10407
3349917 10 .538629
3349924 10 .0928044
3349986 10 .288873
3350782 10 .291707
3351198 10 .101018
3131461 10 .811063
3131462 10 2.72647
3131463 10 .970347
3131464 10 2.05498
3131465 10 3.15599
3131466 10 1.9942
3131468 10 13.0586
3131469 10 8.21871
3131471 10 7.29303
3131472 10 14.1205
3135971 10 .109475
3135973 10 .154712
3137078 10 6.71161
3139243 9 .264834
3139963	ERROR	1
3632181 10 .00683814
3632182 10 .0055634
3632186 10 .0105601
3632187 10 .00774941
3632189 10 .00798779
3632190 10 .0287417
3632192 10 .0918446
3632193 10 .0134934
3632196 10 .0187469
3632197 10 .0509522
3632199 10 .0249427
3632200 10 .0145011
3632202 10 .0129576
3632203 10 .0126514
3632205 10 .0234076
3632206 10 .0116468
3632208 10 .0414877
3632209 10 .0734835
3632211 10 .0803693
3632212 10 .0257206
3632214 10 .175702
3632215 10 .0324642
3632217 10 .0540661
3632218 10 .0437949
3632220 10 .187622
3352395 10 2.22316
3377027 9 .999421
3377263 9 .824936
3386073 9 .806588
3386479 9 .760018
3391796 9 1.17841
3392202 9 .68569
3415622 9 .00611469
3415623 9 .00648338
3423427 10 .893443
3431568 9 .723933
3631878 10 .00411405
3631880 10 .0033882
3631894 10 .0036726
3631909 10 .0060381
3631946 10 .0041994
3631950 10 .00417454
3632018 10 .00566117
3632022 10 .163341
3632081 10 .00822912
3632091 10 .0222586
3632154 10 .0154124
3632175 10 .00362106
3632177 10 .00485234
3632179 10 .00447604
3632838 10 .00334443
3632839 10 .00332574
3632881 10 .0040956
3632888 10 .00435698
3632895 10 .00358687
3632933 10 .0075031
3632973 10 .0818351
3632977 10 .00734138
3632990 10 .00315149
3632992 10 .00415844
3632995 10 .00330705
3632996 10 .00403794
3632999 10 .0037234
3633000 10 .00428749
3633002 10 .0943619
3633003 10 .00433171
3633006 10 .00429488
3633007 10 .00482127
3633009 10 .0032966
3633010 10 .00366386
3633012 10 .00430266
3633013 10 .00550765
3633015 10 .00637013
3633016 10 .0182739
3633019 10 .00635247
3633020 10 .00860331
3633022 10 .00483303
3633023 10 .00640171
3633025 10 .00640426
3633026 10 .0118978
3633028 10 .0189451
3633029 10 .100029
3633031 10 .0249756
3633032 10 .0165223
3633034 10 .0134133
3633035 10 .0256525
3633037 10 .0870301
3633038 10 .16734
3633040 10 1.20305
3633041 10 .00285107
3633043 10 .00305475
3633045 10 .00284402
3633047 10 .00308071
3633048 10 .00319709
3633050 10 .00355944
3633051 10 .00322045
3633053 10 .00295243
3633054 10 .00277123
3633056 10 .00319118
3633057 10 .00299837
3633062 10 .00324958
3633063 10 .00294325
3633065 10 .00288185
3633066 10 .00290646
3633068 10 .00379694
3633069 10 .00504633
3633071 10 .0652549
3633072 10 .00557297
3633074 10 .00477852
3633075 10 .00400574
3633077 10 .0043556
3633078 10 .00419213
3633082 10 .00436594
3633083 10 .00490841
3633085 10 .0908289
3633086 10 .00376981
3633088 10 .00416772
3633089 10 .00388944
3633091 10 .00335785
3633092 10 .00352463
3633094 10 .00375443
3633095 10 .00398217
3633097 10 .0759592
3633098 10 .00467304
3633100 10 .00624937
3633101 10 .00947597
3633103 10 .0107509
3633105 10 .0078709
3633107 10 .00896576
3633108 10 .00823348
3633110 10 .00831595
3633111 10 .0837044
3633113 10 .00649306
3633114 10 .00649294
3633116 10 .00604106
3633117 10 .00782089
3633119 10 .0194451
3633120 10 .00640633
3633122 10 .0162901
3633123 10 .0275048
3633125 10 .0251693
3633126 10 .0272999
3633128 10 .0212566
3633129 10 .025099
3633131 10 .0301721
3633132 10 .0196043
3633134 10 .0121411
3633135 10 .0131014
3633137 10 .0750916
3633138 10 .211791
3633140 10 .0871935
3633141 10 1.16094
3633200 10 .00491102
3633236 10 .0319522
3633336 10 .0337482
3633420 10 .00681274
3633495 10 .233658
3633506 10 .0171203
3633560 10 .0221939
3633656 10 .0193222
3633764 10 .0129948
3633801 9 .00650045
3633890 10 .41405
3633892 10 .00732865
3634000 10 .00380404
3634001 10 .0043927
3634007 10 .00593055
3634008 10 .00961329
3634011 10 .00433402
3634012 10 .00502964
3634014 10 .00540499
3634015 10 .00555573
3634017 10 .0064845
3634018 10 .00554657
3634025 10 .00535287
3634026 10 .00855983
3634028 10 .00742612
3634029 10 .011005
3634031 10 .00595109
3634032 10 .00526441
3634034 10 .00719629
3634035 10 .0828683
3634037 10 .00658252
3634038 10 .00555932
3634040 10 .00514761
3634041 10 .00456119
3634043 10 .00446669
3634044 10 .00436788
3634046 10 .00602796
3634047 10 .00644418
3634049 10 .00587932
3634050 10 .00651581
3634052 10 .0046865
3634053 10 .00437331
3634055 10 .00419626
3634056 10 .0311476
3634058 10 .0100857
3634059 10 .010676
3634061 10 .0151723
3634062 10 .0174608
3634066 10 .0123322
3634067 10 .0162353
3634069 10 .0205339
3634070 10 .0334816
3634072 10 .010239
3634073 10 .0129134
3634075 10 .114036
3634076 10 .0120008
3634078 10 .0099576
3634079 10 .0126791
3634081 10 .0114538
3634082 10 .011904
3634084 10 .00997839
3634085 10 .0184993
3634087 10 .0151185
3634088 10 .0169259
3634090 10 .0131428
3634091 10 .0116545
3634093 10 .0104396
3634094 10 .00934842
3634096 10 .00981569
3634097 10 .0297058
3634099 10 .0440421
3634100 10 .0577961
3634102 10 .25587
3634103 10 .0290367
3634105 10 .0715095
3634106 10 .0488458
3634108 10 .0530844
3634109 10 .0386472
3634111 10 .0915983
3634112 10 .190837
3634114 10 .0479585
3634115 10 .0539716
3634117 10 .15673
3634118 10 .0435586
3634120 10 .360793
3634121 10 .366186
3634123 10 .63552
3634124 10 .476833
3634126 10 5.86796
3634164 10 .0132831
3634256 10 .022382
3634359 10 .0163672
3634416 10 .0173688
3634442 10 .0085094
3634498 9 .495944
3634503 10 .0063519
3634592 10 .00383516
3634593 10 .00377182
3634597 10 .00579494
3634598 10 .00492014
3634604 10 .00841678
3634605 10 .00735073
3634607 10 .00886203
3634608 10 .00530344
3634610 10 .0735553
3634611 10 .00535841
3634613 10 .00582391
3634614 10 .00484108
3634616 10 .0141753
3634617 10 .0231061
3634622 10 .0159264
3634623 10 .0183949
3634625 10 .0354439
3634626 10 .00844449
3634628 10 .0203302
3634629 10 .0108034
3634631 10 .0169763
3634632 10 .0195685
3634634 10 .0171881
3634635 10 .0141503
3634637 10 .0140223
3634638 10 .0170042
3634640 10 .0775678
3632221 10 .232317
3632223 10 .638747
3632224 10 .638863
3632399 10 .0634487
3632420 10 .0126374
3632423 10 .25653
3632424 10 .046861
3632427 10 .0283208
3632428 10 .0755479
3632430 10 .703078
3632431 10 .379622
3632433 10 .654933
3632434 10 .805152
3632436 10 2.49012
3632437 10 3.26111
3632439 10 33.9157
3632578 10 .00261999
3632624 10 .00270602
3632626 10 .00291481
3632634 10 .00274887
3632672 10 .00345436
3632686 10 .00378811
3632722 10 .00604155
3632819 10 1.60133
3632827 10 .00307199
3634684 10 .00657502
3634685 10 .00721982
3634687 10 .018592
3634688 10 .00654139
3634690 10 .00905165
3634691 10 .0089706
3634693 10 .082161
3634694 10 .00563223
3634696 10 .00548608
3634697 10 .00584646
3634699 10 .0130872
3634700 10 .00536388
3634702 10 .0169631
3634704 10 .0331868
3634706 10 .0160062
3634707 10 .0349731
3634709 10 .0289499
3634710 10 .0171007
3634712 10 .0185307
3634713 10 .0141669
3634715 10 .129812
3634716 10 .0145376
3634718 10 .0150808
3634719 10 .0236694
3634721 10 .0186875
3634641 10 .0902429
3634643 10 .0882859
3634644 10 .239442
3634646 10 .0435995
3634647 10 .221992
3634649 10 .0429088
3634650 10 .0601085
3634652 10 .0802226
3634653 10 .22801
3634655 10 .0471109
3634656 10 .477274
3634658 10 .496017
3634659 10 .711276
3634661 10 .607243
3634662 10 7.62975
3634665 10 .0037978
3634666 10 .00610542
3634668 10 .00419587
3634669 10 .00537034
3634671 10 .00565367
3634673 10 .00851384
3634676 10 .00720103
3634677 10 .00709173
3634681 10 .00746989
3634682 10 .00600014
3634722 10 .0217822
3634724 10 .0169555
3634725 10 .0138587
3634727 10 .0624109
3634728 10 .225087
3634730 10 .0412133
3634731 10 .0647754
3634733 10 .062629
3634734 10 .090235
3634736 10 .124872
3634737 10 .0899568
3634739 10 .233661
3634740 10 .574204
3634742 10 1.41866
3634743 10 1.17148
3634745 10 10.0662
3634754 10 1.01409
3634958 9 .0467227
3635094 9 .0409159
3635597 10 .0246614
3635599 10 .0194566
3635605 10 .0388925
3635606 10 .0282369
3635608 10 .0311843
3635609 10 .183557
3635612 10 .104276
3635614 10 .0606237
3635616 10 .287731
3635617 10 .100372
3635619 10 .0313199
3635620 10 .179498
3635622 10 .0883558
3635623 10 .0669043
3635625 10 .233539
3635626 10 .057899
3635628 10 .22392
3635629 10 .0585688
3635631 10 .0924315
3635632 10 .19578
3635634 10 .558699
3635635 10 .51305
3635637 10 1.26269
3635638 10 .431514
3635640 10 1.21952
3635641 10 .638124
3635643 10 .839188
3635644 10 .823225
3635646 10 .293501
3635647 10 .689223
3635649 10 3.73012
3636935 10 .0131919
3636936 10 .0121356
3636938 10 .0324749
3636939 10 .0278712
3636941 10 .0181254
3636942 10 .017093
3636944 10 .117771
3636945 10 .00940936
3636947 10 .0147259
3636948 10 .0107132
3636950 10 .0764381
3636951 10 .0251599
3636953 10 .219317
3636954 10 .0378658
3636957 10 .0368562
3636958 10 .0360324
3636960 10 .0553082
3636961 10 .107472
3636963 10 .147679
3636964 10 .0552304
3636966 10 .0409346
3636967 10 .151391
3636969 10 .0413728
3636970 10 .0290453
3636972 10 .0479307
3635650 10 4.88182
3635652 10 4.20414
3635653	ERROR	1
3637368 10 .0112011
3637370 10 .0190192
3637376 10 .0384341
3637377 10 .0297754
3637379 10 .0177867
3637380 10 .0137286
3637382 10 .110338
3637383 10 .0205607
3637385 10 .00954337
3637386 10 .0592687
3637390 10 .0307456
3637391 10 .0366821
3637393 10 .0341677
3637394 10 .0383622
3637396 10 .0594421
3637397 10 .224275
3637399 10 .0281926
3637400 10 .0347275
3637402 10 .16664
3637403 10 .0486754
3637405 10 .039419
3637406 10 .0301101
3637408 10 .506756
3637409 10 .102379
3637411 10 .478105
3636973 10 .0730375
3636975 10 .0514993
3636976 10 .0502994
3636978 10 .0322516
3636979 10 .0225897
3636981 10 .469999
3636982 10 .322523
3636984 10 .710037
3636985 10 .0980563
3636987 10 .433478
3636988 10 .480322
3636990 10 .573741
3636991 10 .91404
3636993 10 .6376
3636994 10 .468357
3636996 10 .389461
3636997 10 2.76215
3636999 10 1.74191
3637000 10 2.81943
3637002 10 2.35264
3637003 10 28.6607
3637197 10 .0480639
3637249 10 .0119171
3637301 10 .0135257
3637339 10 .0232353
3637412 10 .580855
3637414 10 .137582
3637415 10 .348545
3637417 10 .353309
3637418 10 .307979
3637420 10 .235212
3637421 10 2.00426
3637423 10 1.88167
3637424 10 2.38658
3637426 10 25.3941
3637880 9 .0655785
3638393 10 1.30664
3638398 10 .526508
3638402 10 .186443
3638403	ERROR	1
3639075 10 .0170727
3639159 9 .00486806
3639218 9 .0113082
3639292 9 .00544068
3639294 9 .006293
3639297 10 .00428533
3639298 9 .0777212
3639301 9 .00736011
3639302 9 .00913154
3639305 9 .0101312
3639308 9 .00818904
3639310 10 .00676255
3639311 9 .0113915
3639313 10 .00637847
3639315 10 .0263225
3639317 9 .0252777
3639318 9 .027129
3639320 9 .0321532
3639321 9 .0331434
3639324 9 .0272532
3639325 9 .0229109
3639327 9 .0266813
3639328 9 .0375954
3639331 9 .0266803
3639332 10 .133401
3639334 9 .0867687
3639335 9 .200726
3639337 9 .0815429
3639338 9 .099655
3639340 9 .273201
3639341 9 .373688
3639343 9 .284047
3639344 9 .0946255
3639346 9 .46649
3639347 9 1.61958
3639349 9 .686462
3639350 9 .917977
3639369 10 .00410614
3639375 10 .00359006
3639531 9 .0247491
3639643 9 .0308217
3639900 10 .0202455
3639988 9 .0315316
3640244 10 .0342871
3641580 10 .133697
3642380 10 .00389966
3642387 10 .00336996
3642398 10 .00350476
3642404 10 .003156
3642412 10 .00326172
3642413 10 .0126142
3642455 10 .0447784
3642465 10 .0123603
3642476 10 .0068635
3642520 10 .0171249
3642683 10 .00650199
3642731 10 .089213
3642805 10 .00326261
3642807 10 .00401723
3642809 10 .00498139
3642810 10 .00369365
3642812 10 .00402252
3642813 10 .00345943
3642815 10 .00454577
3642816 10 .00671902
3642818 10 .00569552
3642819 10 .00512629
3642822 10 .0064872
3642823 10 .00597868
3642825 10 .00453946
3642826 10 .00799543
3642828 10 .00669078
3642829 10 .00531437
3642831 10 .00665068
3642832 10 .00664295
3642834 10 .00419553
3642835 10 .00548643
3642838 10 .00503425
3642839 10 .00589214
3642841 10 .0117142
3642842 10 .0276
3642844 10 .0965285
3642845 10 .016265
3642847 10 .0133578
3642848 10 .0128913
3642850 10 .0215213
3642851 10 .0255476
3642853 10 .0213318
3642854 10 .0361519
3642857 10 .0156059
3642858 10 .0118009
3642860 10 .0101447
3642861 10 .0184698
3642863 10 .254753
3642864 10 .0381424
3642866 10 .037265
3642867 10 .233149
3642869 10 .0588053
3642870 10 .0593774
3642872 10 .0540411
3638421 10 .1926
3638422 10 .341819
3638424 10 .434689
3638425 10 .33883
3638427 10 .368914
3638428 10 4.46976
3638430 10 1.88234
3638431 10 2.5562
3638433 10 .972293
3638434 10 1.23801
3638436 10 3.16491
3638437 10 1.01297
3638439 10 2.18217
3638440 10 2.08367
3638442 10 1.69177
3638443 10 1.4299
3638445 10 12.176
3638446 10 15.7699
3638448	ERROR	1
3642873 10 .0785515
3642875 10 .163862
3642876 10 .593395
3642878 10 .616797
3642879 10 .42339
3642905 9 .0151612
3642991 10 .0150711
3643071 10 .138073
3643072 9 .00899553
3643307 10 .0152922
3643414 10 .0262641
3643632 10 .00701059
3643673 10 .0270477
3643903 10 .0145399
3643975 10 .00658862
3643977 10 .0202566
3643979 10 .025557
3643981 10 .0348242
3643983 10 .122277
3643987 10 .0242059
3643988 10 .0152512
3643990 10 .0324919
3643991 10 .0201212
3643995 10 .00857516
3643996 10 .209549
3643998 10 .200291
3643999 10 .225727
3644001 10 .0962421
3644003 10 .199876
3644005 10 .0714949
3644006 10 .240841
3644008 10 .0414733
3644009 10 .0630957
3644011 10 .0836464
3644012 10 .0530539
3644015 10 .148624
3644016 10 .0349486
3644018 10 .060298
3644019 10 .203563
3644021 10 .0729407
3644022 10 .0393488
3644024 10 .16937
3644025 10 .0759621
3644027 10 .50799
3644028 10 .532416
3644030 10 .750202
3644031 10 1.06806
3644033 10 1.99386
3644034 10 .937315
3644036 10 .552266
3644081 9 .0161843
3644082 9 .057019
3644084 9 .0371855
3644085 9 .0218865
3644087 10 .0165061
3644088 9 .0232855
3644090 9 .0882796
3644091 9 .401304
3644093 9 .461162
3644094 9 .0894643
3644096 9 .109934
3644098 9 .193279
3644100 9 .0878504
3644101 9 .292076
3644103 9 .103615
3644104 9 .244001
3644106 9 .146408
3644107 9 .0849117
3644109 9 .263035
3644110 9 .188802
3644112 9 .193137
3644113 9 .359035
3644116 9 .0505186
3644117 9 .167874
3644119 9 .0833043
3644037 10 .314665
3644039 10 .420288
3644040 10 .528345
3644042 10 .350576
3644043 10 2.25948
3644045 10 1.76578
3644046 10 3.4901
3644048 10 3.40416
3644049 10 20.372
3644051 9 .0240297
3644052 9 .0383496
3644055 9 .0361723
3644056 9 .0327527
3644058 9 .0649477
3644059 9 .0627538
3644062 9 .0278926
3644063 9 .0338756
3644066 9 .0494694
3644067 9 .0236171
3644069 9 .0266914
3644070 9 .0338162
3644072 9 .0300264
3644074 9 .0243222
3644078 9 .01312
3644079 9 .0181749
3644120 9 .087458
3644122 9 .0836864
3644123 9 .2167
3644125 10 .0774295
3644126 9 .0761356
3644128 9 .0865891
3644129 9 .284481
3644131 9 1.36982
3644132 9 1.10819
3644134 9 .683269
3644135 9 .803177
3644137 9 .701696
3644138 9 1.73661
3644140 9 .836308
3644141 9 .41452
3644143 9 .213063
3644144 9 .516087
3644146 9 .848509
3644147 9 .679084
3644149 9 .938993
3644150 9 .88791
3644152 9 3.28425
3644153 9 9.74431
3644155 9 3.60611
3644156 9 3.14871
3644158 9 5.43499
3644159 9 33.3056
3646608 10 .00428195
3646610 10 .00408639
3646617 10 .0295347
3646620 10 .00842389
3646647 10 .00596548
3646648 10 .0150897
3646651 10 .0137812
3646652 10 1.42104
3646654 10 .0147834
3646655 10 .0319491
3646658 10 .0247872
3646659 10 .0478616
3646661 10 .0896338
3646662 10 .188952
3646664	ERROR	1
3647094 10 .00519912
3647096 10 .00423419
3647098 10 .007949
3647099 10 .0241964
3647101 10 .0195845
3647103 10 .0115717
3647105 10 .093623
3647106 10 .00536381
3647108 10 .00876649
3647109 10 .0124045
3647111 10 .01336
3647112 10 .0221597
3647115 10 .0131124
3647116 10 .020823
3647118 10 .0139198
3647119 10 .00961942
3647121 10 .042533
3647122 10 .0607597
3647124 10 .166788
3647125 10 .182995
3647127 10 .0529656
3647128 10 .0412962
3647130 10 .382885
3647131 10 .513809
3647133 10 4.8636
3647134 10 .00623514
3647136 10 .00843324
3647137 10 .0100274
3647140 10 .0321396
3647141 10 .0202765
3647143 10 .0154317
3647144 10 .101596
3647146 10 .029402
3647148 10 .0239562
3647150 10 .0301901
3647151 10 .0193325
3647154 10 .162926
3647156 10 .0967688
3647158 10 .208808
3647159 10 .0513516
3647161 10 .0849142
3647162 10 .0743097
3647164 10 .250648
3647165 10 .0497345
3647168 10 .0469503
3647169 10 .0610379
3647171 10 .083742
3647172 10 .0898245
3647174 10 .0458911
3647175 10 .167737
3646784 10 .00552611
3646786 10 .0276127
3646788 10 .0129058
3646790 10 .0384499
3646791 10 .0207859
3646793 10 .224797
3646794 10 .0446393
3646797 10 .0596823
3646798 10 .163478
3646800 10 .0767478
3646801 10 .20089
3646803 10 .0892885
3646804 10 .329504
3646806 10 .330487
3646807 10 .322552
3646809 10 .705505
3646810 10 .710781
3646812 10 .97184
3646813 10 6.41699
3646815 10 2.24891
3646816 10 22.719
3647088 10 .00377808
3647089 10 .00418644
3647091 10 .0040586
3647092 10 .00442128
3647294 10 .0326446
3647296 10 .0756577
3647297 10 .0752945
3647299 10 .0631584
3647300 10 .0854121
3647302 10 .0461351
3647303 10 .377264
3647305 10 .447648
3647306 10 1.02558
3647308 10 .405697
3647309 10 .682857
3647311 10 .408912
3647312 10 5.77862
3647314 10 3.2349
3647315 10 3.44295
3647317 10 .011587
3647319 10 .00831564
3647321 10 .0187673
3647322 10 .011567
3647326 10 .0188789
3647327 10 .013482
3647330 10 1.13778
3647331 10 .0243093
3647333 10 .0272199
3647334 10 .0500616
3647337 10 .106851
3647338 10 .0719284
3647340 10 .0412667
3647342 10 .0483104
3647344 10 .0473249
3647345 10 .0344865
3647347 10 .278131
3647348 10 .047624
3647350 10 .211333
3647351 10 .483782
3647353 10 .87014
3647354 10 .434171
3647356 10 .397624
3647357 10 .286329
3647359 10 .476191
3647360 10 .464727
3647362 10 2.11727
3647363 10 1.95801
3647365 10 2.94135
3647366 10 2.81092
3647368 10 .0240598
3647371 10 .018001
3647373 10 .0263192
3647374 10 .0265784
3647377 10 .0521404
3647177 10 .0728398
3647178 10 .381701
3647180 10 .969661
3647181 10 .608415
3647183 10 .391232
3647184 10 .533946
3647186 10 .409763
3647187 10 .597252
3647189 10 .438198
3647190 10 .678524
3647192 10 1.75428
3647193 10 4.08242
3647195 10 4.4253
3647196 10 23.381
3647219 10 .00922672
3647221 10 .0105495
3647238 10 .0380127
3647278 10 .00510496
3647281 10 .0196192
3647282 10 .00830179
3647285 10 .0199841
3647287 10 .0299533
3647289 10 .0566334
3647290 10 .0929115
3647293 10 .111265
3647378 10 .0154644
3647381 10 .0164013
3647382 10 .0214428
3647385 10 .0999814
3647386 10 .183908
3647388 10 .0428243
3647389 10 .199198
3647391 10 .0595597
3647392 10 .191276
3647395 10 .0449035
3647396 10 .0501758
3647398 10 .219271
3647399 10 .0873096
3647401 10 .164675
3647402 10 .045882
3647404 10 .210406
3647405 10 .704096
3647407 10 .64229
3647408 10 .74658
3647410 10 .313214
3647411 10 .525482
3647413 10 .360472
3647414 10 .324641
3647416 10 .374842
3647417 10 .675333
3647419 10 2.57692
3647420 10 1.9637
3647422 10 6.07217
3647423 10 25.7248
3647428 10 .0173255
3647431 10 .00993929
3647433 10 .0136896
3647434 10 .0218293
3647438 10 .0150324
3647440 10 .063932
3647443 10 .0542474
3647444 10 1.18207
3647446 10 .058921
3647447 10 .0633739
3647451 10 .0561221
3647452 10 .0963727
3647454 10 .0942231
3647455 10 .111384
3647457 10 .986038
3647458 10 .171075
3647460 10 .490043
3647461 10 .43822
3647463 10 .404657
3647464 10 .569454
3647466 10 1.23333
3647508	ERROR	1
3647467 10 .300836
3647469 10 2.72134
3647470 10 4.1603
3647472 10 3.1387
3647473 10 2.77207
3647475 10 .0329497
3647476 10 .0717953
3647479 10 .287924
3647480 10 .272935
3647482 10 .386903
3647483 10 .617816
3647486 10 .834505
3647487 10 .175792
3647490 10 1.6566
3647491 10 2.34188
3647493 10 4.48719
3647494 10 2.26298
3647496 10 2.03052
3647497 10 2.2887
3647499 10 2.07637
3647500 10 3.56033
3647502 10 2.15835
3647503 10 42.4294
3647505	ERROR	1
3647578 10 1.22295
3647580 10 2.44792
3647581 10 1.66757
3647583 10 1.60372
3647584 10 2.22864
3647586 10 2.50188
3647587 10 2.21232
3647589 10 41.5232
3647590	ERROR	1
3647618 10 1.39682
3647620 10 .549585
3647622 10 1.33049
3647625 10 .792149
3647627 10 .705065
3647628 10 1.18516
3647630 10 .878817
3647631 10 .918063
3647633 10 1.0447
3647634 10 .332505
3647636 10 3.88517
3647637 10 3.34867
3647639 10 2.4047
3647640 10 4.76428
3647642 10 1.39376
3647643 10 2.60548
3647645 10 2.25959
3647646 10 3.69577
3647648 10 2.8064
3647649 10 3.90924
3647651 10 1.88799
3647652 10 3.41713
3647654 10 3.93892
3647655 10 4.35868
3647657	ERROR	1
3647658 10 15.4046
3647660 10 13.9837
3647661 10 19.1011
3647663 10 14.2291
3647664	ERROR	1
3647703 10 .336348
3647704 10 .610381
3647707 10 .678359
3647708 10 .387287
3647710 10 .437979
3647711 10 .371218
3647713 10 .938569
3647714 10 .602046
3647718 10 .58579
3647719 10 .553118
3647721 10 1.01555
3647722 10 1.07743
3647724 10 1.37243
3647725 10 .660575
3647727 10 .68434
3647728 10 1.11765
3647730 10 .871328
3647731 10 7.21739
3647733 10 2.82799
3647734 10 5.99724
3647736 10 4.25917
3647737 10 3.63527
3647739 10 5.66387
3647740 10 3.54491
3647742 10 3.46162
3647743 10 3.58648
3647745 10 2.39087
3647746 10 3.31504
3647748 10 35.1533
3647749	ERROR	1
3647787 10 .983404
3647788 10 .54013
3647790 10 .486987
3647791 10 .614437
3647793 10 .727075
3647794 10 1.2623
3647796 10 .575484
3647797 10 .70571
3647800 10 .579142
3647801 10 .518737
3647803 10 .473124
3647804 10 .460892
3647806 10 3.72456
3647807 10 2.14563
3647809 10 2.06711
3647810 10 2.95755
3647812 10 3.34636
3647813 10 3.00413
3647815 10 2.68174
3647816 10 2.92931
3647818 10 1.81014
3647819 10 21.2732
3647821	ERROR	1
3647825 10 2.72488
3647827 10 42.1222
3647828	ERROR	1
3647861 10 4.12429
3647862 10 1.01908
3647863 10 4.33798
3647864 10 2.53443
3647865 10 4.67213
3647866 10 13.9184
3647867 10 20.2123
3647868	ERROR	1
3647896 10 19.5661
3647897 10 11.1532
3647898 10 24.3063
3647899	ERROR	1
3647946 10 .711108
3647947 10 21.2267
3647949	ERROR	1
3647921 10 23.191
3647922 10 10.9362
3647923 10 31.2656
3647924	ERROR	1
3648005 10 .00349261
3648006 10 .00531527
3648007 10 .0066492
3648009 10 .00532702
3648010 10 .00508641
3648011 10 .00460667
3648012 10 .0765561
3648013 10 .00534408
3648014 10 .00571254
3648015 10 .00601635
3648016 10 .0128912
3648017 10 .0198718
3648018 10 .0149482
3648019 10 .00921681
3648020 10 .092395
3648021 10 .00600268
3648022 10 .00575167
3648024 10 .00686919
3648026 10 .00599581
3648027 10 .00457016
3648028 10 .00668856
3648030 10 .00747021
3648031 10 .00537572
3648033 10 .00543554
3648034 10 .0047959
3648036 10 .0338443
3648037 10 .0102619
3648039 10 .0111017
3648040 10 .0207809
3648042 10 .0152585
3648043 10 .0222307
3648045 10 .110195
3648046 10 .0126978
3648049 10 .0112918
3648050 10 .0145246
3648052 10 .0172635
3648053 10 .0126197
3648055 10 .0191714
3648056 10 .118909
3648058 10 .011056
3648059 10 .00970779
3648061 10 .0266045
3648062 10 .0432482
3648064 10 .380816
3648065 10 .0824187
3648067 10 .222035
3648068 10 .0344377
3648070 10 .0663545
3648071 10 .0518992
3648073 10 .0578229
3647977	ERROR	1
3648074 10 .0507775
3648076 10 .215283
3648077 10 .493267
3648079 10 .9034
3648080 10 5.58618
3648083 9 .00929599
3648084 9 .0125648
3648088 9 .00924341
3648090 9 .0257814
3648093 9 .0474895
3648094 9 .031207
3648096 9 .0195081
3648097 9 .0273759
3648099 9 .160108
3648100 9 .0257258
3648102 9 .0265105
3648103 9 .0197181
3648105 9 .0363816
3648106 9 .0411166
3648109 9 .0351598
3648110 9 .0428347
3648113 9 .0319062
3648114 9 .03216
3648116 9 .0305155
3648118 9 .0263327
3648121 9 .0230459
3648123 9 .0239831
3648125 9 .0247742
3648126 9 .0322694
3648128 9 .028164
3648129 9 .0243891
3648132 9 .0527414
3648133 9 .024486
3648136 9 .0260002
3648138 9 .370099
3648140 9 .0977927
3648141 9 .227101
3648143 9 .0589083
3648144 9 .274752
3648146 9 .288561
3648147 9 .117085
3648149 9 .156764
3648150 9 .128341
3648152 9 .269326
3648153 9 .116648
3648156 9 .0628263
3648157 9 .0786351
3648159 9 .0930612
3648160 9 .0751783
3648162 9 .248254
3648163 9 .112411
3648165 9 .0681443
3648166 9 .243197
3648168 9 .093673
3648169 10 .200411
3648171 9 .0875929
3648172 9 .256648
3648175 9 .086362
3648176 9 .235958
3648178 9 1.21244
3648179 9 1.39614
3648181 9 1.09774
3648182 9 1.26271
3648184 9 1.17273
3648185 9 .842272
3648187 9 .741514
3648188 9 .835196
3648190 9 1.5007
3648191 9 1.44408
3648193 9 1.23191
3648194 9 .84059
3648196 9 8.57136
3648197 9 2.71472
3648199 9 3.64153
3648200 9 4.24878
3648202 9 45.2315
3648203 9 .0152167
3648205 9 .0222324
3648206 9 .0114805
3648210 9 .0302125
3648211 9 .0451973
3648214 9 .0274217
3648215	ERROR	1
3648247 9 .140289
3648249 9 .35296
3648250 9 .381858
3648253 9 .362617
3648254 9 .238966
3648256 9 .0895438
3648258 9 .0522839
3648260 9 .0668143
3648261 9 .0695119
3648263 9 .0650686
3648264 9 .0640874
3648266 9 .0606563
3648267 9 .0723192
3648269 9 .0819956
3648270 9 .0788819
3648272 9 .0625017
3648273 9 .0793272
3648275 9 .184921
3648276 9 .0595654
3648278 9 .252972
3648279 9 .446553
3648281 9 1.75276
3648282 9 2.848
3648284 9 2.6968
3648285 9 1.70009
3648449 9 2.27858
3648451 9 .782296
3648452 9 .673573
3648454 9 .656275
3648455 9 9.09021
3648457 9 3.30683
3648458 9 3.20198
3648460 10 .00575786
3648462 10 .00898338
3648479 10 .022751
3648531 9 .0259002
3648535 9 .0570366
3648536 9 .0362598
3648538 9 .0354911
3648539 9 .705669
3648544 9 .0392463
3648545 9 .027117
3648550 9 .0508776
3648551 10 .0155958
3648553 9 .0195014
3648554 9 .0205727
3648556 9 .0207694
3648557 9 .0204571
3648559 10 .0122143
3648560 9 .287481
3648562 9 .0706722
3648563 9 .137429
3648565 9 .204917
3648568 9 .331982
3648570 9 .185233
3648571 9 .133841
3648573 9 .151347
3648574 9 .132547
3648576 9 .391591
3648577 9 .333198
3648580 9 .058378
3648581 9 .0523097
3648583 9 .242466
3648584 9 .0695667
3648586 9 .092209
3648587 9 .342156
3648589 9 .0926648
3648590 9 .218357
3648592 9 .0923296
3648593 9 .111766
3648595 9 .252619
3648596 10 .0554342
3648598 9 .221516
3648599 9 .0801054
3648601 9 .476146
3648287 9 .29607
3648288 9 .324282
3648290 9 .374159
3648291 9 .510035
3648293 9 .867198
3648294 9 .670325
3648296 9 .739399
3648297 9 .667796
3648299 9 .831846
3648300 9 .471459
3648302 9 2.10949
3648303 9 3.87017
3648305 9 3.23722
3648306 9 2.51684
3648308 9 33.7356
3648429 10 .0087982
3648433 9 .0476568
3648435 10 .0277119
3648437 9 .125222
3648438 9 .219258
3648441 9 .163089
3648443	ERROR	1
3648641 9 .0280211
3648642 9 .0293866
3648644 9 .0347375
3648645 9 .0246889
3648649 9 .0337307
3648650 9 .124806
3648652 9 .0221502
3648653 9 .0251967
3648655 9 .0274265
3648656 9 .0145473
3648661 9 .122063
3648662 9 .013968
3648664 9 .0176967
3648665 9 .345608
3648667 9 .0544754
3648668 9 .286418
3648670 9 .0774632
3648671 9 .218741
3648674 9 .0999143
3648675 9 .0946694
3648677 9 .264658
3648678 9 .112361
3648680 9 .162243
3648681 9 .0824076
3648684 9 .0711696
3648685 9 .056855
3648687 9 .0804926
3648688 9 .0647613
3648690 9 .0736837
3648691 9 .0793408
3648693 9 .151132
3648694 9 .0776225
3648696 9 .198712
3648697 9 .0360741
3648699 9 .0505385
3648700 9 .0632143
3648702 9 .0417466
3648703 9 .187575
3648705 9 .0501624
3648706 9 .411286
3648708 9 .940267
3648709 9 1.14879
3648711 9 1.68064
3648712 9 1.24974
3648714 9 .560995
3648715 9 .617849
3648717 9 .508718
3648718 9 .169158
3648720 9 .240465
3648721 9 .602681
3648602 9 1.24779
3648604 9 1.12468
3648605 9 1.51917
3648607 9 1.22022
3648608 9 .421578
3648610 9 .502573
3648611 9 .45669
3648613 9 .600685
3648614 9 1.17463
3648616 9 .726974
3648617 9 .291765
3648619 9 .536666
3648620 9 .501957
3648622 9 .575568
3648623 9 9.18666
3648625 9 2.54576
3648626 9 3.16861
3648628 9 5.00648
3648629 9 5.46769
3648631 9 .0235199
3648632 9 .0304012
3648635 9 .0178121
3648636 9 .0148939
3648638 9 .0164992
3648639 9 .021266
3648766 9 .0276228
3648769 9 .0311267
3648770 9 .0739831
3648772 9 .0407312
3648773 9 .0366828
3648776 9 .0324882
3648777 9 .0290849
3648779 9 .0216118
3648780 9 .0245139
3648783 9 .0283
3648785 9 .0233538
3648789 9 .0192337
3648790 9 .0177368
3648792 10 .0148708
3648793 9 .127579
3648795 9 .0163268
3648796 9 .0244616
3648798 9 .0224105
3648799 9 .0179693
3648801 9 .176985
3648802 9 .0319348
3648804 9 .0258985
3648805 9 .0232414
3648807 9 .0490411
3648808 9 .158978
3648811 9 .0225928
3648812 9 .037299
3648814 9 .431534
3648815 9 .0594703
3648817 9 .352419
3648818 9 .130688
3648820 9 .112752
3648821 9 .119568
3648824 9 .328238
3648825 9 .424405
3648827 9 .430568
3648828 9 .36563
3648830 9 .46668
3648831 9 .395295
3648833 9 .375454
3648834 9 .40489
3648836 9 .37289
3648837 9 .120239
3648840 9 .0890463
3648841 9 .0726342
3648843 9 .0759553
3648844 9 .322571
3648846 9 .0836868
3648847 9 .0989094
3648849 9 .0830116
3648850 9 .112267
3648852 9 .162411
3648853 9 .237633
3648855 9 .108033
3648856 9 .0880582
3648858 9 .140868
3648859 9 .0828447
3648861 9 .267685
3648862 9 .113644
3648864 9 .295224
3648865 9 .224685
3648867 9 .0852551
3648868 9 .0803804
3648870 9 .0718689
3648871 9 .245157
3648874 9 .188131
3648875 9 .0917968
3648877 9 .729527
3648878 9 1.39906
3648880 9 2.57143
3648881 9 1.74406
3648883 9 1.59646
3648884 9 1.92787
3648886 9 1.51093
3648887 9 1.01975
3648723 9 .527356
3648724 9 .561778
3648726 9 .582456
3648727 9 .55885
3648729 9 2.9146
3648730 9 2.06804
3648732 9 3.72429
3648733 9 3.95705
3648735 9 41.0543
3648737 9 .0372936
3648741 9 .0611047
3648742 9 .0285743
3648744 9 .0311903
3648745 9 .0379362
3648747	ERROR	1
3648933 10 .0150464
3648935 10 .030272
3648936 10 .018362
3648938 10 .0225131
3648939 10 .0246747
3648941 10 .0117004
3648942 10 .110718
3648947 10 .00983837
3648948 10 .0102152
3648950 10 .0188886
3648951 10 .0117272
3648953 10 .0165855
3648954 10 .0189532
3648956 10 .130447
3648957 10 .027195
3648959 10 .0752524
3648960 10 .185704
3648964 10 .060585
3648965 10 .0552244
3648967 10 .217703
3648968 10 .0661189
3648970 10 .236847
3648971 10 .038853
3648973 10 .233776
3648975 10 .0431016
3648977 10 .027825
3648978 10 .061995
3648980 10 .0635299
3648981 10 .165155
3648983 10 .031811
3648984 10 .059513
3648986 10 .21281
3648987 10 .0581349
3648989 10 .0852255
3648990 10 .203235
3648992 10 .0412362
3648993 10 .0387712
3648995 10 .151055
3648996 10 .12171
3648998 10 .364678
3648999 10 .813459
3649001 10 1.0625
3649002 10 1.09139
3649004 10 .473149
3649005 10 .344533
3649007 10 .459285
3649008 10 .490668
3649010 10 1.10694
3649011 10 1.07207
3649013 10 .587811
3648889 9 .616366
3648890 9 .734227
3648892 9 1.25501
3648893 9 1.93071
3648895 9 .901789
3648896 9 1.1629
3648898 9 .829978
3648899 9 1.03594
3648901 9 .854195
3648902 9 1.63585
3648904 9 1.14783
3648905 9 1.16447
3648907 9 3.25153
3648908 9 3.71048
3648910 9 6.20492
3648911 9 4.95307
3648913 9 7.80463
3648914	ERROR	1
3649014 10 .358103
3649016 10 .465284
3649017 10 .405107
3649019 10 2.25281
3649020 10 4.24144
3649022 10 2.65658
3649023 10 2.20073
3649025	ERROR	1
3649094 9 .0239681
3649096 9 .0292555
3649097 9 .0374909
3649100 9 .0308985
3649101 9 .0994782
3649103 9 .0226196
3649104 9 .029636
3649106 9 .0178465
3649107 9 .0210096
3649110 9 .0163614
3649111 9 .0157929
3649113 9 .0568667
3649114 9 .0798337
3649116 9 .120278
3649117 9 .0649084
3649119 9 .0779101
3649120 9 .252522
3649122 9 .109945
3649123 9 .243492
3649125 9 .123609
3649127 9 .0854895
3649129 9 .265127
3649130 9 .235353
3649133 9 .0624987
3649134 9 .0754444
3649056 9 .0792811
3649057 10 .0423983
3649059 9 .429557
3649060 9 .832552
3649062 9 1.86309
3649063 9 1.64563
3649065 9 .508337
3649066 9 .712806
3649068 9 .324559
3649069 9 .534316
3649071 9 .497522
3649072 9 .396151
3649074 9 .565395
3649075 9 8.727
3649077 9 2.18445
3649078 9 2.42208
3649080 9 2.25352
3649081 9 26.4533
3649083 9 .0274133
3649084 9 .0322509
3649087 9 .0213762
3649088 9 .0273163
3649090 9 .0339675
3649091 9 .0440406
3649093	ERROR	1
3649136 9 .0794321
3649137 9 .0912125
3649139 9 .206528
3649140 9 .0522445
3649142 9 .055901
3649143 9 .19788
3649145 9 .0614423
3649146 9 .187402
3649148 10 .0417519
3649149 9 .0518969
3649151 9 .0751833
3649152 9 .0699175
3649154 9 .716334
3649155 9 .857465
3649157 9 1.07078
3649158 9 1.1221
3649160 9 .896765
3649161 9 .748136
3649163 9 .81603
3649164 9 .593125
3649166 9 .542857
3649167 9 1.3181
3649169 9 .871171
3649170 9 .88968
3649172 9 .635692
3649218 9 .798691
3649219 9 .62763
3649221 9 .491866
3649222 9 .604998
3649224 9 9.71006
3649225 9 2.84273
3649227 9 3.46537
3649228 9 5.88439
3649230 9 .0693836
3649234 9 .0595852
3649236 9 .0252954
3649237 9 .0384987
3649239 9 .0466782
3649240 9 .0334511
3649242 9 .0330899
3649243 9 .0303604
3649247 9 .0446167
3649248 9 .0198778
3649250 9 .0231376
3649251 9 .0270727
3649254 9 .0201223
3649256 9 .0247536
3649259 9 .0187675
3649260 10 .0110606
3649262 9 .0153087
3649263 9 .0184095
3649265 9 .0229453
3649266 9 .0257436
3649268 9 .0230724
3649269 9 .0275236
3649271 9 .0205051
3649273 9 .0769856
3649275 9 .312809
3649276 9 .102335
3649279 9 .166295
3649280 9 .243606
3649282 9 .256278
3649283 9 .0837444
3649285 9 .100145
3649286 9 .280399
3649288 9 .105663
3649289 9 .258569
3649292 9 .0556328
3649293 9 .0396159
3649295 9 .0529404
3649296 9 .0555029
3649298 9 .0886295
3649299 9 .180392
3649301 9 .0696068
3649302 9 .198347
3649173 9 .654707
3649175 9 9.65397
3649176 9 2.26889
3649178 9 3.04702
3649179 9 3.54776
3649181 9 3.03095
3649182 9 25.4402
3649186 9 .0424142
3649187 10 .016822
3649191 9 .0267538
3649192 10 .0136655
3649195 9 .162297
3649197 9 2.3875
3649199 9 .133518
3649200 9 .111918
3649202 9 .157042
3649204 9 .131621
3649206	ERROR	1
3649304 9 .0881758
3649305 9 .0882014
3649307 9 .172039
3649308 10 .0400405
3649310 9 .0711353
3649311 9 .0655946
3649313 9 .87379
3649314 9 1.22143
3649316 9 1.0252
3649317 9 1.6838
3649319 9 1.92979
3649320 9 .242851
3649322 9 .502946
3649323 9 .41136
3649325 9 .437379
3649326 9 .393829
3649328 9 .708167
3649329 9 .761286
3649331 9 .776932
3649332 9 .740776
3649334 9 .927043
3649335 9 8.94441
3649337 9 2.27016
3649338 9 3.18507
3649340 9 4.60019
3649341 9 8.5483
3649345 10 .0185775
3649347 10 .0196175
3649350 10 .019861
3649351 10 .0148703
3649353 10 .010988
3649354 10 .008817
3649358 10 .121347
3649359 10 .0623898
3649361 10 .0509498
3649362 10 .308872
3649364 10 .0603588
3649365 10 .0346422
3649367 10 .406364
3649368 10 .600822
3649370 10 .367554
3649371 10 .755395
3649373 10 .194108
3649374 10 3.38829
3649376 10 3.98969
3649377	ERROR	1
3649430 9 .284558
3649431 9 .104614
3649433 9 .227999
3649434 9 .0906937
3649436 9 .222778
3649438 9 1.62026
3649440 9 1.57146
3649441 9 .860891
3649443 9 1.47748
3649444 9 1.10298
3649446 9 1.33026
3649447 9 2.56647
3649450 9 2.25466
3649451 9 2.17182
3649453 9 .979441
3649454 9 .948966
3649457 9 .733966
3649458 9 .841826
3649460 9 .889966
3649461 9 .41647
3649463 9 .338297
3649464 9 .388511
3649467 9 5.38333
3649468 9 10.8583
3649470 9 8.69394
3649471 9 6.80015
3649473 9 1.74909
3649474 9 2.44875
3649476 9 3.40233
3649477 9 2.62541
3649479 9 2.70539
3649480 9 3.36113
3649482 9 4.34117
3649483 9 3.59358
3649485	ERROR	1
3649598 9 .76879
3649600 9 .893985
3649601 9 .868725
3649603 9 1.35196
3649604 9 1.08862
3649606 9 1.08195
3649607 9 1.64909
3649609 9 .891413
3649610 9 .76457
3649613 9 .449167
3649614 9 .413597
3649616 9 .430916
3649617 9 .224994
3649619 9 .671327
3649620 9 .639133
3649622 9 .527339
3649623 9 .871013
3649625 9 .210509
3649626 9 .590033
3649628 9 .623573
3649629 9 .607825
3649631 9 .787713
3649632 9 .801911
3649634 9 1.16473
3649635 9 .63501
3649510 9 8.03046
3649511 9 2.43058
3649513 9 2.94763
3649514 9 2.76436
3649516 9 3.31949
3649517 9 4.18507
3649519 9 4.02429
3649520 9 2.71927
3649522 9 10.9924
3649523 9 15.4708
3649525 9 21.468
3649526 9 17.9396
3649570 9 2.19852
3649571 9 .123859
3649575 9 .136669
3649576 9 .0909063
3649578	ERROR	1
3649637 9 .317412
3649638 9 .457858
3649640 9 .46251
3649641 9 .499956
3649644 9 .484505
3649645 9 .427662
3649647 9 6.07683
3649648 9 5.26975
3649650 9 7.70399
3649651 9 5.9608
3649653 9 4.36451
3649654 9 2.59209
3649656 9 2.68609
3649657 9 3.1375
3649659 9 2.81789
3649660 9 2.50086
3649662 9 4.29201
3649663 9 3.1581
3649665 9 3.00386
3649666 9 2.89137
3649668 9 4.87413
3649669 9 3.44398
3649671 9 3.91648
3649672 9 3.31549
3649674 9 6.54132
3649675	ERROR	1
3649754 9 .861413
3649756 9 .749979
3649757 9 .784107
3649759 9 1.14832
3649760 9 1.20215
3649762 9 .708068
3649764 9 .35663
3649766 9 .355837
3649767 9 .279394
3649769 9 .217699
3649770 9 2.00006
3649772 9 4.19076
3649773 9 7.27199
3649775 9 4.63554
3649776 9 3.18158
3649778 9 1.96535
3649779 9 1.92959
3649781 9 1.2904
3649782 9 1.92704
3649784 9 2.73726
3649785 9 2.76092
3649787 9 2.3099
3649788 9 2.10286
3649790 9 4.10481
3649791 9 1.96988
3649793 9 13.2056
3649794 9 8.83005
3649796 9 16.8142
3649797 9 14.7989
3649799	ERROR	1
3649716 9 8.50419
3649717 9 3.94023
3649719 9 2.41476
3649720 9 1.63253
3649722 9 2.25272
3649723 9 2.83157
3649725 9 3.52617
3649726 9 3.83157
3649728 9 2.76651
3649729 9 3.18323
3649731 9 4.29654
3649732 9 2.53385
3649734 9 10.1487
3649735 9 16.3173
3649737 9 22.6709
3649738 9 17.647
3649740	ERROR	1
3649831 9 1.38345
3649834 9 1.15374
3649835 9 1.20267
3649837 9 .963561
3649838 9 .730584
3649841 9 .554736
3649842 9 .475194
3649844 9 .884704
3649845 9 .713266
3649847 9 .486318
3649848 9 .526393
3649850 9 .825001
3649851 9 1.01787
3649853 9 .865953
3649854 9 .851511
3649856 9 .710452
3649857 9 .860483
3649859 9 .819098
3649860 9 .511089
3649862 9 .909112
3649863 9 .671319
3649866 9 4.57781
3649867 9 6.27836
3649869 9 11.3525
3649870 9 7.21893
3649872 9 7.03158
3649873 9 4.60204
3649875 9 3.97013
3649876 9 4.14357
3649878 9 3.83672
3649879 9 4.25674
3649881 9 4.17822
3649882 9 6.58826
3649884 9 4.90281
3649885 9 5.17897
3649887 9 4.98212
3649888 9 3.86373
3649890 9 7.12269
3649891 9 17.9757
3649893 9 8.83434
3649894 9 4.95993
3649896 9 23.5628
3649897	ERROR	1
3649910 9 1.39028
3649912 9 8.64572
3649913 9 21.6645
3649915 9 7.80895
3649916 9 3.96093
3649918 9 3.67302
3649919 9 4.14584
3649921 9 5.68709
3649922	ERROR	1
3649949 9 3.96838
3649950 9 3.39743
3649952 9 4.89175
3649953 9 7.64305
3649955 9 6.47497
3649956 9 6.38263
3649958 9 8.23869
3649959	ERROR	1
3649987 9 8.42982
3649989 9 5.08768
3649990 9 5.93334
3649992 9 4.01717
3649993 9 6.57458
3649995 9 7.53979
3649996 9 5.60487
3649998	ERROR	1
3650070 9 47.8499
3650072	ERROR	1
3650033 9 1.04574
3650034 9 1.36732
3650036 9 .84454
3650037 9 .916449
3650039 9 .969338
3650040 9 .743002
3650042 9 .769835
3650043 9 9.86978
3650045 9 7.86894
3650046 9 8.58892
3650048 9 8.59745
3650049 9 7.62185
3650051 9 2.30575
3650052 9 7.29106
3650054 9 5.08977
3650055 9 4.20215
3650057 9 4.13911
3650058 9 4.03337
3650060 9 5.22536
3650061 9 5.57908
3650063 9 7.85763
3650064 9 6.11527
3650066 9 31.8825
3650067	ERROR	1
3650115 9 9.58585
3650116 9 7.32024
3650118 9 10.3885
3650119 9 8.36732
3650121 9 2.08017
3650122 9 6.68815
3650124 9 3.8326
3650125 9 5.32191
3650127 9 3.09765
3650128 9 3.81274
3650130 9 4.04751
3650131 9 5.2273
3650133 9 6.1951
3650134	ERROR	1
3650199 9 9.51023
3650200 9 7.72693
3650202 9 8.1954
3650203 9 7.01467
3650205 9 1.92278
3650206 9 4.23811
3650208 9 4.16974
3650209 9 3.95929
3650211	ERROR	1
3650159 10 .245083
3650161 10 .463356
3650162 10 .692398
3650164 10 .964321
3650165 10 .870491
3650167 10 1.64138
3650168 10 .179708
3650170 10 3.31717
3650171 10 5.01941
3650173 10 4.80592
3650174 10 2.51932
3650176 10 2.27327
3650177 10 4.93964
3650179 10 5.57765
3650180 10 5.78225
3650182 10 3.00053
3650183 10 28.7693
3650185 10 31.9769
3650186 10 31.0564
3650188	ERROR	1
3650237 9 .940906
3650239 9 1.03223
3650241 9 .523027
3650243 9 .407868
3650244 9 .722651
3650246 9 .872895
3650247 9 .881579
3650249 9 6.05272
3650250 9 5.90169
3650252 9 12.4424
3650253 9 11.1351
3650255 9 7.82591
3650256 9 3.75995
3650258 9 3.04781
3650259 9 4.14031
3650261 9 3.59346
3650262 9 4.2677
3650264 9 7.53047
3650265 9 4.55674
3650267 9 4.38983
3650268 9 4.16237
3650270 9 3.97063
3650271	ERROR	1
3650276 9 31.4251
3650277 9 20.3821
3650297 9 8.50971
3650298 9 2.588
3650300 9 13.8724
3650301	ERROR	1
3650322 9 8.37567
3650323 9 6.91091
3650324 9 6.88622
3650325 9 12.1546
3650326 9 4.0609
3650327 9 4.44204
3650328 9 6.50588
3650329 9 5.84424
3650330 9 6.71817
3650331 9 4.87194
3650332 9 6.69293
3650333 9 8.1092
3650334 9 38.7923
3650335	ERROR	1
3650374	ERROR	1
3650347 9 23.0895
3650348 9 9.7158
3650349 9 16.7275
3650350 9 23.2971
3650351 9 16.7295
3650352 9 15.808
3650353 9 23.5822
3650354 9 25.8134
3650355 9 20.4085
3650356 9 14.1614
3650357 9 14.2267
3650358	ERROR	1
3650424	ERROR	1
3650399 9 9.05861
3650400 9 6.03615
3650401 9 7.63362
3650402 9 9.12639
3650403 9 6.50113
3650404 9 12.9914
3650405 9 6.43346
3650406 9 7.03304
3650407 9 29.1441
3650408 9 71.2008
3650409	ERROR	1
3650486 9 27.0303
3650487 9 33.7133
3650488	ERROR	1
3650459 9 41.5048
3650460 9 37.4206
3650462 9 42.2787
3650463	ERROR	1
3650543	ERROR	1
3650511 9 9.76098
3650512 9 3.61215
3650513 9 41.747
3650514	ERROR	1
3650568	ERROR	1
3654098 10 .0705642
3654099 9 .190541
3654183 10 .10832
3654184 9 .0981463
3654294 9 .128389
3654295 9 .412956
3654410 10 .235806
3654411 9 .37121
3654511 10 .183636
3654512 9 .122144
3654645 10 .182411
3654647 9 .0740157
3654648 9 .139716
3656936 10 2.2165
3657773 9 .407619
3657843 9 .139431
3657844 9 .0789779
3657930 10 .274564
3658389 10 2.58185
3658717 9 .0947671
3658796 10 .544621
3658797 9 .484366
3658873 9 .89634
3658908 10 .0712106
3658954 10 .476016
3650594	ERROR	1
3663255 10 .121645
3663470 9 .165819
3663574 10 .220891
3663575 9 .104938
3667033 10 .199512
3667042 10 .0597005
3667088 10 .410964
3667139 10 .0449234
3667172 10 .343288
3667221 10 .0582018
3667337 10 .0842862
3667350 10 .0581627
3667353 10 .0679514
3667411 10 .285621
3667461 10 .212608
3667463 10 .0443493
3667468 10 .0682845
3667469 10 .0554644
3667471 10 .0831576
3667472 10 .0722883
3667474 10 .0572306
3667475 10 .043216
3667477 10 .0454392
3667478 10 .165491
3667480 10 .0260395
3659031 9 .184216
3659783 10 2.13376
3660164 9 .120068
3660248 9 .455845
3660249 9 .564712
3660370 9 .106901
3661555 10 .0947703
3661556 9 .530687
3661557 9 .131765
3661698 9 .087262
3661699 9 .0996493
3661825 10 .0731327
3661826 9 .145753
3662002 10 .22043
3662003 9 .582645
3662004 9 .128373
3662222 10 .45338
3662224 9 .121496
3662225 9 .636876
3662371 9 .835028
3662541 9 .216553
3662736 10 .136671
3662737 9 .195222
3663020 9 .34711
3663142 10 .0619875
3667520 10 18.752
3667521	ERROR	1
3667481 10 1.27278
3667483 10 .371795
3667484 10 .488239
3667486 10 .451677
3667488 10 .448789
3667490 10 .516018
3667491 10 .569164
3667493 10 .373038
3667494 10 .0933039
3667496 10 .255792
3667497 10 .586781
3667499 10 .554184
3667500 10 .169748
3667502 10 .107892
3667503 10 .836387
3667505 10 2.78496
3667506 10 4.14419
3667508 10 1.00908
3667509 10 1.16769
3667511 10 2.63061
3667512 10 2.52795
3667514 10 2.25596
3667515 10 1.61249
3667517 10 11.6798
3667518 10 23.9993
3674192 10 1.00271
3679664 10 .0112786
3679668 10 .0216014
3679680 10 .336226
3679694 10 .022334
3679716 10 .0949701
3679787 10 .15538
3679796 10 .0283432
3679830 10 .584357
3679871 10 .0257905
3679894 10 .421878
3679900 10 .0616334
3679922 10 .598008
3679983 10 .534811
3680066 10 .0329908
3680067 10 .0356442
3680072 10 .042679
3680073 10 .0391573
3680075 10 .0391408
3680076 10 .0224857
3680078 10 .534628
3680079 10 .464433
3680082 10 .473847
3680083 10 .177884
3680085 10 .359296
3668428 10 59.4006
3668430	ERROR	1
3680086 10 .17984
3680088 10 .416937
3680089 10 .142197
3680091 10 1.26241
3680092 10 2.00685
3680094 10 3.80814
3680095 10 1.25942
3680097 10 1.48266
3680098 10 1.68747
3680100 10 13.5289
3680101 10 8.11942
3680103 10 15.4937
3680104	ERROR	1
3695196 10 .00581304
3695199 10 .00552973
3695204 10 .0165345
3695208 10 .0288079
3695216 10 .0911484
3695272 10 .0147008
3695273 10 .191741
3695275 10 .0500829
3695276 10 .0544793
3695277 10 .217803
3695278 10 .102428
3695279 10 .253879
3695280 10 .0653182
3695281 10 .0730525
3695282 10 .0396856
3695283 10 .700917
3695285 10 .598413
3695286 10 .585787
3695287 10 1.007
3695288 10 .761131
3695289 10 .902551
3695290 10 .603833
3695291 10 .191006
3695292 10 8.57462
3695293 10 3.07333
3680631 10 20.4251
3680632 10 7.13389
3680634 10 3.66403
3680635 10 6.97213
3680637 10 10.597
3680638 10 7.23957
3680640	ERROR	1
4392561 10 .0324165
4392567 10 .0519129
4392614 10 .227613
4392774 10 .0242227
4392775 10 .0111789
4392777 10 .0150769
4392779 10 .112241
4392781 10 .0587218
4392782 10 .398609
4392785 10 .08307
4392786 10 .073343
4392789 10 .0445253
4392790 10 .246266
4392792 10 .0479397
4392793 10 .0653997
4392795 10 .0815648
4392796 10 .0377263
4392798 10 .0675274
4392799 10 .106237
4392801 10 .841582
4392802 10 .396298
4392804 10 1.35615
4392806 10 .231603
4392808 10 .303277
4392809 10 .179662
3695294 10 3.32641
3695295 10 7.94707
3695296 10 7.31926
3695297 10 8.37248
3695298 10 38.5683
3695299	ERROR	1
4482250 9 .475799
4483428 9 .305355
4484217 9 .288123
4485275 9 .232163
4492218 10 .433231
4496500 10 .0887592
4496542 10 .575345
4498240 9 .0413943
4498267 9 .745498
4498988 9 .646665
4499313 9 .30203
4510644 9 .275504
4512337 9 .59169
4512937 9 .449521
4512942 9 .209328
4513546 9 .221641
4518712 9 .579135
4526848 9 3.92468
4541712 10 1.48814
4541715 10 .844216
4541717 10 1.43873
4541719 9 .906953
4541720 10 .582345
4541722 10 .523616
4541723 10 1.18755
4392811 10 1.29971
4392812 10 .85846
4392814 10 1.19233
4392815 10 .476161
4392817 10 2.66008
4392818 10 12.166
4392820 10 5.132
4392821 10 1.51173
4392823 10 1.13512
4392824 10 2.37832
4392826 10 .634738
4392827 10 36.192
4392829	ERROR	1
4541725 9 1.07398
4541726 10 1.36102
4541729 10 .82372
4541730 10 1.14379
4541732 9 .792607
4541733 9 1.33224
4541735 9 1.80846
4541736 10 .904082
4541738 10 .872542
4541739 10 .713673
4541741 9 .730837
4541742 10 .533322
4541744 10 .880093
4541745 10 .90856
4541747 9 .831546
4541748 9 .751278
4541750 9 1.16255
4541751 10 .579801
4541753 10 .712805
4541754 10 .501647
4541756 9 .689723
4541757 10 .277005
4541759 9 4.72439
4541760 10 3.43039
4541762 10 6.13726
4541803 10 59.3324
4541804	ERROR	1
4541763 9 5.48205
4541767 10 11.3477
4541768 9 3.55674
4541770 10 3.81528
4541771 10 4.67411
4541773 9 3.79322
4541774 9 2.78713
4541776 9 5.51222
4541777 10 3.10148
4541779 10 4.24963
4541780 10 4.59445
4541782 10 6.92614
4541783 9 4.28999
4541785 10 3.10873
4541786 9 3.16299
4541788 9 3.83129
4541789 9 3.76278
4541791 10 2.86558
4541792 10 4.42607
4541794 10 2.60764
4541795 10 4.25759
4541797 9 2.65202
4541798 9 3.73881
4541800 10 2.00875
4541801 10 2.32996
4573652 9 .747037
4574321 9 1.08637
4597110 9 .680053
4604986 9 1.28163
4607795 9 6.82919
4670381 9 2.61827
4690093 9 13.2976
4794024 9 15.4459
4803866 9 3.76505
4862149 9 7.25291
5128307 10 3.24817
5147079 9 11.5782
5169756 9 2.59694
5170501 9 7.92737
5190314 9 4.81309
5209214 9 3.81079
5253666 10 3.86248
5256526 10 1.2234
5259505 10 5.27177
5261385 10 .373548
5261469 10 .159812
5261471 10 .296303
5261472 10 .247216
5261476 10 1.43114
5261477 10 .361181
5261479 10 .27698
5261480 10 .414442
5261482 10 .38831
5261483 10 2.45367
5261485 10 1.44334
5261486 10 1.77552
5261490 10 1.08814
5261491 10 2.91002
5261493 10 1.66863
5261494 10 3.53724
5261496 10 1.82565
5261497 10 1.29381
5261499 10 1.96556
5261500 10 8.96709
5261502 10 16.2639
5261503 10 21.679
5261505 10 8.64824
5261506 10 7.83625
5261508 10 11.6124
5261509 10 8.92083
5261511	ERROR	1
6207176 10 .00732261
6207177 10 .00593376
6207179 10 .00576977
6207180 10 .011342
6207182 10 .00693934
6207183 10 .0156585
6207185 10 .106702
6207187 10 .00757331
6207189 10 .00509989
6207190 10 .00854558
6207192 10 .00505176
6207193 10 .0082193
6207195 10 .0144996
6207196 10 .00857906
6207198 10 .169809
6207199 10 .0561477
6207201 10 .0159738
6207202 10 .0411163
6207204 10 .0117193
6207205 10 .0255034
6207207 10 .0145257
6207208 10 .0430264
6207210 10 .0761863
6207211 10 .0951035
6207213 10 .0726409
6207214 10 .373424
6207216 10 .00378818
6207218 10 .00588096
6207220 10 .0044612
6207221 10 .00460755
6207223 10 .00479048
6207225 10 .144592
6207227 10 .00469147
6207228 10 .00521601
6207230 10 .00594042
6207231 10 .00593683
6207233 10 .00528292
6207234 10 .00549748
6207236 10 .00595046
6207237 10 .143325
6207239 10 .00934861
6207241 10 .00633775
6207243 10 .00574355
6207244 10 .00520529
6207246 10 .0078221
6207247 10 .012894
6207249 10 .0123812
6207250 10 .127704
6207252 10 .0102267
6207253 10 .00551384
6207255 10 .00703955
6207256 10 .00974779
6207258 10 .0503305
6207259 10 .0806782
6207261 10 .0916414
6207262 10 .0633794
6207264 10 .174823
6207265 10 .15245
6207267 10 .291233
6207268 10 .593149
6207270 10 .00481482
6207271 10 .00980996
6207273 10 .00823202
6207274 10 .220779
6207276 10 .0318073
6207277 10 .0760823
6207279 10 .28938
6207288 10 .0128071
6207317 8 .220521
6207325 10 .0197215
6207373 10 .0235681
6207411 10 .00852812
6207420 10 .00880249
6207437 10 .0242156
6207462 10 .00597392
6207463 10 .00682948
6207465 10 .0106094
6207466 10 .0107181
6207470 10 .0173714
6207471 10 .0165708
6207476 10 .012324
6207477 10 .106993
6207479 10 .00938481
6207480 10 .0108394
6207482 10 .00813368
6207483 10 .010861
6207485 10 .0114258
6207486 10 .019033
6207488 10 .0357971
6207489 10 .0284905
6207491 10 .0506492
6207492 10 .0648013
6207495 10 .0214522
6207496 10 .0314513
6207498 10 .0304071
6207499 10 .0154514
6207501 10 .0291418
6207502 10 .0434999
6207504 10 .0226162
6207505 10 .0311407
6207507 10 .0289535
6207508 10 .086205
6207510 10 .445028
6207511 10 .679078
6207513 10 .075466
6207514 10 .347213
6207516 10 .0680833
6207517 10 .255336
6207519 10 .0690367
6207520 10 .370826
6207522 10 .736409
6207523 10 .98366
6207525 10 1.09205
6207526 10 4.24222
6207541 10 .0345931
6207543 10 .0283211
6207558 10 .017131
6207560 10 .0197982
6207563 10 .0225387
6207564 10 .00610872
6207566 10 .00871548
6207567 10 .0292708
6207569 10 .0194434
6207571 10 .0513286
6207573 10 .188069
6207574 10 .0152877
6207576 10 .031752
6207577 10 .035795
6207579 10 .699733
6207580 10 .113386
6207582 10 .311915
6207583 10 .0571209
6207585 10 .046069
6207586 10 .648117
6207588 10 .721119
6207589 10 .160895
6207635 8 .0908236
6207704 8 .300766
6207750 10 .0313243
6207752 10 .0321255
6207758 10 .0470907
6207759 10 .256514
6207761 8 .65828
6207763 10 .0427982
6207765 10 .46187
6207766 10 .13434
6207768 10 .543081
6207769 10 .0716847
6207771 10 .768369
6207772 10 2.57116
5307542 9 5.36527
5360036 9 9.82739
5441026 9 3.18899
5715059 10 10.6672
5973514 10 27.1523
6207142 10 .00599215
6207143 10 .00562992
6207145 10 .00505047
6207146 10 .0307892
6207148 10 .0190331
6207149 10 .0397916
6207151 10 .007129
6207152 10 2.41068
6207154 10 .00467351
6207155 10 .00452065
6207159 10 .00640225
6207160 10 .00438193
6207162 10 .00492118
6207163 10 .00412074
6207165 10 .00457693
6207166 10 1.09604
6207169 10 .00402014
6207171 10 .00499624
6207173 10 .00365382
6207174 10 .00546816
6208613 10 .00706916
6208625 10 .00739669
6208653 10 .0230938
6208869 10 .0222496
6208987 10 .0297186
6209253 9 .0287114
6209256 9 .137716
6209309 9 .0152227
6209312 9 .0316643
6209314 9 .0414234
6209315 9 .0427579
6209318 9 .163221
6209320 9 .0491157
6209323 9 .0500556
6209326 9 .0295023
6209329 9 .162366
6209330 9 .203564
6209332 9 .322271
6209333 9 .164137
6209335 9 .134125
6209336 9 .340476
6209339 9 .166299
6209340 9 .127021
6209342 9 .296516
6209343 9 .276684
6207774 10 .402414
6207775 10 .415305
6207777 10 .417154
6207778 10 1.0338
6207780 10 5.35846
6207781 10 3.43371
6207783 10 1.9479
6207784 10 17.5477
6207882 10 .004303
6207887 10 .00332055
6207889 10 .00338618
6207907 10 .00714356
6207932 10 .00902655
6207935 10 .00691636
6207973 10 .0159195
6208016 10 .00693593
6208027 10 .00447025
6208041 10 .00723262
6208059 10 .00627178
6208061 10 .00626361
6208119 10 .00366453
6208147 10 .00429135
6208335 9 .0184738
6208597 10 .0041559
6208600 10 .0049672
6209607 9 .0337512
6209749 9 .0267671
6209858 9 .0284545
6211310 10 .329461
6212751 9 .021789
6213215 9 .0256768
6213249 10 .0431106
6214222 10 .00421772
6214223 10 .00428408
6214225 10 .00492004
6214226 10 .00487783
6214229 10 .00389332
6214230 10 .00413773
6214232 10 .00727011
6214233 10 .00583453
6214235 10 .00943623
6214236 10 .0103911
6214239 10 .0137701
6214240 10 .0109958
6214242 10 .0206331
6214244 10 .0065022
6214246 10 .00625239
6214247 10 .0114152
6214249 10 .00691842
6214250 10 .007299
6214252 10 .0151309
6214253 10 .0306414
6214255 10 .019599
6214256 10 .0418436
6214258 10 .0298344
6214259 10 .0269756
6214262 10 .14128
6214263 10 .0219583
6214265 10 .0248641
6214266 10 .113872
6214268 10 .292742
6214269 10 .064593
6214271 10 .0797245
6214272 10 .0706898
6214274 10 .0649146
6214275 10 .564633
6214277 10 .445021
6214278 10 4.61196
6214281 10 .00388997
6214283 10 .00507845
6214286 10 .00545774
6214287 10 .00430631
6214289 10 .00483647
6214290 10 .0251727
6214292 10 .00442334
6214293 10 .00423165
6214295 10 .00705858
6214296 10 .00870158
6214298 10 .00882736
6214300 10 .00846911
6214302 10 .00769363
6214303 10 .110631
6214306 10 .00582521
6214307 10 .00789953
6214310 10 .00550439
6214311 10 .00543603
6214313 10 .00689802
6214314 10 .00777114
6214316 10 .0214598
6214317 10 .0223968
6214319 10 .0177094
6214320 10 .0213176
6214322 10 .0129684
6214323 10 .0337199
6214325 10 .0227663
6214327 10 .0258413
6214329 10 .153861
6214330 10 .0217593
6214332 10 .016464
6214333 10 .0270181
6214335 10 .0971736
6214336 10 .105398
6214338 10 .095193
6214339 10 .214955
6214341 10 .136375
6214342 10 .290018
6214344 10 .136287
6214345 10 .849472
6214347 10 .468583
6214348 10 .530533
6214352 10 .00778105
6214413 10 .287297
6214497 10 .0538266
6214572 10 .0706396
6214675 10 .0205812
6214689 10 .0232956
6214814 8 .0144507
6214815 8 .0162131
6214855 8 .041864
6214863 10 .0204594
6214925 10 .0795304
6215169 8 .0752581
6215218 10 .233004
6215258 10 .00595466
6215261 10 .00896723
6215262 10 .0147013
6215264 10 .0289174
6215265 10 .0335336
6215268 10 .0401466
6215270 10 .018154
6215273 10 .030866
6215274 10 .111256
6215280 10 .0126293
6215281 10 .0145547
6215283 10 .0256841
6215284 10 .0607825
6215286 10 .0372822
6215287 10 .197615
6215289 10 .177833
6215290 10 .418671
6215292 10 .119218
6215293 10 .371121
6215295 10 .100726
6215296 8 .379076
6215298 8 .546308
6215299 10 .050144
6215301 10 .102508
6215302 10 .107387
6215304 10 .176622
6215305 10 .343895
6209345 9 .203914
6209346 9 .128024
6209348 9 .336406
6209350 9 .0910301
6209352 9 .116699
6209353 9 .12165
6209356 9 .0798679
6209357 9 .0719671
6209359 9 .301124
6209360 9 .855694
6209362 9 1.15029
6209363 9 .63166
6209365 9 1.87987
6209366 9 .609968
6209368 9 1.22477
6209369 9 .681618
6209371 9 .983646
6209372 9 .526623
6209374 9 .498436
6209375 9 .52252
6209377 9 4.73941
6209378 9 6.5431
6209380 9 2.52865
6209381 9 3.08951
6209383 9 29.446
6215308 10 .0754062
6215309 10 .102535
6215311 10 .0669938
6215312 10 .219732
6215314 10 .0684853
6215315 10 .245452
6215317 10 .658447
6215318 10 .522973
6215320 10 .849701
6215321 10 .495928
6215323 10 .413404
6215324 10 1.05808
6215326 10 .515213
6215327 10 .302742
6215329 10 .304266
6215330 10 .226052
6215332 10 .235699
6215333 10 .922052
6215335 10 2.62793
6215336 10 6.37803
6215338 10 2.98356
6215339 10 2.54296
6215358 10 .0311777
6215384 10 .126579
6215441 10 .0960913
6215465 10 .0179489
6215584 10 .0136287
6215625 10 .0524054
6215722 10 .0770777
6215775 10 .0197931
6215876 10 .0649854
6215906 10 .0275984
6215910 10 .016828
6215911 10 .0106463
6215913 10 .0131124
6215914 10 .0650532
6215917 10 .216821
6215918 10 .0735355
6215920 10 .10604
6215922 10 .106326
6215924 10 .0708238
6215925 10 .0561359
6215927 10 1.56411
6215928 10 .559182
6215930 10 .723671
6215931 10 .511118
6215933 10 .214253
6215934 10 .137963
6215936 10 2.59216
6215937 10 5.77197
6215939 10 1.64185
6215940 10 19.4121
6215968 10 .900174
6215993 10 .0118937
6216135 8 .100262
6216165 10 .0332758
6216267 10 .0230959
6216268 10 .0396975
6216274 10 .0137793
6216275 10 .0744329
6216278 10 .180081
6216279 10 .0120481
6216281 10 .0291141
6216282 10 .0330951
6216284 10 .0148479
6216285 10 .0207725
6216288 10 .0161619
6216289 10 .0127819
6216291 10 .0112857
6216292 10 .0130472
6216294 10 .0144965
6216295 10 .136204
6216297 8 .343084
6216298 10 .0769574
6216300 10 .0850845
6216470 10 .0254097
6216472 10 .0237292
6216475 10 .0222509
6216476 10 .013029
6216478 10 .0198815
6216480 10 .0135376
6216483 10 .124938
6216484 10 .0352119
6216486 10 .0206813
6216487 10 .018766
6216489 10 .0250522
6216490 10 .119483
6216492 8 .790938
6216493 10 .0532618
6216495 10 .239278
6216496 10 .121066
6216498 10 .164585
6216499 10 .0768968
6216502 10 .0680523
6216503 10 .0527009
6216505 10 .0637042
6216506 10 .0332079
6216508 10 1.95128
6216509 10 .554155
6216511 10 1.15615
6216301 10 .128948
6216303 10 .0740342
6216305 10 .144951
6216307 10 .132607
6216308 10 .445748
6216310 10 .0613753
6216311 10 .102695
6216313 10 .265536
6216314 10 .0513789
6216316 10 .0478955
6216317 10 2.85401
6216319 10 .921006
6216320 10 .178193
6216322 10 .778921
6216323 10 .483825
6216325 10 .610058
6216326 10 .226434
6216328 10 .480065
6216329 10 .435352
6216331 10 7.1604
6216332 10 2.70467
6216334 10 28.5801
6216346 8 .0857537
6216406 8 .17975
6216426 10 .0510448
6216512 10 .269984
6216514 10 .549815
6216515 10 1.09428
6216517 10 .432999
6216518 10 .472815
6216520 10 6.3062
6216521 10 1.97405
6216523 10 26.555
6216537 10 .0240406
6217188 8 1.32581
6217242 10 .38746
6217450 10 .784234
6217500 8 .238392
6217574 10 .0587264
6217576 10 .09141
6217583 10 .612225
6217584 8 1.50707
6217586 10 .877347
6217587 10 .332782
6217589 10 .331727
6217590 10 .434075
6217592 10 .481377
6217593 8 1.57706
6217595 10 .370378
6217596 10 .424298
6218155 10 .00472125
6218157 10 .00449386
6218158 10 .00399761
6218160 10 .00882445
6218161 10 .0130334
6218163 10 .00959456
6218164 10 .114667
6218166 10 .00938812
6218167 10 .0103091
6218169 10 .00632892
6218170 10 .0322909
6218172 10 .0313078
6218173 10 .056125
6218175 10 .0450909
6218176 10 .0344704
6218178 10 .00890483
6218179 10 .0191305
6218181 10 .0693349
6218182 10 .429793
6218184 10 .385266
6218185 10 .063399
6218187 10 .0341519
6218188 10 .076488
6218190 10 .729277
6218191 10 .262693
6217598 10 .303978
6217599 10 .850201
6217602 10 .301715
6217603 10 .497622
6217605 10 .475452
6217606 10 .347922
6217608 10 10.0869
6217609 10 2.79035
6217611 10 3.85758
6217612 10 3.57048
6217614 10 .949421
6217615 10 4.64517
6217617 10 2.47383
6217618 10 1.96518
6217620 10 1.76886
6217621 10 .997149
6217623 10 1.36513
6217624 10 2.46722
6217626 10 18.7991
6217627	ERROR	1
6218193 10 2.33026
6218256 10 .321572
6218258 10 .024681
6218259 10 .0418484
6218262 10 .023559
6218263 10 .0454993
6218265 10 .025051
6218266 10 .0227492
6218268 10 .102389
6218269 10 .624669
6218272 10 .647819
6218273 10 .0632903
6218275 10 .546525
6218276 10 .727587
6218278 10 2.83492
6218279 10 .78614
6218281 10 .355813
6218282 10 3.04423
6218284 10 1.74626
6218285 10 27.8407
6218679 9 .106532
6218883 9 1.52954
6221168 9 .0704603
6221850 8 .352656
6224688 9 .104759
6224689 9 .294164
6224691 10 .395153
6224694 9 .206109
6224696 9 .210087
6224699 10 .350256
6224701 9 .106257
6224702 9 .2133
6224705 10 .0740636
6224706 10 .117496
6224708 10 .109586
6224709 9 .786166
6224711 10 2.02719
6224712 9 1.41778
6224714 9 3.45129
6224715 10 1.75225
6224718 10 1.8619
6224719 10 1.01921
6224722 9 .893624
6224723 9 .757289
6224726 10 .309602
6224727 10 .944527
6224729 10 6.41888
6224730 9 10.0456
6224732 10 6.80509
6224733 10 19.0112
6224735 9 10.8077
6224736 10 4.77451
6224738 10 4.29306
6224739 10 13.4756
6224741 9 29.2167
6224742 10 13.3352
6224744	ERROR	1
6226278 10 4.45867
6226280 10 2.17812
6226281 10 5.29339
6226283 10 3.82852
6226284 10 19.1676
6226286 10 11.6426
6226287	ERROR	1
6227314 9 .180727
6227315 9 .337774
6227317 9 .138081
6227318 9 .394032
6227322 9 .177667
6227324 9 .113377
6227327 9 .0777265
6227329 9 .103145
6227331 9 1.26938
6227332 9 .948603
6227334 9 1.08952
6227335 9 .856117
6227337 9 1.46574
6227339 9 1.42978
6227341 9 .853844
6227342 9 1.23856
6227346 9 .98938
6227347 9 .671682
6227349 9 1.32259
6227350 9 .733518
6227352 9 .279471
6227353 9 .753001
6227356 9 .909213
6227357 9 .896009
6227359 9 .263594
6256634 10 .844789
6256851 9 1.00791
6257504 10 1.94384
6257700 9 .877459
6272629 9 .0224203
6272773 9 .0415065
6273666 9 .0678644
6273968 9 .10563
6274147 9 .185834
6274148 9 .481871
6274150 9 .122552
6274152 9 .499186
6274154 9 .141726
6274155 9 .407465
6274159 9 .270894
6274160 9 .169927
6274162 9 .1427
6274163 9 .105546
6274166 9 .0937013
6274167 9 .410005
6274169 9 .0834741
6274170 9 .107284
6274172 9 .194046
6274173 9 .524862
6274175 9 .063625
6274176 9 .161065
6274178 9 .125338
6274179 9 .279319
6274181 9 1.52599
6274182 9 .710454
6274185 9 1.1958
6274186 9 .666513
6274188 9 1.05158
6274189 9 1.01843
6274191 9 .972977
6274193 9 1.29278
6274195 9 .617322
6274196 9 1.01724
6274198 9 .849059
6274199 9 .740469
6274201 9 .906273
6274202 9 1.43666
6274204 9 2.17152
6274205 9 1.42746
6274207 9 .738887
6274208 9 .454382
6274210 9 .639036
6274211 9 .68661
6274213 9 1.22774
6274214 9 .987563
6274216 9 .685066
6274217 9 .52198
6274219 9 .526397
6274220 9 .827366
6274223 9 .773336
6274224 9 .72905
6274226 9 .714536
6274227 9 .58038
6274229 9 .591838
6274230 9 .554356
6274232 9 .656042
6274233 9 .605743
6274235 9 .256485
6274236 9 9.05582
6274238 9 5.56168
6274239 9 3.26362
6274241 9 5.59005
6274242 9 3.69187
6274244 9 2.83739
6274245 9 4.11791
6274247 9 8.532
6274248 9 4.00696
6274250 9 4.06703
6274251 9 3.24226
6274253 9 3.22042
6227360 9 4.85787
6227362 9 6.75673
6227363 9 3.77479
6227365 9 8.75522
6227366 9 3.25114
6227368 9 5.31749
6227369 9 2.89544
6227371 9 3.2866
6227372 9 4.81172
6227374 9 1.83383
6227375 9 2.49563
6227377 9 25.116
6227378 9 31.3477
6227380 9 10.8348
6227381 9 15.2175
6227383	ERROR	1
6283635 9 .224221
6283637 10 .216225
6283639 9 .339472
6283640 10 .127472
6283643 10 .397983
6283644 9 .35113
6283647 9 .0908495
6283649 10 .239089
6283651 10 .220804
6283653 10 .206587
6283655 10 .0744555
6283656 10 .113336
6283658 9 .24736
6283659 9 .183811
6283662 10 1.4797
6283663 10 1.30446
6283665 9 .86433
6283666 10 .718625
6283668 10 2.79936
6283669 10 .803855
6283671 10 2.04936
6283672 10 .853526
6283675 9 .810209
6283676 10 .634984
6283678 9 2.11852
6274254 9 1.47362
6274256 9 1.98106
6274257 9 1.64863
6274259 9 2.65731
6274260 9 2.40917
6274262 9 2.26892
6274263 9 2.32117
6274265 9 52.3612
6274266	ERROR	1
6283719 9 5.72512
6283720 10 53.1932
6283722	ERROR	1
6283679 10 .983103
6283681 10 .713364
6283682 9 .682823
6283684 10 .834825
6283685 10 .910664
6283688 10 1.10958
6283689 9 .612678
6283691 10 .55025
6283692 9 .774497
6283694 10 .844568
6283695 9 .96872
6283698 9 .613169
6283699 10 .479731
6283701 10 6.75379
6283702 10 13.2013
6283704 10 4.39575
6283705 9 4.54915
6283707 10 1.98049
6283708 10 4.24914
6283710 10 3.37064
6283711 10 4.52888
6283713 10 4.09121
6283714 9 9.46924
6283716 10 4.29928
6283717 9 7.21297
6289678 10 .320195
6289680 10 .42894
6289681 9 .167986
6289684 10 .535041
6289685 10 .827493
6289688 9 .617398
6289689 9 .296332
6289691 10 .166365
6289692 10 .143847
6289696 9 .0864626
6289697 10 .394829
6289699 9 .389102
6289700 9 .264532
6289702 10 .17623
6289703 10 .435149
6289705 9 .450141
6289706 10 .117249
6289709 9 .147445
6289710 9 .430433
6289712 10 .15988
6289713 10 .434988
6289715 10 .390749
6289716 10 .141399
6289718 10 .110525
6289719 9 .403529
6289722 10 .253403
6289723 10 .435597
6289725 10 .110245
6289726 10 .309225
6289728 10 .0927129
6289729 9 .396323
6289731 10 .189585
6289732 10 .264957
6289734 9 .0936395
6289735 9 .279565
6289737 9 .0784
6289738 10 .341218
6289740 10 .0963973
6289741 9 .364329
6289743 10 .100188
6289744 9 .321689
6289746 9 .139107
6289747 9 .363856
6289749 9 .0890626
6289750 9 .280746
6289752 9 .10422
6289753 9 .394803
6289755 10 2.02692
6289756 9 1.62208
6289759 10 3.44035
6289799 10 .890259
6289800 10 1.85374
6289802 10 1.43814
6289803 9 .780774
6289805 10 1.01014
6289806 10 1.27409
6289808 9 1.71289
6289809 9 .902178
6289811 9 1.03423
6289812 10 .896748
6289815 10 .940783
6289816 10 .865644
6289818 9 .518308
6289819 9 .337177
6289821 9 .365712
6289822 10 .427806
6289824 10 .432516
6289825 10 .486987
6289827 10 .585265
6289828 9 .975808
6289830 9 .918458
6289831 9 1.07773
6289833 9 1.69372
6289834 10 .428265
6289836 10 .805476
6289760 10 2.39139
6289762 9 1.31044
6289763 10 2.08735
6289765 10 2.10301
6289766 10 1.80536
6289768 10 1.27413
6289770 10 1.21766
6289772 9 .897305
6289773 9 .68147
6289775 9 .527003
6289776 10 1.37754
6289778 10 .964642
6289779 10 1.19216
6289781 10 1.31474
6289782 10 .611475
6289784 10 1.59082
6289785 10 1.55721
6289787 10 1.88077
6289788 9 .560464
6289790 10 1.10892
6289791 10 .594598
6289793 9 1.52744
6289794 9 .924269
6289796 9 1.31907
6289797 10 1.32009
6289875 10 69.3873
6289876	ERROR	1
6307026 10 .0138761
6307028 9 .0081686
6307030 9 .0165355
6307032 10 .0143843
6307033 10 .0121887
6307035 9 .0127853
6307036 9 .105481
6307038 9 .0115126
6307039 10 .00981865
6307041 9 .0141473
6307043 9 .0130492
6307045 9 .0145066
6307046 10 .0117363
6307050 9 .0180503
6307051 10 .00829936
6307053 10 .0811446
6307054 9 .0288825
6307056 10 .0553046
6307057 9 .0422499
6307060 10 .171323
6307061 10 .0480007
6307063 9 .0542513
6307064 9 .0580303
6307066 10 .0355115
6307067 10 .0325545
6307069 10 .0338285
6307070 10 .0430434
6307072 9 .0295192
6307073 9 .0416303
6307075 9 .0438442
6307076 10 .153442
6307078 10 .0403388
6307079 9 .0326327
6307081 10 .0390189
6307083 10 .0531656
6307085 10 .0415125
6307086 9 .0366349
6307088 9 .0330205
6307090 10 .035213
6307092 10 .268801
6307093 10 .31624
6307095 10 .111173
6307096 10 .207267
6307098 10 .350503
6307099 9 .131698
6307101 10 .342374
6307102 10 .0907653
6307104 9 .382582
6307105 9 .389071
6307107 10 .153057
6289837 10 .836155
6289839 10 8.44938
6289840 10 8.39365
6289842 10 7.49569
6289843 10 6.79519
6289845 10 5.44965
6289846 10 7.81547
6289848 9 5.62487
6289849 10 3.54819
6289851 10 4.61936
6289852 10 6.28525
6289854 9 3.30929
6289855 10 5.30299
6289857 10 5.31701
6289858 10 5.65145
6289860 10 1.91477
6289861 10 3.13843
6289863 10 2.03152
6289864 9 3.4088
6289866 9 4.25777
6289867 9 3.31168
6289869 10 2.96469
6289870 10 3.42162
6289872 10 2.11623
6289873 10 3.6035
6307148 9 .192895
6307149 9 .107226
6307151 9 .0737771
6307152 9 .0848332
6307156 9 .296344
6307157 9 .135564
6307159 9 .651541
6307160 9 1.08237
6307162 9 1.00249
6307163 9 1.1516
6307165 9 1.74795
6307166 9 1.13709
6307168 9 .767169
6307169 9 .714933
6307171 9 1.6275
6307172 9 1.72534
6307175 9 1.49548
6307176 9 1.80306
6307178 9 1.00596
6307179 9 .380667
6307182 9 .369679
6307183 9 .772572
6307185 9 .768207
6307186 9 .758496
6307188 9 .794024
6307108 9 .126895
6307110 9 .179279
6307111 10 .299729
6307114 9 .107768
6307115 9 .121196
6307117 10 .411911
6307118 9 .107382
6307120 10 .844408
6307121 9 2.226
6307123 10 1.51868
6307124 10 2.07124
6307126 9 1.29055
6307127 10 1.58235
6307129 10 1.48084
6307130 9 1.41278
6307132 10 10.5128
6307133 10 5.85775
6307135 9 5.31235
6307136 10 42.8081
6307138 9 .144748
6307139 9 .163274
6307141 9 .176804
6307142 9 .13299
6307144 9 .123241
6307145	ERROR	1
6307228 9 23.7217
6307229	ERROR	1
6307189 9 .409469
6307192 9 .622583
6307193 9 .67551
6307195 9 .412098
6307196 9 .44168
6307198 9 .505692
6307199 9 .536646
6307201 9 11.3259
6307202 9 2.48969
6307204 9 3.81
6307205 9 7.03232
6307207 9 4.01252
6307208 9 2.66167
6307210 9 4.00918
6307211 9 3.00753
6307213 9 2.9455
6307214 9 5.50201
6307216 9 2.84309
6307217 9 1.96853
6307219 9 2.31022
6307220 9 2.02295
6307222 9 48.9673
6307223	ERROR	1
6307266 10 1.001
6307268 10 1.04798
6307269 10 1.14429
6307271 10 .875785
6307272 9 .887154
6307274 10 1.24068
6307275 10 .899718
6307277 9 1.87622
6307278 9 2.79941
6307280 10 1.51949
6307281 9 .905716
6307283 9 1.26349
6307284 10 1.04637
6307287 9 .980169
6307288 9 .927426
6307290 10 1.19169
6307291 9 1.26094
6307293 10 4.19209
6307294 9 12.4592
6307296 10 7.93788
6307297 10 4.59005
6307299 9 5.53937
6307300 10 5.28224
6307302 10 4.66004
6307303 9 4.9983
6307479 10 .190045
6307481 10 .443408
6307483 10 .202344
6307485 9 .36025
6307486 9 .429814
6307488 10 .174988
6307489 10 .230387
6307491 9 .293684
6307492 10 .275141
6307494 10 .121201
6307495 9 .685192
6307497 9 .54485
6307498 10 1.08531
6307501 10 .927274
6307502 9 .206917
6307504 9 .234383
6307505 10 .323879
6307508 10 .136623
6307509 9 .426574
6307512 9 .451263
6307513 10 .657763
6307517 9 .530281
6307518 10 .594201
6307520 9 .176377
6307521 9 .266682
6307523 9 .187777
6307524 9 .632019
6307526 10 1.35501
6307527 10 2.4037
6307529 10 1.88444
6307530 10 1.93923
6307532 10 1.13675
6307533 9 1.9806
6307535 10 3.49196
6307536 10 2.87513
6307538 10 1.59155
6307539 10 1.24962
6307541 9 1.75016
6307542 9 2.25345
6307544 10 2.95523
6307545 10 2.74975
6307548 10 2.43661
6307549 9 .545833
6307551 10 2.35384
6307552 10 1.42955
6307554 10 1.76981
6307556 10 1.553
6307558 9 1.11617
6307559 9 1.16333
6307561 10 1.7583
6307305 10 73.4616
6307306	ERROR	1
6307562 10 1.36945
6307564 9 .931233
6307565 10 1.37205
6307567 10 .994119
6307568 9 1.49616
6307570 9 1.41003
6307571 10 1.74609
6307574 10 2.60434
6307575 9 1.8476
6307577 9 1.65857
6307578 10 1.29132
6307580 10 2.14249
6307581 10 1.71078
6307583 9 1.43635
6307584 9 2.10775
6307586 10 1.56955
6307587 10 2.23599
6307589 10 8.73249
6307590 10 15.7951
6307592 9 13.1066
6307593 10 12.369
6307595 10 8.64739
6307596 10 7.43478
6307598 9 6.46354
6307599 10 7.58169
6307601 10 8.68742
6307602 10 7.58921
6307604 10 10.8568
6307605 10 11.2077
6307607 9 6.76499
6307608 10 5.56437
6307610 10 6.55667
6307611 9 7.93251
6307613 9 8.0213
6307614 10 5.38649
6307616 10 11.2182
6307617 10 5.61105
6307619	ERROR	1
6307644 9 1.08134
6307646 9 2.0061
6307647 9 1.43086
6307650 9 1.5493
6307651 9 1.61372
6307653 9 1.66844
6307655 9 1.26756
6307657 9 1.77757
6307658 9 1.63684
6307660 9 1.30291
6307661 9 5.86086
6307663 9 6.24624
6307664 9 7.50445
6307666 9 6.39461
6307667 9 4.09551
6307669 9 5.32841
6307670 9 3.69922
6307672 9 45.3228
6307673	ERROR	1
6307689 10 .103208
6307690 10 2.39865
6307692 10 1.2197
6307693 10 1.11255
6307697 10 1.00079
6307698 10 .55879
6307700 10 1.35309
6307702 10 .651806
6307704 10 .950901
6307705 10 .827101
6307707 10 .277097
6307708 10 .292729
6307710 10 .274781
6307711 10 .580542
6307713 10 12.546
6307714 10 2.25633
6307716 10 6.37333
6307717 10 3.77801
6307719 10 3.7698
6307720 10 2.1369
6307722 10 1.17976
6307723 10 2.43204
6307725 10 46.7366
6307726	ERROR	1
6307729 10 26.482
6307731 9 .0795822
6307732 9 .0432928
6307734 9 .306767
6307735 9 1.23637
6307738 9 .130718
6307739 9 .25257
6307741 9 .128851
6307745 9 .298633
6307747 9 .10139
6307748 9 .114522
6307750 9 .746324
6307751 9 1.16751
6307753 9 .714459
6307754 9 .975311
6307757 9 2.22648
6307758 9 .580675
6307760 9 .775143
6307761 9 .687893
6307764 9 .504484
6307765 9 .763269
6307767 9 .601231
6307768 9 1.3361
6307771 9 .666904
6307772 9 .48242
6307812 9 59.4785
6307814	ERROR	1
6307774 9 1.04572
6307775 9 1.04939
6307777 9 .97377
6307778 9 .830246
6307780 9 1.32922
6307782 9 .896918
6307784 9 .680336
6307785 9 .885095
6307787 9 .656359
6307788 9 .589558
6307790 9 5.36531
6307791 9 18.8464
6307793 9 7.03052
6307794 9 6.88036
6307796 9 6.21135
6307797 9 5.35942
6307799 9 3.32293
6307800 9 3.59445
6307802 9 7.10587
6307803 9 3.40592
6307805 9 3.83307
6307806 9 2.31271
6307808 9 2.98113
6307809 9 2.12382
6307811 9 2.58699
6307855 9 .846361
6307857 9 .99784
6307859 9 .708742
6307860 9 .951788
6307862 9 .696051
6307863 9 1.10252
6307865 9 .843697
6307866 9 .98317
6307869 9 .829499
6307870 9 .567519
6307872 9 .338211
6307873 9 .319503
6307875 9 .5338
6307876 9 6.37777
6307878 9 10.0799
6307879 9 4.23324
6307881 9 6.76444
6307882 9 6.52643
6307884 9 8.14423
6307885 9 4.9748
6307887 9 5.81579
6307888 9 8.36663
6307890 9 6.74917
6307891 9 4.50071
6307893 9 2.80448
6307894 9 2.94322
6307896 9 4.9191
6307897 9 2.84672
6307899 9 34.4825
6307900 9 44.7383
6307902	ERROR	1
6307936 10 .0777297
6307937 9 .102523
6307939 9 .278042
6307940 9 .099995
6307942 9 .225405
6307943 9 .101457
6307945 10 .0674137
6307946 9 .0883754
6307948 9 .266173
6307949 9 .0864285
6307951 10 1.14538
6307952 10 1.33797
6307954 10 .722961
6307955 10 1.10622
6307957 9 1.45901
6307958 10 2.38053
6307960 9 .737747
6307961 10 1.03087
6307964 9 .896886
6307965 9 1.77429
6307967 10 .853619
6307968 10 1.9024
6307970 10 1.55255
6307971 10 1.30962
6307973 10 1.22796
6307975 10 .920181
6307977 9 .944126
6307978 10 .666947
6307980 9 .858192
6307981 10 .996258
6307983 10 1.31016
6307984 9 1.23688
6307986 10 1.27498
6307988 9 .708872
6307990 9 1.01559
6307991 10 .963929
6307993 10 .853077
6307994 10 1.00838
6307996 9 .976177
6307997 10 .839857
6307999 10 14.5716
6308000 10 5.96778
6308002 10 4.34818
6308003 10 4.19432
6308005 10 4.83004
6308006 9 4.29823
6308008 10 4.82237
6308009 10 5.54834
6308011 10 8.33811
6308012 10 9.17612
6308014 10 2.99359
6308015 10 4.85804
6308017 9 4.2367
6308018 9 6.63196
6308020 10 3.79533
6308021 10 38.9313
6308023	ERROR	1
6308090 10 67.1695
6308091	ERROR	1
6308051 10 11.9466
6308053 10 6.78562
6308054 10 5.97697
6308056 9 8.94551
6308057 9 8.36944
6308059 10 11.5043
6308060 10 11.7359
6308063 10 7.18072
6308064 9 2.78654
6308066 10 7.6402
6308067 10 6.88438
6308069 10 6.92557
6308070 9 4.20677
6308072 9 5.44083
6308073 10 7.22716
6308075 9 1.86382
6308076 10 5.88661
6308078 9 4.24554
6308079 9 5.85859
6308081 10 7.25507
6308082 9 4.80699
6308084 9 5.65952
6308085	ERROR	1
6308150 10 12.362
6308151 9 6.21064
6308152 10 10.2032
6308153 10 4.71181
6308154 9 8.02067
6308155 10 10.8723
6308157 10 4.7511
6308158 9 7.26637
6308159 10 6.86904
6308160 9 4.67747
6308161 10 44.7114
6308162	ERROR	1
6308176	ERROR	1
6308209	ERROR	1
6308125 9 6.39299
6308126 9 3.06699
6308127 9 4.14875
6308128 9 6.01698
6308129 9 5.51878
6308130 9 4.95929
6308131 9 3.48013
6308132 9 18.4291
6308133 9 31.4015
6308134 9 36.7413
6308135 9 16.4383
6308136 9 19.6182
6308137 9 18.0156
6308138	ERROR	1
6308245 10 7.72101
6308246 9 4.44492
6308247 10 2.76526
6308248 10 5.3812
6308249 10 6.31004
6308250 10 5.04971
6308251 10 4.37497
6308252 9 10.2141
6308253 10 7.02495
6308254 10 12.5419
6308255 10 20.0695
6308257 9 5.5692
6308258 10 3.41829
6308259 10 7.57911
6308260 10 5.10949
6308261	ERROR	1
6308271 10 9.4288
6308273 9 6.08811
6308274 10 5.30321
6308276 10 8.53072
6308277 10 8.10991
6308279 10 4.68794
6308281 10 5.57218
6308283 9 3.62227
6308284 9 3.84908
6308286 9 3.17924
6308287 10 4.19922
6308289 10 3.71603
6308290 10 5.79939
6308292 10 3.92259
6308293 9 4.48012
6308295 10 5.90199
6308296 10 7.33458
6308298 9 4.93701
6308299 9 3.13497
6308301 9 5.82769
6308302 10 7.25557
6308305 10 7.56605
6308306 10 9.61116
6308308 9 4.73387
6308309 9 5.00571
6308311 10 3.55413
6308312 10 4.29057
6308314 9 2.64488
6308315 9 4.97015
6308317 9 3.99811
6308318 9 2.26984
6308320 10 3.20918
6308321 10 2.79489
6308323 10 36.9515
6308324	ERROR	1
6308457 10 8.64391
6308458 10 6.77214
6308459 10 7.28052
6308460 9 13.5396
6308462 10 21.2441
6308463	ERROR	1
6308484 9 6.32878
6308485 9 5.09138
6308486 9 3.89984
6308487 10 40.103
6308488	ERROR	1
6308348 10 29.1674
6308350 9 15.315
6308351 9 34.5421
6308353 10 16.5839
6308354 10 21.0915
6308356 10 19.8003
6308357 10 14.8527
6308359	ERROR	1
6308539 9 6.49423
6308540 9 5.87515
6308541 9 5.34098
6308542 9 2.02301
6308543 9 1.61462
6308544 9 5.64401
6308545 9 5.05372
6308546 9 3.4185
6308547 9 2.29946
6308548 9 2.67574
6308549 9 4.6826
6308550 9 5.41131
6308551 9 5.2566
6308552 9 19.0222
6308553	ERROR	1
6308512 10 36.404
6308514 10 50.9147
6308515 10 27.4
6308517	ERROR	1
6308597 9 60.3908
6308598	ERROR	1
6308564 9 31.0344
6308565 9 43.2382
6308566 9 32.4991
6308567	ERROR	1
6308652 9 5.42899
6308653 9 6.04437
6308654 9 7.35221
6308655 10 30.8273
6308657 10 48.3693
6308658	ERROR	1
6308688	ERROR	1
6308627 10 8.94776
6308628 10 12.4598
6308629 9 9.0958
6308630 10 7.91953
6308631 10 11.597
6308632 10 12.1855
6308633 9 5.78654
6308634 10 3.51604
6308635 10 5.61859
6308636 10 6.23958
6308637 10 8.26517
6308638 9 4.81383
6308639 9 6.71308
6308640 9 8.53335
6308641 10 3.02352
6308642 10 4.17516
6308643 10 4.64346
6308644 9 3.18517
6308645 10 5.91935
6308646 10 6.44047
6308647 9 4.32451
6308648 10 5.60755
6308649 10 4.25944
6308650 10 6.57452
6308651 9 7.71616
6308717 10 12.1991
6308718 9 4.64737
6308719 10 4.79732
6308720 9 3.06947
6308721 9 5.43298
6308722 10 3.50034
6308723 10 3.41918
6308724 9 3.60827
6308725 10 6.51971
6308726 10 9.53678
6308727 9 7.15861
6308728 9 8.59232
6308729 10 10.3054
6308730 9 3.93536
6308731 9 3.14514
6308732 9 6.08464
6308733 10 4.03626
6308735 9 4.51762
6308736 9 5.32054
6308738 10 37.9178
6308739	ERROR	1
6308747 10 26.0885
6308748 10 37.5976
6308750 9 40.5559
6308751	ERROR	1
6308803 9 21.4107
6308804 9 10.0577
6308805 9 11.5461
6308806 9 13.3136
6308807 9 11.5426
6308808 9 8.92618
6308810	ERROR	1
6308778 9 3.26864
6308779 9 2.36304
6308780 9 1.78362
6308781 9 5.50468
6308782 9 4.75243
6308783 9 4.7007
6308784 9 2.87778
6308785 9 6.6221
6308786 9 4.95715
6308787 9 3.57016
6308788 9 3.43988
6308789 9 3.11348
6308790 9 2.37417
6308791 9 2.11095
6308792 9 2.44275
6308793 9 1.65398
6308794 9 61.1527
6308795	ERROR	1
6308836 9 4.06893
6308837 9 6.84985
6308838 9 2.3889
6308839 9 2.33952
6308840 9 2.32289
6308841 9 52.4514
6308842	ERROR	1
6308861 9 109.394
6308862	ERROR	1
6308887 9 59.4759
6308888 9 21.206
6308889	ERROR	1
6308922 10 12.6592
6308923 9 4.66021
6308924 10 4.20855
6308925 10 9.44453
6308926 10 6.87224
6308927 10 5.24065
6308928 9 6.87345
6308929 10 5.60673
6308932 9 4.04094
6308933 10 2.25799
6308934 10 2.9845
6308935 10 4.88994
6308936 10 5.2678
6308937 9 3.46557
6308939 9 5.15352
6308940 10 5.0989
6308941 10 3.98777
6308942 10 7.47592
6308943 10 5.48248
6308944 9 1.98739
6308945 10 3.2471
6308946 10 5.95109
6308947 10 5.54661
6308948 9 2.57661
6308949 10 4.58708
6308951 10 7.8231
6308952 10 3.7887
6308953 9 1.77539
6308954 9 4.02636
6308955 9 2.58932
6308956 10 5.05803
6308957 10 2.44407
6308958 10 3.51921
6308959 9 2.30801
6308960 10 2.41273
6308961 10 2.8136
6308962 10 3.67274
6308963 10 3.0678
6308964 9 2.71433
6308965 9 5.12167
6308966 9 2.52248
6308967 10 4.81536
6308969 10 5.49322
6308970 9 1.80136
6308971 9 1.81589
6308972 9 2.97498
6308974 10 2.0744
6308975 10 1.82607
6308977 10 2.05977
6308978 10 2.19479
6309017	ERROR	1
6308980 9 3.67233
6308981 9 2.35608
6308983 10 2.19356
6308984 10 61.744
6308986	ERROR	1
6309043 10 5.04122
6309044 10 6.13375
6309045 9 2.81306
6309046 10 5.86394
6309047 10 7.30199
6309049 10 5.38288
6309050 9 2.49254
6309052 9 3.64121
6309053 9 2.29019
6309055 10 4.37485
6309056 10 4.48031
6309058 10 2.22373
6309059 10 2.40013
6309061 9 2.48903
6309062 10 2.29934
6309064 10 21.178
6309065	ERROR	1
6309079 10 20.6385
6309080 9 16.1767
6309082 10 14.4123
6309083 10 9.15054
6309085	ERROR	1
6309109 10 4.12887
6309110 10 3.64686
6309111 9 6.84001
6309112 9 4.61477
6309113 10 5.33614
6309115 10 6.25775
6309116 9 2.23202
6309117 10 4.96479
6309118 10 6.71171
6309119 9 2.73992
6309120 10 5.99805
6309121 9 2.5614
6309122 9 3.7334
6309123 10 3.77098
6309124 9 3.30045
6309125 10 2.87903
6309127 9 3.28405
6309128 10 4.84914
6309130 10 2.35162
6309131 9 3.80811
6309133	ERROR	1
6309172	ERROR	1
6309140 10 39.3288
6309142 10 18.5635
6309143 10 33.5918
6309145 9 19.1899
6309146 10 28.2192
6309148	ERROR	1
6309225	ERROR	1
6309198 10 68.4192
6309199	ERROR	1
6309275	ERROR	1
6309302	ERROR	1
6309327	ERROR	1
6309250 9 30.7228
6309251 10 10.8076
6309252 10 31.1237
6309253 10 30.9972
6309254 10 54.4522
6309255	ERROR	1
6309380	ERROR	1
6309409	ERROR	1
6309353 10 17.2673
6309354 9 30.3122
6309356 10 29.3916
6309357 10 30.2289
6309359	ERROR	1
6309460	ERROR	1
6309485	ERROR	1
6309435 9 57.5531
6309436	ERROR	1
6310587 10 .0917384
6313502 9 .628083
6313852 9 1.48437
6316039 10 .963685
6316141 9 .911849
6316264 9 1.08431
6316303 9 1.69954
6316709 10 1.41562
6321403 10 .793573
6323201 10 1.16718
6323309 10 .631992
6323432 9 1.61884
6323616 9 1.94842
6323785 10 3.60283
6323952 10 1.37383
6329419 9 2.65242
6331289 9 1.95705
6331490 10 2.93549
6331676 10 2.47212
6331844 10 1.40458
6332083 10 1.60071
6332269 9 2.08008
6332420 9 2.68932
6332596 9 1.61319
6332731 10 2.1677
6332868 10 2.3698
6337597 10 1.08556
6337612 10 .650484
6337615 10 1.40118
6337649 10 4.40399
6339248 10 19.6031
6340570 9 .499345
6340703 9 1.84732
6340831 9 .626
6340955 9 .950197
6341629 9 .583388
6341837 9 1.12714
6342262 9 1.75337
6342468 9 1.01573
6342695 9 1.15876
6346255 9 1.42481
6346261 9 .534514
6346346 9 .488459
6346374 9 1.4514
6346377 9 .626866
6346439 9 .6627
6346443 9 .444953
6346444 9 1.32551
6346445 9 .576979
6346447 9 .500288
6346448 9 .738565
6346450 9 .58511
6346451 9 1.0806
6346452 9 .816365
6346453 9 .843397
6346455 9 .453022
6346456 9 .470431
6346457 9 .416613
6346458 9 .464956
6346459 9 14.5973
6346460 9 3.42064
6346461 9 4.12817
6346462 9 5.42245
6346463 9 4.52087
6346464 9 3.92584
6346466 9 5.28715
6346467 9 6.80983
6346468 9 4.36843
6346469 9 3.6755
6346470 9 4.90305
6346475 9 4.39456
6346476 9 2.94552
6346478 9 2.52106
6346479 9 6.46502
6346482 9 3.58521
6349174 10 .65023
6349181 9 .628201
6349341 10 .542156
6349350 10 .913245
6351234 10 .444695
6351235 9 .39238
6351393 10 .629799
6351606 9 1.21268
6352811 9 2.14096
6352831 9 1.69155
6353203 9 1.21185
6353397 10 2.68211
6353586 9 1.08377
6353688 10 .775166
6353890 9 1.76871
6353905 9 1.5088
6354231 9 2.02008
6357093 9 1.04673
6357369 9 1.6087
6358358 10 1.65813
6358523 10 1.12568
6358777 9 1.24867
6358925 9 .951275
6394563 9 .125261
6395212 9 .427288
6395220 9 .0356168
6395266 9 .144491
6401291 10 .479555
6404160 9 .765275
6404555 10 1.07805
6404832 9 .663363
6404833 10 1.16184
6404837 9 1.26122
6404838 9 1.11599
6404841 10 1.65393
6404842 10 1.02126
6404844 10 1.62135
6404846 9 1.72014
6404848 10 2.45253
6404849 10 2.61009
6404851 9 1.20471
6404852 10 1.62261
6404855 9 .970597
6404856 9 .450269
6404858 10 1.45854
6404859 10 .90357
6404861 10 .790719
6404862 10 1.72472
6404864 9 1.04716
6404865 10 1.08422
6346483 9 1.72833
6346485 9 2.05004
6346486 9 3.55476
6346488 9 4.33513
6346489 9 19.5001
6346491 9 18.2287
6346492 9 23.0554
6346494	ERROR	1
6404907 9 37.7734
6404909 10 35.2486
6404910	ERROR	1
6404867 9 5.46063
6404868 10 10.3773
6404870 9 5.26491
6404871 10 6.39918
6404875 9 4.88268
6404876 9 5.64131
6404878 10 4.232
6404879 10 8.16502
6404881 10 6.59761
6404882 10 7.2802
6404884 10 5.67732
6404885 9 5.88466
6404887 10 7.37732
6404889 10 8.01547
6404891 9 5.21864
6404892 9 5.64372
6404894 10 3.74482
6404895 10 4.26475
6404897 10 1.56186
6404898 10 4.99891
6404900 9 5.31003
6404901 9 3.82018
6404903 10 3.35255
6404904 10 2.62705
6404906 10 51.6155
6421873 9 1.84685
6429369 10 3.56943
6434120 9 3.49917
6437099 9 2.59635
6440607 10 2.14425
6459115 9 6.29787
6459988 10 5.94414
6474206 9 2.24791
6489499 10 2.54398
6498478 9 3.55975
6498510 9 5.86829
6516284 9 7.23636
6516485 9 5.42966
6516828 9 4.65701
6517030 9 5.56062
6529213 10 3.96535
6533130 9 4.29541
6577234 9 9.84455
6578911 9 6.84017
6580656 9 .044455
6580680 9 .0441152
6580711 9 .195428
6583272 9 .854974
6585175 9 3.90191
6586304 10 3.38031
6587494 9 9.2126
6590437 10 3.99407
6612905 9 11.9659
6613311 9 8.78615
6617304 10 6.65137
6617518 10 9.90763
6617735 9 19.9938
6617924 10 6.8115
6647283 10 3.4527
6654453 10 17.7945
6659903 10 2.08547
6661369 9 4.70268
6662393 10 3.69951
6666058 9 3.09105
6667494 10 2.99917
6682003 10 7.44935
6682163 10 9.70681
6695766 10 .067295
6695781 10 .0671557
6696362 10 10.8944
6702193 9 44.7229
6745859	ERROR	1
6753152 10 9.97505
6753344 9 7.12352
6753564 9 11.6019
6753759 10 11.651
6769445 9 19.5654
6780684 9 8.24962
6781068 10 4.85243
6781167 9 11.8421
6781588 10 10.8256
6806919 10 3.10304
6807576 9 2.42481
6807959 10 .822907
6808207 10 1.7516
6809764 9 5.77189
6812797 9 1.26699
6812876 9 .844248
6816582 10 5.2488
6816797 10 7.36511
6817236 10 10.4346
6817447 10 10.128
6817745 9 9.86555
6817808 9 11.6941
6820836 9 3.80961
6821181 9 3.50145
6823942 10 7.44511
6985679 9 6.95993
6996880 9 4.63926
7000607 9 9.76347
7000765 10 6.507
7001255 10 5.24688
7026672 10 .897524
7069214 9 7.2831
7069540 9 3.5927
7253424 10 .00382114
7253425 10 .00508958
7253427 10 .00390672
7253428 10 .00547823
7253430 10 .00707021
7253431 10 .0127807
7253433 10 .0119648
7253434 10 .922539
7253436 10 .0147085
7253437 10 .029686
7253439 10 .0208743
7253440 10 .0573039
7253442 10 .0533548
7253443 10 .0790994
7253445 10 .168277
7253446 10 1.89428
7253458 10 .00719181
7253459 8 .0119733
7253496 10 .0176302
7253500 10 .017532
7253537 10 .0532554
7253583 8 .055918
7253595 8 .0531733
7253607 10 .146116
7253650 10 .0583441
7253703 8 .0462375
7253731 10 .0295044
7253766 10 .233521
7253826 10 .016764
7253856 10 .101789
7253920 10 .0191987
7253926 10 .0211639
7253965 10 .0795385
7253995 10 .00748595
7253998 10 .0195276
7253999 10 .0549164
7254002 10 .016436
7254003 10 .016603
7254005 10 .014759
7254006 10 .0272327
7254012 10 .0205011
7254013 10 .0176024
7254015 10 .0105168
7254016 10 .0184479
7254018 10 .0325273
7254019 10 .130148
7254021 10 .244907
7254022 10 .181666
7254024 8 .326104
7254026 10 .0674479
7254028 10 .273667
7254029 10 .0445636
7254031 10 .0930342
7254032 10 .201308
7254034 10 .0618599
7254035 10 .045339
7254037 10 .234111
7254038 10 .0897581
7254040 10 .343869
7254041 10 .0935237
7254043 10 .031863
7254044 10 .16264
7254046 10 .492951
7254047 10 1.12743
7254049 10 .910196
7254050 10 .594972
7254052 10 .68114
6827180 9 21.0632
6827308 9 4.49724
6831225 10 7.9651
6831551 10 4.59566
6831691 9 8.64214
6836739	ERROR	1
7254683 10 .0106056
7254689 10 .00862465
7254693 10 .010193
7254705 10 .0156307
7254736 10 .0347825
7254749 10 .0245716
7254759 10 .123361
7254796 10 .0439195
7257853 9 .187152
7258182 9 .274834
7263771 9 .232029
7263946 9 .296309
7264369 10 .0886703
7264385 10 .724157
7264788 9 .0771471
7264811 9 .0616871
7265536 9 .164471
7265899 9 .67229
7266165 9 .175213
7266434 9 .139655
7266857 10 .258656
7266915 10 .547828
7269799 10 .00972185
7269800 10 .0101731
7269803 10 .216575
7269804 10 .074579
7269807 10 .0417667
7269808 10 .0576175
7269811 10 .0376961
7269812 10 .14017
7269814 10 .359422
7269815 10 .0909972
7269817 10 .103459
7269818 10 .39161
7269820 10 .959249
7269821 10 .726027
7269823 10 1.13809
7269824 10 2.8116
7269826 10 37.1006
7269873 10 .0629746
7270032 10 1.50297
7270090 10 .17978
7270257 10 .529477
7270334 10 .0431004
7270407 10 .17488
7270418 10 .132661
7270422 10 .0853173
7270481 10 .591491
7270562 10 .138843
7270602 10 .314605
7254053 10 1.34184
7254055 10 .568396
7254056 10 1.38844
7254058 10 3.67519
7254059 10 4.3776
7254061 10 6.37937
7254062 10 3.35459
7254145 8 1.71158
7254158 10 1.40366
7254242 8 .479151
7254272 10 .805617
7254312 8 .294573
7254325 8 1.23449
7254377 10 .0697322
7254378 10 .539518
7254380 8 .595
7254381 10 .760809
7254383 10 .408
7254384 10 2.95212
7254386 10 1.91997
7254387 10 4.09446
7254389 10 6.27722
7254390 10 17.3683
7254392	ERROR	1
7270679 10 .136664
7270808 10 .0921492
7270825 10 .0714264
7270826 10 .113589
7270987 10 .518688
7271074 10 .0760181
7271356 10 .399158
7271363 10 .083424
7271424 10 .504015
7271480 10 .026596
7271535 10 .352799
7271538 10 .0824742
7271605 10 .0842408
7271607 10 .107158
7271611 10 .0644096
7271612 10 .0469978
7271614 10 .0975639
7271615 10 .0945104
7271617 10 .0588341
7271618 10 .0526194
7271620 10 .375579
7271621 10 .972973
7271623 10 1.08271
7271624 10 .415097
7271626 8 1.28657
7271818 10 .0722506
7271819 10 .16032
7271822 10 .0641735
7271823 10 .0619734
7271825 10 .396659
7271826 10 .124733
7271828 10 .122038
7271829 10 1.27293
7271831 10 .959736
7271832 8 1.66474
7271834 10 .370892
7271835 10 .36794
7271838 10 .250189
7271839 10 .455896
7271841 10 .690713
7271842 10 .69675
7271844 10 .603923
7271845 10 .664212
7271847 10 .932934
7271848 8 1.38636
7271850 10 .506119
7271851 10 .304485
7271853 10 .462951
7271854 10 4.21035
7271856 10 2.83572
7271627 8 1.54656
7271629 10 .746069
7271630 10 .672314
7271632 10 .621245
7271633 10 .459982
7271635 10 1.11658
7271636 10 .607375
7271638 10 .617842
7271639 10 .668098
7271641 10 2.2413
7271642 10 5.24104
7271644 10 3.01197
7271645 10 2.89173
7271647 10 1.27304
7271648 10 1.82627
7271650 10 1.95821
7271651 10 2.81358
7271653 10 3.21061
7271654 10 13.2583
7271656 10 18.1446
7271657 10 29.8206
7271703 10 .336811
7271762 10 .433886
7271809 10 .291465
7271812 10 .0503243
7271857 10 1.75787
7271859 10 2.57875
7271860 10 3.65233
7271862 10 5.32961
7271863 10 2.07713
7271865 10 2.87257
7271866 10 2.74271
7271868 10 18.0053
7271869 10 20.6086
7271871	ERROR	1
7273342 10 .00606432
7273344 10 .00562678
7273345 10 .00894427
7273346 10 .00758038
7273347 10 .00913754
7273348 10 .0102438
7273349 10 .109433
7273350 10 .0265485
7273351 10 .0118633
7273352 10 .0437602
7273353 10 .037353
7273354 10 .0227241
7273355 10 .0402219
7273356 10 .087281
7273357 10 .0244253
7273359 10 .0249808
7273360 10 .0819114
7273361 10 .0195273
7273363 10 .0236362
7273364 10 .0323585
7273366 10 .0180666
7273367 10 .249105
7273369 10 .113111
7273370 10 .114586
7273372 10 .495248
7273373 10 .0588509
7273375 10 .155075
7273377 10 .140057
7273379 10 .345202
7273380 10 .103992
7273382 10 .090549
7273383 10 .726669
7273385 10 2.09412
7273386 10 1.34955
7273388 10 .286148
7273389 10 1.4374
7273391 10 .229611
7273392 10 .30114
7273394 10 6.28139
7273395 10 4.02351
7273397 10 22.4089
7273411 10 1.63981
7273552 10 .211179
7273611 10 .117711
7273743 10 .0499872
7273746 10 .0213038
7273748 10 .0311212
7273749 10 .0625095
7273751 10 .391485
7273754 10 .113125
7272962 8 9.55403
7272963 10 2.82836
7272965 10 2.12096
7272966 10 37.0299
7272968 10 20.4433
7272969	ERROR	1
7274821 10 .312248
7274825 10 .479404
7274884 10 1.97717
7278696 9 .949648
7279057 9 .910464
7279775 10 .893808
7279783 10 .760213
7279789 10 .582457
7279847 10 3.15422
7292769 10 1.8518
7292865 9 1.58883
7297105 9 1.07108
7297246 9 .161105
7302280 10 .834611
7302287 10 .212536
7302450 10 1.78114
7302480 10 .498142
7302482 10 .608018
7302485 10 .533748
7302487 10 .17
7302488 10 .474505
7302490 10 .646868
7302491 10 .156734
7302493 10 1.32983
7302494 10 3.2536
7273756 10 .167767
7273757 10 .0938918
7273759 10 .0755253
7273760 10 .0884423
7273762 10 .525511
7273763 10 .753089
7273767 10 .977575
7273768 10 .906286
7273770 10 1.64612
7273771 10 1.4265
7273773 10 1.66694
7273774 10 .640359
7273776 10 .893621
7273777 10 3.8055
7273779 10 8.47692
7273780 10 4.84471
7273782 10 3.49576
7273783 10 1.75305
7273785 10 4.62218
7273786 10 3.5885
7273788 10 52.2103
7273789	ERROR	1
7302496 10 2.86059
7302497 8 11.8845
7302499 10 3.08348
7302500 10 2.37855
7302502 10 2.38184
7302503 10 2.35303
7302505 10 3.21871
7302506 10 3.15973
7302508 10 1.96076
7302509 10 1.48506
7302511 10 22.8776
7302512 10 15.5566
7302514 10 13.4544
7302515 10 9.19741
7302517 10 23.0271
7302518 10 10.2853
7302520 10 6.67569
7302521	ERROR	1
7302950 10 20.2398
7303523 8 84.6246
7303524	ERROR	1
7310022 10 .111214
7310023 10 .176668
7310024 10 1.21112
7310025 10 1.13082
7310026 10 .597678
7310027 10 .534218
7310028 10 .57455
7310029 10 .529207
7310030 10 .283326
7310031 8 1.35069
7310032 10 .768306
7310033 10 .972636
7310034 8 2.16047
7310035 10 .189468
7310036 10 .563025
7310037 10 .26749
7310039 10 1.14042
7310040 10 .271865
7310042 8 1.5456
7310043 10 .689941
7310045 10 .165886
7310046 10 .576046
7310048 10 .356204
7310049 10 .615424
7310052 10 .515972
7303547	ERROR	1
7310594 10 .257307
7310595 10 .849493
7310597 10 .561025
7310598 10 .871461
7310600 10 .896397
7310601 10 .120497
7310603 10 1.49633
7310604 10 2.41122
7310606 10 2.79125
7310607 10 1.37047
7310609 10 1.73022
7310610 10 19.4803
7310612 10 14.6605
7310613	ERROR	1
7311616 10 4.18991
7311618 10 4.59891
7311619 10 2.19656
7311621 8 11.9873
7311622 10 4.51449
7311624 10 2.06848
7311625 10 3.50494
7311627 10 2.45297
7311628 10 5.20854
7311631 10 3.291
7311632	ERROR	1
7310053 10 4.69148
7310055 10 4.1579
7310056 10 4.04108
7310058 10 1.1488
7310059 10 2.03227
7310061 10 2.08211
7310062 10 2.2302
7310064 10 2.21948
7310065 10 1.37558
7310067 10 2.15899
7310068 10 2.25206
7310070 10 22.4522
7310071 10 13.1008
7310073 10 23.7903
7310074 10 15.6404
7310076	ERROR	1
7311655	ERROR	1
7312319 10 3.94499
7312321 10 32.2442
7312322 10 .0596997
7312327 10 .181669
7312329 10 .13169
7312331 10 1.63997
7312332 10 .305838
7312334 10 .386747
7312335 10 .744774
7312338 10 .426202
7312340 10 1.48755
7312342 10 3.01277
7312343 10 1.64627
7312345 10 2.45477
7312346 10 3.22296
7312348 10 9.33738
7312349 10 15.899
7312351 10 15.535
7312352	ERROR	1
7312366 10 .961922
7312367 10 3.10195
7312369 10 3.91057
7312370 10 11.8865
7312372 10 14.6724
7312373 10 52.9128
7312375	ERROR	1
7312407 10 30.1955
7312409	ERROR	1
7312485	ERROR	1
7312513	ERROR	1
7312539	ERROR	1
7312439 10 40.0744
7312440 10 16.6066
7312441 10 17.8134
7312442 10 19.5384
7312443 10 20.7677
7312444	ERROR	1
7312565 10 1.5676
7312566 9 .681455
7312567 10 1.3011
7312568 9 .703587
7312569 9 1.08896
7312573 9 .801009
7312575 10 1.60484
7312578 10 1.03402
7312579 10 .604525
7312582 9 .335317
7312583 10 .42795
7312585 10 .748995
7312586 10 3.75102
7312588 10 6.76287
7312589 10 14.874
7312591 10 2.43204
7312592 10 4.91296
7312594 9 4.44908
7312595 10 4.02117
7312597 10 7.29533
7312598 9 4.81074
7312600 10 7.83859
7312601 9 4.40373
7312603 9 5.09389
7312604 10 5.83346
7312607 10 3.41336
7312608 10 6.09131
7312610 10 3.87699
7312611 9 2.54604
7312614 10 4.29528
7312615 10 3.39684
7312617 10 2.78043
7312618 9 3.75584
7312621 10 4.07141
7312622 10 4.96967
7312624 9 4.35582
7312625 10 59.3363
7312627	ERROR	1
7312646	ERROR	1
7312724 9 5.08197
7312725 9 9.07069
7312728 9 3.59382
7312729 9 4.91216
7312731 9 4.30054
7312732 9 3.92991
7312735 9 4.09418
7312736 9 4.70625
7312738 9 3.60254
7312739 9 3.34661
7312741 9 4.60636
7312743 9 3.80794
7312745 9 5.21946
7312746 9 3.69158
7312748 9 44.9721
7312749	ERROR	1
7312683 9 .87107
7312686 9 .907951
7312688 9 1.21681
7312691 9 1.06603
7312692 9 2.72405
7312694 9 5.57482
7312695 9 8.9933
7312697 9 9.85579
7312698 9 5.77794
7312700 9 5.38567
7312701 9 6.08786
7312703 9 9.98584
7312704 9 7.60608
7312706 9 9.42214
7312707 9 9.71338
7312709 9 11.0721
7312710 9 8.77458
7312712 9 8.93717
7312713 9 4.40943
7312715 9 5.78871
7312716 9 4.60412
7312718 9 4.32365
7312719 9 9.36733
7312721 9 8.42207
7312722 9 9.22814
7312797 9 1.21708
7312798 10 2.78823
7312799 9 .881326
7312800 10 1.15987
7312801 10 1.3162
7312802 9 .963658
7312803 10 .908088
7312805 9 1.23622
7312806 10 .876004
7312809 9 .954303
7312810 10 1.04944
7312811 10 2.4319
7312812 9 1.58677
7312813 9 1.18494
7312815 9 .966403
7312816 9 1.58364
7312819 9 .970262
7312820 10 1.58434
7312822 9 .845036
7312825 9 .917191
7312827 10 .998118
7312828 9 .914678
7312830 10 4.20539
7312831 10 14.5141
7312833 9 7.98923
7312764 9 41.443
7312766 9 16.6125
7312767 9 31.8801
7312769 9 24.2538
7312770	ERROR	1
7312875 9 4.62504
7312876 10 7.57346
7312878 10 33.8568
7312879	ERROR	1
7312834 10 10.3266
7312836 10 8.40061
7312837 10 5.63081
7312839 10 4.86392
7312840 10 8.09027
7312842 10 9.01397
7312843 9 6.98064
7312846 10 5.43266
7312847 9 5.8865
7312849 10 7.34227
7312850 9 4.509
7312852 10 8.03073
7312853 9 4.5002
7312855 10 6.84519
7312856 10 4.3772
7312858 9 3.93615
7312859 10 5.33957
7312861 9 3.87121
7312863 10 4.61307
7312865 10 5.71495
7312866 9 2.08912
7312868 10 6.28342
7312869 9 4.95833
7312872 9 5.65411
7312873 10 5.59028
7312909 9 .668145
7312910 10 .956556
7312911 10 1.27036
7312912 10 2.51953
7312913 9 2.43463
7312914 10 2.79594
7312915 10 1.43101
7312917 9 2.11749
7312918 10 2.47251
7312920 9 1.89431
7312921 10 1.86318
7312922 9 1.39604
7312923 10 1.38576
7312925 9 2.01347
7312927 10 1.07524
7312928 10 1.72135
7312929 9 1.53335
7312930 10 1.76482
7312931 9 2.22553
7312932 10 1.62507
7312933 9 1.19184
7312934 9 2.63415
7312935 10 3.1379
7312937 9 2.28618
7312938 10 2.02311
7312939 9 1.57221
7312940 9 1.56316
7312943 10 1.78816
7312944 9 .778796
7312946 10 .772868
7312947 9 .815323
7312948 10 1.20279
7312949 10 1.3773
7312950 9 .968743
7312951 9 .825032
7312952 10 .622102
7312954 9 1.0141
7312955 10 1.5741
7312956 9 .911716
7312957 10 3.14555
7312958 10 8.44324
7312959 10 3.7715
7312960 10 6.32831
7312961 9 5.77951
7312962 10 9.06216
7312963 10 4.29602
7312964 10 4.20578
7312965 10 3.87651
7312966 9 3.93711
7312967 10 6.0238
7313004 10 5.48284
7313005 9 4.45651
7313007 9 3.06733
7313008 10 6.93815
7313010 10 10.2991
7313012 9 5.73991
7313014 10 7.07812
7313015 10 8.74592
7313017 9 5.83516
7313018 9 5.12839
7313020 10 48.022
7313021	ERROR	1
7312968 10 10.3537
7312969 10 5.85864
7312970 9 6.10832
7312971 10 7.60429
7312972 10 4.91011
7312973 9 5.04931
7312975 9 4.84155
7312976 10 6.46047
7312977 10 4.35172
7312978 9 6.83283
7312979 10 6.8717
7312981 10 6.71963
7312982 9 8.29369
7312984 10 5.26747
7312985 10 10.9877
7312987 10 12.4629
7312988 10 8.49815
7312990 10 7.93265
7312991 9 11.6736
7312994 9 11.2258
7312995 10 3.16467
7312997 9 4.69022
7312998 10 6.26579
7313000 9 5.72933
7313002 9 4.91089
7313042 10 46.5838
7313044	ERROR	1
7313086 9 9.5582
7313089 9 7.38629
7313091 9 9.13489
7313093 9 6.90164
7313094 9 5.10329
7313096 9 7.26962
7313097 9 6.87814
7313099 9 4.13971
7313100 9 6.2122
7313102 9 4.22673
7313103 9 5.19068
7313105 9 6.55469
7313106 9 10.831
7313109 9 5.11323
7313110 9 5.12438
7313112 9 4.72025
7313113 9 5.73653
7313116 9 5.35798
7313117 9 9.41935
7313119 9 10.9676
7313121 9 8.89751
7313123 9 102.038
7313124	ERROR	1
7313129 9 39.582
7313130 9 50.0948
7313132 9 119.094
7313133	ERROR	1
7313317 9 99.3433
7313318	ERROR	1
7313288 9 16.2648
7313289 9 36.2986
7313290 9 12.4921
7313291 9 17.564
7313293 9 25.0931
7313294 9 9.92115
7313295 9 9.77519
7313296 9 9.91003
7313297 9 20.8023
7313298 9 26.5483
7313299 9 8.94777
7313300 9 11.2411
7313301 9 26.2777
7313302 9 20.2553
7313303 9 22.2532
7313304 9 26.7342
7313305 9 20.1485
7313307 9 14.3531
7313308 9 25.7766
7313309 9 16.3954
7313310 9 11.7978
7313312 9 7.69558
7313313 9 13.1899
7313314 9 10.2091
7313316 9 16.2759
7313342 9 4.78304
7313343 9 2.78025
7313344 9 3.08285
7313345 9 5.92397
7313347 9 8.43683
7313349 9 4.89994
7313350 9 3.32952
7313351 9 4.09074
7313354 9 2.79504
7313355 9 2.60534
7313357 9 4.82606
7313358 9 3.11747
7313361 9 4.38783
7313363 9 5.92468
7313366 9 48.7218
7313367 9 23.1217
7313369 9 20.9769
7313370 9 20.6563
7313373 9 13.5468
7313374 9 19.7013
7313376 9 14.9246
7313377 9 17.3134
7313379 9 14.9066
7313380 9 13.811
7313382 9 13.453
7313424 9 92.5202
7313425	ERROR	1
7313383 9 19.535
7313385 9 15.4156
7313386 9 23.429
7313388 9 19.6428
7313389 9 15.449
7313392 9 13.5547
7313393 9 13.4179
7313395 9 14.3148
7313396 9 22.7224
7313399 9 13.4089
7313400 9 17.7101
7313402 9 8.0427
7313404 9 5.4726
7313406 9 51.5063
7313407	ERROR	1
7313634 9 29.3284
7313635 10 41.0459
7313637	ERROR	1
7313663	ERROR	1
7313594 10 39.2108
7313596 10 22.6496
7313597 10 32.8169
7313599 10 28.5762
7313600 9 25.2795
7313602	ERROR	1
7313690 10 25.735
7313692 9 37.4573
7313693	ERROR	1
7313719 10 27.4728
7313721 9 13.7084
7313722	ERROR	1
7313747	ERROR	1
7313772 9 35.2231
7313773	ERROR	1
7313832	ERROR	1
7313858	ERROR	1
7313797 9 37.515
7313798 10 51.1398
7313799	ERROR	1
7313915	ERROR	1
7313883 9 59.0383
7313884 9 31.431
7313886 9 28.4592
7313887	ERROR	1
7313944 10 44.342
7313945 10 44.796
7313946	ERROR	1
7313975 10 51.9066
7313977	ERROR	1
7314002	ERROR	1
7314061 9 37.4319
7314063	ERROR	1
7314088	ERROR	1
7314029 10 45.1904
7314031 10 47.8552
7314032	ERROR	1
7314116 9 57.0961
7314117	ERROR	1
7314144 10 8.89017
7314145 10 53.9287
7314146	ERROR	1
7314170	ERROR	1
7314195	ERROR	1
7314228	ERROR	1
7314280 9 77.5331
7314281	ERROR	1
7314307	ERROR	1
7314253 10 10.0183
7314254 10 16.2935
7314256 9 8.06029
7314257 9 8.34911
7314258 9 8.14698
7314259 9 6.5251
7314260 10 55.3528
7314261	ERROR	1
7314418	ERROR	1
7314393 9 61.5819
7314394	ERROR	1
7314473	ERROR	1
7314448 9 15.2066
7314449 9 23.1821
7314450	ERROR	1
7314532	ERROR	1
7314557 9 32.3266
7314558 9 8.20791
7314559 9 40.6443
7314560	ERROR	1
7314586	ERROR	1
7314500 9 24.9426
7314501 10 16.627
7314504 9 21.413
7314505 10 22.9407
7314507 9 22.4173
7314508 9 18.7147
7314510 9 27.3505
7314511 9 21.2102
7314513	ERROR	1
7314637	ERROR	1
7314612 9 29.501
7314613 10 19.3457
7314614 10 28.8403
7314615 9 19.3143
7314616 10 30.8788
7314617 9 15.9666
7314618 9 37.821
7314619 10 30.7244
7314620	ERROR	1
7314693	ERROR	1
