graph_number,graph6,m,even_cycle_meets_pair,predicted_cm
128,H?AADxy,12,1,0
279,H?ABCxy,12,1,0
296,H?ABAu{,12,1,0
340,H?ABBv[,13,1,0
657,H?ABcXy,12,0,1
701,H?ABeWy,12,1,0
705,H?ABeXy,13,1,0
733,H?ABbV[,13,1,0
787,H?ABbvk,14,1,0
849,H?AEJpx,13,0,1
1122,H?ABvHy,14,1,0
1155,H?ABvhy,15,1,0
1513,H?BDAwy,12,1,0
1517,H?BDAyy,13,1,0
1590,H?BDEyy,14,1,0
1739,H?B@cXy,12,1,0
1790,H?B@eWy,12,0,1
1793,H?B@eYy,13,1,0
1812,H?B@dXY,12,1,0
1817,H?B@dXy,13,1,0
1885,H?B@fYy,14,1,0
2407,H?BDeYy,14,1,0
2458,H?BDbYY,13,1,0
2466,H?BDbYy,14,1,0
2551,H?BDdV[,14,1,0
2609,H?BDfYy,15,1,0
2983,H?B@vIY,13,1,0
2984,H?B@vGy,13,0,1
2990,H?B@vIy,14,1,0
3020,H?B@thi,13,1,0
3026,H?B@thy,14,1,0
3099,H?B@tfk,14,1,0
3124,H?B@pvs,14,1,0
3194,H?B@viy,15,1,0
3342,H?BEHqx,13,0,1
3358,H?BELqx,14,0,1
3440,H?BDIox,12,1,0
3448,H?BDIpx,13,1,0
3505,H?BDJpx,14,1,0
4101,H?BDvIy,15,1,0
4163,H?BDviy,16,1,0
4525,H?BDjpx,15,1,0
5383,H?BefZY,16,1,0
5699,H?BcvJY,15,1,0
5724,H?Bcuiy,15,1,0
5757,H?BcrjI,14,1,0
5758,H?BcriY,14,1,0
5761,H?BcrjY,15,1,0
5867,H?BcvjY,16,1,0
6212,H?BevjY,17,1,0
6369,H?BfMrX,16,1,0
6441,H?Belqx,16,1,0
6993,H?BvVji,18,1,0
7147,H?`@Cpu,11,0,1
7161,H?`@Eou,11,0,1
7163,H?`@Epu,12,1,0
7185,H?`@Eyy,13,1,0
7267,H?`D@pS,10,0,1
7287,H?`DAiw,11,0,1
7291,H?`DAiy,12,0,1
7303,H?`DCd{,12,1,0
7364,H?`DDps,12,1,0
7366,H?`DDpU,12,1,0
7371,H?`DDpu,13,1,0
7420,H?`DEiy,13,1,0
7440,H?`DBiy,13,1,0
7473,H?`DDd[,12,1,0
7474,H?`DDf[,13,1,0
7475,H?`DDd{,13,1,0
7578,H?`DDv[,14,1,0
7579,H?`DDt{,14,1,0
7680,H?`@eOu,11,0,1
7684,H?`@ePu,12,0,1
7700,H?`@dPS,10,0,1
7702,H?`@dPs,11,0,1
7703,H?`@dPU,11,0,1
7708,H?`@dPu,12,0,1
7734,H?`@dD[,11,1,0
7735,H?`@dF[,12,1,0
7750,H?`@`fk,12,0,1
7758,H?`@cTs,11,0,1
7760,H?`@cTu,12,0,1
7801,H?`@fPu,13,1,0
7823,H?`@dps,12,1,0
7828,H?`@dpu,13,1,0
7848,H?`@eYy,13,1,0
7879,H?`@dfK,12,0,1
7880,H?`@ddk,12,1,0
7881,H?`@dfk,13,1,0
7920,H?`@dVS,12,1,0
7921,H?`@dTs,12,0,1
7923,H?`@dV[,13,1,0
7925,H?`@dTu,13,1,0
8006,H?`@dvk,14,1,0
8008,H?`@dtu,14,1,0
8071,H?`CV`s,12,0,1
8078,H?`CV`t,13,0,1
8092,H?`CTps,12,1,0
8094,H?`CTpu,13,1,0
8095,H?`CTpt,13,0,1
8104,H?`CRjw,13,0,1
8105,H?`CRjs,13,0,1
8106,H?`CRiy,13,1,0
8107,H?`CRj{,14,0,1
8108,H?`CRjy,14,0,1
8109,H?`CRjx,14,0,1
8110,H?`CRjt,14,0,1
8111,H?`CRiz,14,0,1
8112,H?`CRj},15,0,1
8113,H?`CRj|,15,0,1
8114,H?`CRjz,15,0,1
8115,H?`CRj~,16,0,1
8144,H?`CTvs,14,1,0
8256,H?`FDps,13,1,0
8259,H?`FDpU,13,1,0
8267,H?`FDpu,14,1,0
8416,H?`FCtu,14,1,0
8848,H?`DeIy,13,0,1
8866,H?`DbIw,12,0,1
8869,H?`DbIY,12,0,1
8870,H?`DbGy,12,0,1
8876,H?`DbIy,13,0,1
8907,H?`DaYq,12,0,1
8909,H?`DaWy,12,0,1
8916,H?`DaYy,13,0,1
9021,H?`Ddps,13,1,0
9023,H?`Ddpe,13,1,0
9029,H?`Ddpu,14,1,0
9111,H?`DfIy,14,1,0
9136,H?`Dbii,13,1,0
9144,H?`Dbiy,14,1,0
9169,H?`DeWy,13,1,0
9174,H?`DeYy,14,1,0
9202,H?`DbYq,13,1,0
9204,H?`DbYY,13,1,0
9206,H?`DbWy,13,1,0
9214,H?`DbYy,14,1,0
9270,H?`Ddfk,14,1,0
9271,H?`Ddd{,14,1,0
9324,H?`DdV[,14,1,0
9325,H?`DdT{,14,1,0
9327,H?`DdTu,14,1,0
9386,H?`D`vk,14,1,0
9421,H?`DbMy,14,1,0
9593,H?`Ddvk,15,1,0
9594,H?`Ddt{,15,1,0
9757,H?`ETpu,14,1,0
9812,H?`ERiw,13,1,0
9818,H?`ERiy,14,1,0
9824,H?`ERht,14,0,1
9990,H?`DU`s,12,1,0
10001,H?`DU`t,13,1,0
10020,H?`DT`s,12,1,0
10023,H?`DT`T,12,0,1
10031,H?`DT`t,13,1,0
10050,H?`DSps,12,1,0
10052,H?`DSpu,13,1,0
10059,H?`DQjo,12,0,1
10060,H?`DQiw,12,0,1
10061,H?`DQgr,12,0,1
10062,H?`DQjw,13,0,1
10063,H?`DQjq,13,0,1
10064,H?`DQiy,13,0,1
10065,H?`DQhu,13,0,1
10066,H?`DQir,13,0,1
10067,H?`DQj{,14,0,1
10068,H?`DQjy,14,0,1
10069,H?`DQju,14,0,1
10070,H?`DQjr,14,0,1
10071,H?`DQiz,14,0,1
10072,H?`DQj},15,0,1
10073,H?`DQjz,15,0,1
10074,H?`DQj~,16,0,1
10075,H?`DV`s,13,1,0
10092,H?`DV`t,14,1,0
10118,H?`DUps,13,1,0
10124,H?`DUpt,14,1,0
10138,H?`DTps,13,1,0
10139,H?`DTpU,13,1,0
10143,H?`DTpu,14,1,0
10145,H?`DTpt,14,1,0
10159,H?`DUhs,13,1,0
10164,H?`DUiy,14,1,0
10167,H?`DUht,14,1,0
10185,H?`DRhs,13,0,1
10186,H?`DRiY,13,1,0
10187,H?`DRjw,14,1,0
10188,H?`DRjs,14,1,0
10189,H?`DRj[,14,1,0
10190,H?`DRjq,14,1,0
10191,H?`DRjY,14,1,0
10192,H?`DRiy,14,1,0
10193,H?`DRjU,14,1,0
10194,H?`DRhu,14,1,0
10195,H?`DRht,14,0,1
10196,H?`DRj{,15,1,0
10197,H?`DRjy,15,1,0
10198,H?`DRju,15,1,0
10199,H?`DRj],15,1,0
10200,H?`DRjx,15,1,0
10201,H?`DRjt,15,1,0
10202,H?`DRj\,15,1,0
10203,H?`DRjr,15,1,0
10204,H?`DRjZ,15,1,0
10205,H?`DRiz,15,1,0
10206,H?`DRjV,15,1,0
10207,H?`DRhv,15,1,0
10208,H?`DRj},16,1,0
10209,H?`DRj|,16,1,0
10210,H?`DRjz,16,1,0
10211,H?`DRjv,16,1,0
10212,H?`DRj^,16,1,0
10213,H?`DRj~,17,1,0
10214,H?`DSvs,14,1,0
10215,H?`DStu,14,1,0
10223,H?`DQmy,14,1,0
10319,H?`DTvs,15,1,0
10320,H?`DTv[,15,1,0
11056,H?`DvIy,15,1,0
11092,H?`Drjo,14,1,0
11093,H?`Drjg,14,1,0
11094,H?`Driw,14,1,0
11095,H?`DrjK,14,1,0
11096,H?`Drjw,15,1,0
11097,H?`Drjk,15,1,0
11098,H?`Drjq,15,1,0
11099,H?`Drji,15,1,0
11100,H?`Driy,15,1,0
11101,H?`Drje,15,1,0
11102,H?`Drhu,15,1,0
11103,H?`DrjM,15,1,0
11104,H?`Drjb,15,1,0
11105,H?`Drir,15,1,0
11106,H?`DrjJ,15,1,0
11107,H?`Drij,15,1,0
11108,H?`Drj{,16,1,0
11109,H?`Drjy,16,1,0
11110,H?`Drju,16,1,0
11111,H?`Drjm,16,1,0
11112,H?`Drjr,16,1,0
11113,H?`Drjj,16,1,0
11114,H?`Driz,16,1,0
11115,H?`DrjN,16,1,0
11116,H?`Drj},17,1,0
11117,H?`Drjz,17,1,0
11118,H?`Drjn,17,1,0
11119,H?`Drj~,18,1,0
11122,H?`DuYy,15,1,0
11162,H?`Dviy,16,1,0
11189,H?`DvYy,16,1,0
11595,H?bBEou,13,1,0
11604,H?bBEpu,14,1,0
11649,H?bBDpu,14,1,0
11733,H?bBEgy,13,1,0
11738,H?bBEhy,14,1,0
11843,H?bBCxq,13,1,0
11844,H?bBCwy,13,1,0
11851,H?bBCxy,14,1,0
11853,H?bBCxu,14,1,0
12011,H?bBExy,15,1,0
12012,H?bBExu,15,1,0
12354,H?b@ePq,12,0,1
12365,H?b@ePu,13,1,0
12450,H?b@dHY,12,1,0
12454,H?b@dHy,13,1,0
12471,H?b@bFW,12,1,0
12474,H?b@bE[,12,1,0
12485,H?b@bF[,13,1,0
12526,H?b@`fg,12,0,1
12531,H?b@`fk,13,0,1
12630,H?b@fPU,13,1,0
12631,H?b@fOu,13,1,0
12644,H?b@fPu,14,1,0
12802,H?b@fIy,14,1,0
12803,H?b@fHy,14,1,0
12852,H?b@eYy,14,1,0
12853,H?b@eXy,14,1,0
12906,H?b@dfk,14,1,0
12932,H?b@bfg,13,1,0
12934,H?b@bfK,13,0,1
12935,H?b@bek,13,1,0
12939,H?b@bfk,14,1,0
13021,H?b@dV[,14,1,0
13056,H?b@bVS,13,1,0
13060,H?b@bV[,14,1,0
13273,H?b@dvk,15,1,0
13300,H?b@bvk,15,1,0
14218,H?bBfPu,15,1,0
14263,H?bBdpq,14,1,0
14269,H?bBdpe,14,1,0
14284,H?bBdpu,15,1,0
14421,H?bBfHy,15,1,0
14525,H?bBeWy,14,1,0
14532,H?bBeXy,15,1,0
14534,H?bBeXu,15,1,0
14559,H?bBdXq,14,1,0
14560,H?bBdXY,14,1,0
14561,H?bBdWy,14,1,0
14571,H?bBdXy,15,1,0
14574,H?bBdXu,15,1,0
14781,H?bBbfk,15,1,0
14782,H?bBbe{,15,1,0
14894,H?bBbV[,15,1,0
14949,H?bB`vk,15,1,0
15004,H?bBbN[,15,1,0
15005,H?bBbM{,15,1,0
15226,H?bBdxu,16,1,0
15366,H?bBbvk,16,1,0
15426,H?bBbnk,16,1,0
15669,H?bERht,15,1,0
16016,H?bBUhy,15,1,0
16239,H?bBRv[,16,1,0
16330,H?bEJ`x,14,1,0
16346,H?bEHqp,13,0,1
16347,H?bEHpp,13,1,0
16348,H?bEHox,13,0,1
16358,H?bEHqx,14,0,1
16359,H?bEHpx,14,1,0
16390,H?bEJpx,15,1,0
16548,H?bDJ`X,13,1,0
16557,H?bDJ`x,14,1,0
16637,H?bDJpx,15,1,0
18094,H?bDriy,16,1,0
18196,H?bDrYy,16,1,0
18632,H?bBuXy,16,1,0
18707,H?bBvXy,17,1,0
18792,H?bFJpx,16,1,0
19757,H?`bCps,12,0,1
19761,H?`bCpu,13,0,1
19810,H?`bEpu,14,1,0
19860,H?`bBiY,13,1,0
19863,H?`bBjY,14,1,0
19933,H?`bBn[,15,1,0
20084,H?`aeOu,12,0,1
20090,H?`aePu,13,0,1
20113,H?`adPS,11,0,1
20115,H?`adOU,11,0,1
20121,H?`adPs,12,0,1
20125,H?`adPq,12,0,1
20128,H?`adPU,12,0,1
20129,H?`adOu,12,0,1
20150,H?`adPu,13,0,1
20207,H?`adGY,11,1,0
20212,H?`adIY,12,1,0
20213,H?`adHY,12,1,0
20221,H?`adJY,13,1,0
20311,H?`aaiw,12,1,0
20317,H?`aaiy,13,1,0
20329,H?`a`iI,11,0,1
20331,H?`a`jW,12,1,0
20332,H?`a`jI,12,1,0
20340,H?`a`jY,13,1,0
20366,H?`acXq,12,0,1
20375,H?`acXu,13,0,1
20444,H?`afOu,13,1,0
20454,H?`afPu,14,1,0
20498,H?`adps,13,1,0
20504,H?`adpe,13,1,0
20514,H?`adpu,14,1,0
20556,H?`afJY,14,1,0
20686,H?`abjY,14,1,0
20687,H?`abiy,14,1,0
20719,H?`aeXu,14,1,0
20741,H?`adZQ,13,1,0
20743,H?`adXq,13,1,0
20744,H?`adYY,13,1,0
20750,H?`adZY,14,1,0
20754,H?`adXu,14,1,0
20793,H?`acxq,13,1,0
20804,H?`acxu,14,1,0
20893,H?`abM{,14,1,0
20894,H?`abNY,14,1,0
20895,H?`abMy,14,1,0
20915,H?`a`nk,14,1,0
21012,H?`afZY,15,1,0
21015,H?`afXu,15,1,0
21075,H?`adxu,15,1,0
21251,H?`fEpu,15,1,0
21383,H?`fBjY,15,1,0
21873,H?`edPs,13,1,0
21899,H?`edPu,14,1,0
22297,H?`eepu,15,1,0
22338,H?`edps,14,1,0
22358,H?`edpu,15,1,0
22525,H?`efJY,15,1,0
22640,H?`ebii,14,1,0
22641,H?`ebiY,14,1,0
22652,H?`ebjY,15,1,0
22653,H?`ebiy,15,1,0
22731,H?`edXY,14,1,0
22741,H?`edZY,15,1,0
22781,H?`ebYY,14,1,0
22792,H?`ebZY,15,1,0
22948,H?`e`zQ,14,1,0
22950,H?`e`zI,14,1,0
22953,H?`e`yY,14,1,0
22972,H?`e`zY,15,1,0
23075,H?`eefk,15,1,0
23077,H?`eed{,15,1,0
23141,H?`eeT{,15,1,0
23266,H?`ecvk,15,1,0
23268,H?`ect{,15,1,0
23275,H?`ectu,15,1,0
23323,H?`eavk,15,1,0
23641,H?`eevk,16,1,0
23643,H?`eet{,16,1,0
24219,H?`bePu,14,0,1
24263,H?`bcpc,12,0,1
24271,H?`bcps,13,0,1
24276,H?`bcpq,13,0,1
24280,H?`bcpe,13,0,1
24282,H?`bcpU,13,0,1
24311,H?`bcpu,14,0,1
24398,H?`bfPq,14,1,0
24406,H?`bfPu,15,1,0
24447,H?`bepu,15,1,0
24584,H?`bbiY,14,1,0
24590,H?`bbjY,15,1,0
24622,H?`beXu,15,1,0
24655,H?`bcxq,14,1,0
24670,H?`bcxu,15,1,0
24794,H?`bbfk,15,1,0
24795,H?`bbf[,15,1,0
24860,H?`bctu,15,1,0
25020,H?`bexu,16,1,0
25157,H?`bbnk,16,1,0
25326,H?`eUpu,15,1,0
25353,H?`eTpu,15,1,0
25432,H?`eTjY,15,1,0
25488,H?`eRiw,14,1,0
25489,H?`eRiU,14,1,0
25490,H?`eRgu,14,1,0
25491,H?`eRjw,15,1,0
25492,H?`eRjs,15,1,0
25493,H?`eRj[,15,1,0
25494,H?`eRi{,15,1,0
25495,H?`eRjq,15,1,0
25496,H?`eRjY,15,1,0
25497,H?`eRiy,15,1,0
25498,H?`eRjU,15,1,0
25499,H?`eRiu,15,1,0
25500,H?`eRhu,15,1,0
25501,H?`eRi],15,1,0
25502,H?`eRjp,15,1,0
25503,H?`eRjX,15,1,0
25504,H?`eRix,15,1,0
25505,H?`eRjT,15,1,0
25506,H?`eRit,15,1,0
25507,H?`eRht,15,0,1
25508,H?`eRi\,15,1,0
25509,H?`eRjR,15,1,0
25510,H?`eRir,15,1,0
25511,H?`eRhr,15,1,0
25512,H?`eRiZ,15,1,0
25513,H?`eRiV,15,1,0
25514,H?`eRhV,15,1,0
25515,H?`eRgv,15,1,0
25516,H?`eRj{,16,1,0
25517,H?`eRjy,16,1,0
25518,H?`eRju,16,1,0
25519,H?`eRj],16,1,0
25520,H?`eRi},16,1,0
25521,H?`eRjx,16,1,0
25522,H?`eRjt,16,1,0
25523,H?`eRj\,16,1,0
25524,H?`eRi|,16,1,0
25525,H?`eRjr,16,1,0
25526,H?`eRjZ,16,1,0
25527,H?`eRiz,16,1,0
25528,H?`eRjV,16,1,0
25529,H?`eRiv,16,1,0
25530,H?`eRhv,16,1,0
25531,H?`eRi^,16,1,0
25532,H?`eRj},17,1,0
25533,H?`eRj|,17,1,0
25534,H?`eRjz,17,1,0
25535,H?`eRjv,17,1,0
25536,H?`eRj^,17,1,0
25537,H?`eRi~,17,1,0
25538,H?`eRj~,18,1,0
25594,H?`eVjY,16,1,0
25844,H?`cv@s,13,1,0
25873,H?`cv@t,14,1,0
25910,H?`cu`s,13,1,0
25922,H?`cu`d,13,0,1
25950,H?`cu`t,14,1,0
25994,H?`cuPs,13,1,0
26002,H?`cuPu,14,1,0
26006,H?`cuPt,14,1,0
26027,H?`csps,13,0,1
26035,H?`cspu,14,1,0
26155,H?`cupu,15,1,0
26194,H?`cvJY,15,1,0
26237,H?`cuiy,15,1,0
26282,H?`crjo,14,1,0
26283,H?`crjg,14,1,0
26284,H?`crjW,14,1,0
26285,H?`crja,14,1,0
26286,H?`crjI,14,1,0
26287,H?`criY,14,0,1
26288,H?`crjE,14,1,0
26289,H?`crhe,14,1,0
26290,H?`criU,14,1,0
26291,H?`crhU,14,1,0
26292,H?`criM,14,1,0
26293,H?`crjw,15,1,0
26294,H?`crjs,15,1,0
26295,H?`crjk,15,1,0
26296,H?`crj[,15,1,0
26297,H?`crjq,15,1,0
26298,H?`crji,15,1,0
26299,H?`crjY,15,1,0
26300,H?`crje,15,1,0
26301,H?`crjU,15,1,0
26302,H?`crhu,15,1,0
26303,H?`crjM,15,1,0
26304,H?`cri],15,1,0
26305,H?`crjp,15,1,0
26306,H?`crjh,15,1,0
26307,H?`crjX,15,1,0
26308,H?`crjd,15,1,0
26309,H?`crjT,15,1,0
26310,H?`crht,15,0,1
26311,H?`crjL,15,1,0
26312,H?`cri\,15,1,0
26313,H?`crjb,15,1,0
26314,H?`crjJ,15,1,0
26315,H?`criZ,15,1,0
26316,H?`crjF,15,1,0
26317,H?`criV,15,1,0
26318,H?`criN,15,1,0
26319,H?`crj{,16,1,0
26320,H?`crjy,16,1,0
26321,H?`crju,16,1,0
26322,H?`crjm,16,1,0
26323,H?`crj],16,1,0
26324,H?`crjx,16,1,0
26325,H?`crjt,16,1,0
26326,H?`crjl,16,1,0
26327,H?`crj\,16,1,0
26328,H?`crjr,16,1,0
26329,H?`crjj,16,1,0
26330,H?`crjZ,16,1,0
26331,H?`crjf,16,1,0
26332,H?`crjV,16,1,0
26333,H?`crhv,16,1,0
26334,H?`crjN,16,1,0
26335,H?`cri^,16,1,0
26336,H?`crj},17,1,0
26337,H?`crj|,17,1,0
26338,H?`crjz,17,1,0
26339,H?`crjv,17,1,0
26340,H?`crjn,17,1,0
26341,H?`crj^,17,1,0
26342,H?`crj~,18,1,0
26348,H?`cuYy,15,1,0
26434,H?`cuVs,15,1,0
26455,H?`csvs,15,1,0
26456,H?`csvk,15,1,0
26601,H?`cuvs,16,1,0
26602,H?`cuvk,16,1,0
26820,H?`eKps,13,1,0
26828,H?`eKpu,14,1,0
26903,H?`eHox,13,1,0
26930,H?`eHqx,14,1,0
27030,H?`eMpu,15,1,0
27079,H?`eLpu,15,1,0
27083,H?`eLqx,15,1,0
27747,H?`bMaw,13,1,0
27749,H?`bMaX,13,0,1
27750,H?`bM`X,13,0,1
27760,H?`bMbX,14,0,1
27761,H?`bMax,14,1,0
27784,H?`bJaX,13,0,1
27788,H?`bJbX,14,1,0
27799,H?`bKro,13,0,1
27800,H?`bKrW,13,0,1
27801,H?`bKq[,13,0,1
27802,H?`bKqT,13,0,1
27803,H?`bKpT,13,0,1
27804,H?`bKoV,13,0,1
27805,H?`bKrw,14,0,1
27806,H?`bKrs,14,0,1
27807,H?`bKr[,14,0,1
27808,H?`bKrU,14,0,1
27809,H?`bKpu,14,0,1
27810,H?`bKq],14,0,1
27811,H?`bKrp,14,0,1
27812,H?`bKrX,14,0,1
27813,H?`bKrT,14,0,1
27814,H?`bKpt,14,0,1
27815,H?`bKq\,14,0,1
27816,H?`bKqV,14,0,1
27817,H?`bKpV,14,0,1
27818,H?`bKr{,15,0,1
27819,H?`bKru,15,0,1
27820,H?`bKr],15,0,1
27821,H?`bKrx,15,0,1
27822,H?`bKrt,15,0,1
27823,H?`bKr\,15,0,1
27824,H?`bKrV,15,0,1
27825,H?`bKpv,15,0,1
27826,H?`bKq^,15,0,1
27827,H?`bKr},16,0,1
27828,H?`bKr|,16,0,1
27829,H?`bKrv,16,0,1
27830,H?`bKr^,16,0,1
27831,H?`bKr~,17,0,1
27839,H?`bNbX,15,1,0
27855,H?`bMqw,14,1,0
27856,H?`bMqs,14,1,0
27857,H?`bMq[,14,1,0
27858,H?`bMqU,14,1,0
27859,H?`bMou,14,1,0
27860,H?`bMrw,15,1,0
27861,H?`bMrs,15,1,0
27862,H?`bMr[,15,1,0
27863,H?`bMq{,15,1,0
27864,H?`bMrU,15,1,0
27865,H?`bMqu,15,1,0
27866,H?`bMpu,15,1,0
27867,H?`bMq],15,1,0
27868,H?`bMrX,15,0,1
27869,H?`bMqx,15,1,0
27870,H?`bMr{,16,1,0
27871,H?`bMru,16,1,0
27872,H?`bMr],16,1,0
27873,H?`bMq},16,1,0
27874,H?`bMrx,16,1,0
27875,H?`bMrt,16,1,0
27876,H?`bMr\,16,1,0
27877,H?`bMq|,16,1,0
27878,H?`bMrV,16,1,0
27879,H?`bMqv,16,1,0
27880,H?`bMpv,16,1,0
27881,H?`bMq^,16,1,0
27882,H?`bMr},17,1,0
27883,H?`bMr|,17,1,0
27884,H?`bMrv,17,1,0
27885,H?`bMr^,17,1,0
27886,H?`bMq~,17,1,0
27887,H?`bMr~,18,1,0
27894,H?`bMjX,15,1,0
27895,H?`bMix,15,1,0
27926,H?`bJjY,15,1,0
27927,H?`bJjX,15,1,0
27948,H?`bKxu,15,1,0
27950,H?`bKzX,15,1,0
27975,H?`bKnX,15,1,0
27993,H?`bInw,15,1,0
27994,H?`bIm{,15,1,0
27996,H?`bInX,15,1,0
27997,H?`bImx,15,1,0
28078,H?`bJnw,16,1,0
28264,H?`cmPs,13,1,0
28278,H?`cmPu,14,1,0
28376,H?`ckps,13,1,0
28377,H?`ckpe,13,0,1
28391,H?`ckpu,14,1,0
28612,H?`cmps,14,1,0
28629,H?`cmpu,15,1,0
28803,H?`cjjY,15,1,0
29756,H?`anAw,13,1,0
29757,H?`anAX,13,1,0
29772,H?`anAx,14,1,0
29804,H?`alaw,13,1,0
29827,H?`alax,14,1,0
29857,H?`ajaw,13,1,0
29859,H?`ajah,13,1,0
29868,H?`ajax,14,1,0
29887,H?`amQw,13,1,0
29888,H?`amOu,13,0,1
29895,H?`amPu,14,0,1
29897,H?`amQx,14,1,0
29914,H?`alRo,13,1,0
29915,H?`alRW,13,1,0
29916,H?`alQw,13,1,0
29917,H?`alRS,13,1,0
29918,H?`alQs,13,1,0
29919,H?`alQ[,13,1,0
29920,H?`alRQ,13,1,0
29921,H?`alQq,13,1,0
29922,H?`alPq,13,0,1
29923,H?`alQY,13,1,0
29924,H?`alQU,13,1,0
29925,H?`alPU,13,0,1
29926,H?`alQp,13,1,0
29927,H?`alQX,13,1,0
29928,H?`alQT,13,1,0
29929,H?`alPT,13,1,0
29930,H?`alOt,13,1,0
29931,H?`alQR,13,1,0
29932,H?`alPR,13,1,0
29933,H?`alOr,13,1,0
29934,H?`alOV,13,1,0
29935,H?`alRw,14,1,0
29936,H?`alRs,14,1,0
29937,H?`alR[,14,1,0
29938,H?`alQ{,14,1,0
29939,H?`alRq,14,1,0
29940,H?`alRY,14,1,0
29941,H?`alQy,14,1,0
29942,H?`alRU,14,1,0
29943,H?`alQu,14,1,0
29944,H?`alPu,14,0,1
29945,H?`alQ],14,1,0
29946,H?`alRp,14,1,0
29947,H?`alRX,14,1,0
29948,H?`alQx,14,1,0
29949,H?`alRT,14,1,0
29950,H?`alQt,14,1,0
29951,H?`alPt,14,1,0
29952,H?`alQ\,14,1,0
29953,H?`alRR,14,1,0
29954,H?`alQr,14,1,0
29955,H?`alPr,14,1,0
29956,H?`alQZ,14,1,0
29957,H?`alQV,14,1,0
29958,H?`alPV,14,1,0
29959,H?`alOv,14,1,0
29960,H?`alR{,15,1,0
29961,H?`alRy,15,1,0
29962,H?`alRu,15,1,0
29963,H?`alR],15,1,0
29964,H?`alQ},15,1,0
29965,H?`alRx,15,1,0
29966,H?`alRt,15,1,0
29967,H?`alR\,15,1,0
29968,H?`alQ|,15,1,0
29969,H?`alRr,15,1,0
29970,H?`alRZ,15,1,0
29971,H?`alQz,15,1,0
29972,H?`alRV,15,1,0
29973,H?`alQv,15,1,0
29974,H?`alPv,15,1,0
29975,H?`alQ^,15,1,0
29976,H?`alR},16,1,0
29977,H?`alR|,16,1,0
29978,H?`alRz,16,1,0
29979,H?`alRv,16,1,0
29980,H?`alR^,16,1,0
29981,H?`alQ~,16,1,0
29982,H?`alR~,17,1,0
29983,H?`anaw,14,1,0
29998,H?`anax,15,1,0
30028,H?`anQw,14,1,0
30043,H?`anPu,15,1,0
30047,H?`anQx,15,1,0
30082,H?`alqw,14,1,0
30083,H?`alrc,14,1,0
30084,H?`alrS,14,1,0
30085,H?`alqs,14,1,0
30086,H?`alps,14,1,0
30087,H?`alrK,14,1,0
30088,H?`alqk,14,1,0
30089,H?`alq[,14,1,0
30090,H?`alrE,14,1,0
30091,H?`alqe,14,1,0
30092,H?`alou,14,1,0
30093,H?`alqM,14,1,0
30094,H?`alrw,15,1,0
30095,H?`alrs,15,1,0
30096,H?`alrk,15,1,0
30097,H?`alr[,15,1,0
30098,H?`alq{,15,1,0
30099,H?`alre,15,1,0
30100,H?`alqu,15,1,0
30101,H?`alpu,15,1,0
30102,H?`alrM,15,1,0
30103,H?`alqm,15,1,0
30104,H?`alqx,15,1,0
30105,H?`alqt,15,1,0
30106,H?`alql,15,1,0
30107,H?`alq\,15,1,0
30108,H?`alqf,15,1,0
30109,H?`alov,15,1,0
30110,H?`alqN,15,1,0
30111,H?`alr{,16,1,0
30112,H?`alru,16,1,0
30113,H?`alrm,16,1,0
30114,H?`alq},16,1,0
30115,H?`alrx,16,1,0
30116,H?`alrt,16,1,0
30117,H?`alrl,16,1,0
30118,H?`alr\,16,1,0
30119,H?`alq|,16,1,0
30120,H?`alrf,16,1,0
30121,H?`alqv,16,1,0
30122,H?`alpv,16,1,0
30123,H?`alrN,16,1,0
30124,H?`alqn,16,1,0
30125,H?`alr},17,1,0
30126,H?`alr|,17,1,0
30127,H?`alrv,17,1,0
30128,H?`alrn,17,1,0
30129,H?`alq~,17,1,0
30130,H?`alr~,18,1,0
30138,H?`anIx,15,1,0
30170,H?`amix,15,1,0
30251,H?`ajjY,15,1,0
30252,H?`ajiy,15,1,0
30255,H?`ajix,15,1,0
30287,H?`amYx,15,1,0
30316,H?`alXu,15,1,0
30383,H?`amMx,15,1,0
30431,H?`ahnw,15,1,0
30465,H?`anpu,16,1,0
30719,H?`cZ`p,13,0,1
30721,H?`cZ`T,13,0,1
30736,H?`cZ`t,14,0,1
30805,H?`c]pu,15,1,0
31783,H?`evjY,17,1,0
31815,H?`evZY,17,1,0
31983,H?`fMrX,16,1,0
32443,H?`elqx,16,1,0
33479,H?`bnPu,16,1,0
33504,H?`bmqw,15,1,0
33505,H?`bmrw,16,1,0
33506,H?`bmrs,16,1,0
33507,H?`bmrk,16,1,0
33508,H?`bmr[,16,1,0
33509,H?`bmq{,16,1,0
33510,H?`bmrq,16,1,0
33511,H?`bmri,16,1,0
33512,H?`bmrY,16,1,0
33513,H?`bmqy,16,1,0
33514,H?`bmre,16,1,0
33515,H?`bmrU,16,1,0
33516,H?`bmqu,16,1,0
33517,H?`bmpu,16,1,0
33518,H?`bmrM,16,1,0
33519,H?`bmqm,16,1,0
33520,H?`bmq],16,1,0
33521,H?`bmrp,16,1,0
33522,H?`bmrh,16,1,0
33523,H?`bmrX,16,1,0
33524,H?`bmqx,16,1,0
33525,H?`bmrd,16,1,0
33526,H?`bmpt,16,1,0
33527,H?`bmrb,16,1,0
33528,H?`bmrR,16,1,0
33529,H?`bmqr,16,1,0
33530,H?`bmpr,16,1,0
33531,H?`bmrJ,16,1,0
33532,H?`bmqj,16,1,0
33533,H?`bmqZ,16,1,0
33534,H?`bmrF,16,1,0
33535,H?`bmqf,16,1,0
33536,H?`bmpf,16,1,0
33537,H?`bmqV,16,1,0
33538,H?`bmpV,16,1,0
33539,H?`bmov,16,1,0
33540,H?`bmqN,16,1,0
33541,H?`bmr{,17,1,0
33542,H?`bmry,17,1,0
33543,H?`bmru,17,1,0
33544,H?`bmrm,17,1,0
33545,H?`bmr],17,1,0
33546,H?`bmq},17,1,0
33547,H?`bmrx,17,1,0
33548,H?`bmrt,17,1,0
33549,H?`bmrl,17,1,0
33550,H?`bmr\,17,1,0
33551,H?`bmq|,17,1,0
33552,H?`bmrr,17,1,0
33553,H?`bmrj,17,1,0
33554,H?`bmrZ,17,1,0
33555,H?`bmqz,17,1,0
33556,H?`bmrf,17,1,0
33557,H?`bmrV,17,1,0
33558,H?`bmqv,17,1,0
33559,H?`bmpv,17,1,0
33560,H?`bmrN,17,1,0
33561,H?`bmqn,17,1,0
33562,H?`bmq^,17,1,0
33563,H?`bmr},18,1,0
33564,H?`bmr|,18,1,0
33565,H?`bmrz,18,1,0
33566,H?`bmrv,18,1,0
33567,H?`bmrn,18,1,0
33568,H?`bmr^,18,1,0
33569,H?`bmq~,18,1,0
33570,H?`bmr~,19,1,0
33603,H?`bmjX,16,1,0
33604,H?`bmix,16,1,0
33680,H?`bmXu,16,1,0
33683,H?`bmZX,16,1,0
33684,H?`bmYx,16,1,0
33726,H?`bkzX,16,1,0
33768,H?`bnpu,17,1,0
34048,H?`e\qx,16,1,0
34972,H?aJCpq,12,0,1
34977,H?aJCpu,13,1,0
34980,H?aJCpr,13,0,1
34993,H?aJAfo,12,0,1
34994,H?aJAew,12,1,0
34995,H?aJAeq,12,0,1
34996,H?aJAfw,13,0,1
34997,H?aJAe{,13,1,0
34998,H?aJAfq,13,0,1
34999,H?aJAey,13,0,1
35000,H?aJAer,13,0,1
35001,H?aJAf{,14,0,1
35002,H?aJAfy,14,0,1
35003,H?aJAe},14,0,1
35004,H?aJAfr,14,0,1
35005,H?aJAez,14,0,1
35006,H?aJAf},15,0,1
35007,H?aJAfz,15,0,1
35008,H?aJAe~,15,0,1
35009,H?aJAf~,16,0,1
35040,H?aJEpq,13,1,0
35047,H?aJEpu,14,1,0
35052,H?aJEpr,14,0,1
35070,H?aJCxq,13,0,1
35072,H?aJCzq,14,1,0
35074,H?aJCxr,14,0,1
35084,H?aJEc{,13,1,0
35086,H?aJEe{,14,1,0
35097,H?aJEdr,14,0,1
35116,H?aJBfo,13,0,1
35117,H?aJBfw,14,0,1
35118,H?aJBf[,14,1,0
35119,H?aJBfq,14,0,1
35120,H?aJBfY,14,0,1
35121,H?aJBe],14,0,1
35122,H?aJBfp,14,0,1
35123,H?aJBf{,15,0,1
35124,H?aJBfy,15,0,1
35125,H?aJBf],15,0,1
35126,H?aJBfx,15,0,1
35127,H?aJBf\,15,0,1
35128,H?aJBfr,15,0,1
35129,H?aJBfZ,15,0,1
35130,H?aJBe^,15,0,1
35131,H?aJBf},16,0,1
35132,H?aJBf|,16,0,1
35133,H?aJBfz,16,0,1
35134,H?aJBf^,16,0,1
35135,H?aJBf~,17,0,1
35143,H?aJCtr,14,0,1
35172,H?aJEzq,15,1,0
35287,H?aJf`q,14,0,1
35325,H?aJfPq,14,1,0
35327,H?aJfPU,14,1,0
35334,H?aJfPu,15,1,0
35357,H?aJeXq,14,0,1
35360,H?aJeZq,15,1,0
35375,H?aJfF[,15,1,0
35405,H?aJbfw,15,0,1
35406,H?aJbfk,15,1,0
35407,H?aJbfq,15,0,1
35408,H?aJbfi,15,0,1
35409,H?aJbfM,15,0,1
35410,H?aJbfb,15,0,1
35411,H?aJbfJ,15,0,1
35412,H?aJbeN,15,0,1
35413,H?aJbf{,16,0,1
35414,H?aJbfy,16,0,1
35415,H?aJbfm,16,0,1
35416,H?aJbfr,16,0,1
35417,H?aJbfj,16,0,1
35418,H?aJbfN,16,0,1
35419,H?aJbf},17,0,1
35420,H?aJbfz,17,0,1
35421,H?aJbfn,17,0,1
35422,H?aJbf~,18,0,1
35487,H?aJffk,16,1,0
35559,H?aKZbp,14,0,1
35704,H?aNbZq,16,1,0
37110,H?bebZY,16,1,0
38080,H?bavJY,16,1,0
38082,H?bavHy,16,1,0
38158,H?bathY,15,1,0
38167,H?batjY,16,1,0
38207,H?bariY,15,1,0
38217,H?barjY,16,1,0
38303,H?bavjY,17,1,0
38338,H?bavZY,17,1,0
39986,H?bbvXy,18,1,0
40139,H?bfMrX,17,1,0
40182,H?bfJpx,17,1,0
40401,H?belqx,17,1,0
40806,H?be\qx,17,1,0
40859,H?beZpx,17,1,0
41156,H?bb]rX,17,1,0
42538,H?`vFPu,16,1,0
42574,H?`vEou,15,1,0
42591,H?`vEpu,16,1,0
42718,H?`vBiY,15,1,0
42721,H?`vBji,16,1,0
42722,H?`vBjY,16,1,0
42784,H?`vFD{,16,1,0
42831,H?`vET{,16,1,0
43085,H?`vBzi,17,1,0
43488,H?`reOu,14,0,1
43507,H?`rePu,15,0,1
43566,H?`rfPs,15,1,0
43577,H?`rfPu,16,1,0
43644,H?`rbji,16,1,0
43893,H?`uVOu,15,1,0
43903,H?`uVPu,16,1,0
43930,H?`uTps,15,1,0
43934,H?`uTpe,15,1,0
43946,H?`uTpu,16,1,0
43983,H?`uVJY,16,1,0
44038,H?`uTji,16,1,0
44088,H?`uRii,15,1,0
44089,H?`uRjw,16,1,0
44090,H?`uRjs,16,1,0
44091,H?`uRjk,16,1,0
44092,H?`uRi{,16,1,0
44093,H?`uRjq,16,1,0
44094,H?`uRji,16,1,0
44095,H?`uRiy,16,1,0
44096,H?`uRje,16,1,0
44097,H?`uRiu,16,1,0
44098,H?`uRhu,16,1,0
44099,H?`uRjM,16,1,0
44100,H?`uRim,16,1,0
44101,H?`uRjd,16,1,0
44102,H?`uRit,16,1,0
44103,H?`uRht,16,0,1
44104,H?`uRjL,16,1,0
44105,H?`uRil,16,1,0
44106,H?`uRjF,16,1,0
44107,H?`uRif,16,1,0
44108,H?`uRgv,16,1,0
44109,H?`uRiN,16,1,0
44110,H?`uRj{,17,1,0
44111,H?`uRjy,17,1,0
44112,H?`uRju,17,1,0
44113,H?`uRjm,17,1,0
44114,H?`uRi},17,1,0
44115,H?`uRjt,17,1,0
44116,H?`uRjl,17,1,0
44117,H?`uRi|,17,1,0
44118,H?`uRjf,17,1,0
44119,H?`uRiv,17,1,0
44120,H?`uRhv,17,1,0
44121,H?`uRjN,17,1,0
44122,H?`uRin,17,1,0
44123,H?`uRj},18,1,0
44124,H?`uRj|,18,1,0
44125,H?`uRjv,18,1,0
44126,H?`uRjn,18,1,0
44127,H?`uRi~,18,1,0
44128,H?`uRj~,19,1,0
44188,H?`uUVs,16,1,0
44204,H?`uTVs,16,1,0
44240,H?`uVji,17,1,0
44866,H?`vVji,18,1,0
45086,H?`vMpu,17,1,0
45090,H?`vMrX,17,1,0
45506,H?`rnRw,17,1,0
45507,H?`rnRs,17,1,0
45508,H?`rnRk,17,1,0
45509,H?`rnR[,17,1,0
45510,H?`rnRe,17,1,0
45511,H?`rnPu,17,1,0
45512,H?`rnRp,17,1,0
45513,H?`rnRh,17,1,0
45514,H?`rnRX,17,1,0
45515,H?`rnRd,17,1,0
45516,H?`rnRT,17,1,0
45517,H?`rnPt,17,1,0
45518,H?`rnRL,17,1,0
45519,H?`rnQ\,17,1,0
45520,H?`rnRF,17,1,0
45521,H?`rnPf,17,1,0
45522,H?`rnQV,17,1,0
45523,H?`rnPV,17,1,0
45524,H?`rnQN,17,1,0
45525,H?`rnR{,18,1,0
45526,H?`rnRu,18,1,0
45527,H?`rnRm,18,1,0
45528,H?`rnR],18,1,0
45529,H?`rnRx,18,1,0
45530,H?`rnRt,18,1,0
45531,H?`rnRl,18,1,0
45532,H?`rnR\,18,1,0
45533,H?`rnRf,18,1,0
45534,H?`rnRV,18,1,0
45535,H?`rnPv,18,1,0
45536,H?`rnRN,18,1,0
45537,H?`rnQ^,18,1,0
45538,H?`rnR},19,1,0
45539,H?`rnR|,19,1,0
45540,H?`rnRv,19,1,0
45541,H?`rnRn,19,1,0
45542,H?`rnR^,19,1,0
45543,H?`rnR~,20,1,0
45548,H?`rnpu,18,1,0
45715,H?`u^Pu,17,1,0
45759,H?`u\pu,17,1,0
46188,H?bNB_r,14,1,0
46218,H?bNB`r,15,1,0
46517,H?bNAzq,16,1,0
47111,H?bLb`p,14,1,0
47123,H?bLb`b,14,1,0
47124,H?bLb_r,14,1,0
47161,H?bLb`r,15,1,0
47328,H?bLfIy,16,1,0
47506,H?bLbZq,16,1,0
47508,H?bLbYy,16,1,0
47586,H?bLfF[,16,1,0
47687,H?bL`vk,16,1,0
48109,H?bMR_t,14,1,0
48118,H?bMR`t,15,1,0
48235,H?bLR`p,14,1,0
48238,H?bLR`T,14,1,0
48239,H?bLR_t,14,1,0
48252,H?bLR`t,15,1,0
49336,H?bL^bp,17,1,0
50714,H?r@`fg,13,0,1
50724,H?r@`fk,14,0,1
50795,H?r@fQu,15,1,0
50871,H?r@eYy,15,1,0
50916,H?r@ddk,14,1,0
50920,H?r@dfk,15,1,0
51000,H?r@dV[,15,1,0
51119,H?r@dvk,16,1,0
51562,H?rFTit,17,1,0
52223,H?qbEou,14,1,0
52230,H?qbEqu,15,1,0
52348,H?qbExu,16,1,0
52501,H?qadPq,13,1,0
52503,H?qadOu,13,1,0
52517,H?qadPu,14,1,0
52601,H?qacha,12,1,0
52607,H?qachq,13,1,0
52619,H?qachy,14,1,0
52649,H?qa`jG,12,1,0
52652,H?qa`hW,12,1,0
52654,H?qa`hI,12,1,0
52657,H?qa`jW,13,1,0
52670,H?qa`jI,13,1,0
52694,H?qa`jY,14,1,0
52806,H?qafPu,15,1,0
52930,H?qafJQ,14,1,0
52938,H?qafJY,15,1,0
52940,H?qafHy,15,1,0
53027,H?qadhq,14,1,0
53028,H?qadhi,14,1,0
53029,H?qadhY,14,1,0
53038,H?qadjY,15,1,0
53040,H?qadhy,15,1,0
53225,H?qaeXy,15,1,0
53227,H?qaeXu,15,1,0
53259,H?qadZY,15,1,0
53261,H?qadXy,15,1,0
53264,H?qadXu,15,1,0
53308,H?qabZY,15,1,0
53359,H?qacxy,15,1,0
53455,H?qa`zQ,14,1,0
53466,H?qa`zY,15,1,0
53577,H?qadNY,15,1,0
53679,H?qa`ng,14,1,0
53686,H?qa`nk,15,1,0
53898,H?qafZY,16,1,0
53939,H?qadzY,16,1,0
53940,H?qadxy,16,1,0
54060,H?qadnY,16,1,0
54528,H?qbfPu,16,1,0
54584,H?qbequ,16,1,0
54585,H?qbepu,16,1,0
54808,H?qbeWy,15,1,0
54818,H?qbeXy,16,1,0
54821,H?qbeXu,16,1,0
54887,H?qbcxq,15,1,0
54889,H?qbcxi,15,1,0
54901,H?qbcxy,16,1,0
55015,H?qbbfk,16,1,0
55016,H?qbbf[,16,1,0
55052,H?qbbU{,16,1,0
55317,H?qbbvk,17,1,0
55319,H?qbbu{,17,1,0
55504,H?qdR`p,14,1,0
55509,H?qdR`T,14,1,0
55510,H?qdR_t,14,1,0
55537,H?qdR`t,15,1,0
55587,H?qdPjY,15,1,0
55736,H?qdRht,16,1,0
56066,H?qbTjY,16,1,0
56071,H?qbTit,16,1,0
56507,H?q`uqu,16,1,0
56628,H?q`vHy,16,1,0
57661,H?qfRht,17,1,0
58143,H?qeth{,17,1,0
58144,H?qetjq,17,1,0
58145,H?qetji,17,1,0
58146,H?qetiy,17,1,0
58147,H?qethy,17,1,0
58148,H?qetje,17,1,0
58149,H?qetjU,17,1,0
58150,H?qetiu,17,1,0
58151,H?qetjM,17,1,0
58152,H?qetim,17,1,0
58153,H?qethm,17,1,0
58154,H?qeti],17,1,0
58155,H?qetg},17,1,0
58156,H?qetjb,17,1,0
58157,H?qethr,17,1,0
58158,H?qetjJ,17,1,0
58159,H?qetij,17,1,0
58160,H?qethj,17,1,0
58161,H?qethZ,17,1,0
58162,H?qetgz,17,1,0
58163,H?qetiN,17,1,0
58164,H?qethN,17,1,0
58165,H?qetg^,17,1,0
58166,H?qetj{,18,1,0
58167,H?qetjy,18,1,0
58168,H?qetju,18,1,0
58169,H?qetjm,18,1,0
58170,H?qetj],18,1,0
58171,H?qeti},18,1,0
58172,H?qeth},18,1,0
58173,H?qetjr,18,1,0
58174,H?qetjj,18,1,0
58175,H?qetjZ,18,1,0
58176,H?qetiz,18,1,0
58177,H?qethz,18,1,0
58178,H?qetjN,18,1,0
58179,H?qethn,18,1,0
58180,H?qeti^,18,1,0
58181,H?qeth^,18,1,0
58182,H?qetj},19,1,0
58183,H?qetjz,19,1,0
58184,H?qetjn,19,1,0
58185,H?qetj^,19,1,0
58186,H?qeth~,19,1,0
58187,H?qetj~,20,1,0
58196,H?qerjY,17,1,0
58199,H?qerht,17,1,0
59820,H?qbuqu,17,1,0
60385,H?qeZpx,17,1,0
61066,H?qczpx,17,1,0
61910,H?qa|jY,17,1,0
61923,H?qa|it,17,1,0
63028,H?ovFQs,15,1,0
63041,H?ovFQu,16,1,0
63072,H?ovEou,15,1,0
63086,H?ovEqu,16,1,0
63325,H?ovDja,15,1,0
63327,H?ovDhY,15,1,0
63339,H?ovDji,16,1,0
63340,H?ovDjY,16,1,0
63489,H?ovCxi,15,1,0
63505,H?ovCzi,16,1,0
63590,H?ov@zi,16,1,0
63644,H?ovFE{,16,1,0
63767,H?ovEU{,16,1,0
63805,H?ovDT{,16,1,0
63858,H?ovCtu,16,1,0
64078,H?ovCni,16,1,0
64160,H?ov@ni,16,1,0
64161,H?ov@nY,16,1,0
64498,H?ovFU{,17,1,0
64861,H?ouVAt,15,1,0
64888,H?ouTas,14,0,1
64889,H?ouT`s,14,1,0
64903,H?ouT`d,14,1,0
64927,H?ouTat,15,0,1
64928,H?ouT`t,15,1,0
64964,H?ouPjo,14,0,1
64965,H?ouPjg,14,0,1
64966,H?ouPiw,14,0,1
64967,H?ouPjK,14,0,1
64968,H?ouPik,14,0,1
64969,H?ouPii,14,0,1
64970,H?ouPgy,14,0,1
64971,H?ouPiM,14,0,1
64972,H?ouPgm,14,0,1
64973,H?ouPgN,14,0,1
64974,H?ouPjw,15,0,1
64975,H?ouPjk,15,0,1
64976,H?ouPji,15,0,1
64977,H?ouPiy,15,0,1
64978,H?ouPjM,15,0,1
64979,H?ouPim,15,0,1
64980,H?ouPg},15,0,1
64981,H?ouPiN,15,0,1
64982,H?ouPj{,16,0,1
64983,H?ouPjy,16,0,1
64984,H?ouPjm,16,0,1
64985,H?ouPi},16,0,1
64986,H?ouPjN,16,0,1
64987,H?ouPin,16,0,1
64988,H?ouPj},17,0,1
64989,H?ouPjn,17,0,1
64990,H?ouPj~,18,0,1
65039,H?ouVJY,16,1,0
65062,H?ouTjK,15,1,0
65063,H?ouThk,15,1,0
65064,H?ouTg{,15,1,0
65065,H?ouThi,15,1,0
65066,H?ouTgy,15,1,0
65067,H?ouTiM,15,1,0
65068,H?ouThM,15,1,0
65069,H?ouTgm,15,1,0
65070,H?ouTjw,16,1,0
65071,H?ouTjs,16,1,0
65072,H?ouTjk,16,1,0
65073,H?ouTi{,16,1,0
65074,H?ouTh{,16,1,0
65075,H?ouTji,16,1,0
65076,H?ouTiy,16,1,0
65077,H?ouThy,16,1,0
65078,H?ouTjM,16,1,0
65079,H?ouTim,16,1,0
65080,H?ouThm,16,1,0
65081,H?ouTg},16,1,0
65082,H?ouTjp,16,1,0
65083,H?ouTjh,16,1,0
65084,H?ouTjd,16,1,0
65085,H?ouTit,16,0,1
65086,H?ouTht,16,1,0
65087,H?ouTjL,16,1,0
65088,H?ouTil,16,1,0
65089,H?ouThl,16,1,0
65090,H?ouTjJ,16,1,0
65091,H?ouTiN,16,1,0
65092,H?ouThN,16,1,0
65093,H?ouTj{,17,1,0
65094,H?ouTjy,17,1,0
65095,H?ouTjm,17,1,0
65096,H?ouTi},17,1,0
65097,H?ouTh},17,1,0
65098,H?ouTjx,17,1,0
65099,H?ouTjt,17,1,0
65100,H?ouTjl,17,1,0
65101,H?ouTi|,17,1,0
65102,H?ouTh|,17,1,0
65103,H?ouTjj,17,1,0
65104,H?ouTiz,17,1,0
65105,H?ouThz,17,1,0
65106,H?ouTjN,17,1,0
65107,H?ouTin,17,1,0
65108,H?ouThn,17,1,0
65109,H?ouTg~,17,1,0
65110,H?ouTj},18,1,0
65111,H?ouTj|,18,1,0
65112,H?ouTjz,18,1,0
65113,H?ouTjn,18,1,0
65114,H?ouTi~,18,1,0
65115,H?ouTh~,18,1,0
65116,H?ouTj~,19,1,0
65142,H?ouPzi,16,1,0
65165,H?ouUVs,16,1,0
65177,H?ouTVs,16,1,0
65180,H?ouTT{,16,1,0
65187,H?ouTUt,16,1,0
65188,H?ouTTt,16,1,0
65225,H?ouPut,16,1,0
65252,H?ouP]t,16,1,0
65360,H?ouVVs,17,1,0
65479,H?otU`S,13,1,0
65485,H?otU`s,14,1,0
65512,H?otU_t,14,1,0
65557,H?otU`t,15,1,0
65648,H?otT`t,15,1,0
65675,H?otR`s,14,1,0
65749,H?otR`t,15,1,0
65813,H?otQjo,14,1,0
65814,H?otQjg,14,1,0
65815,H?otQjW,14,1,0
65816,H?otQiw,14,1,0
65817,H?otQhw,14,1,0
65818,H?otQjK,14,1,0
65819,H?otQik,14,1,0
65820,H?otQhk,14,1,0
65821,H?otQi[,14,1,0
65822,H?otQhi,14,1,0
65823,H?otQjE,14,1,0
65824,H?otQie,14,1,0
65825,H?otQhe,14,1,0
65826,H?otQiU,14,1,0
65827,H?otQiM,14,1,0
65828,H?otQhM,14,1,0
65829,H?otQgm,14,1,0
65830,H?otQg],14,1,0
65831,H?otQgN,14,1,0
65832,H?otQjw,15,1,0
65833,H?otQjk,15,1,0
65834,H?otQj[,15,1,0
65835,H?otQji,15,1,0
65836,H?otQjY,15,1,0
65837,H?otQhy,15,1,0
65838,H?otQje,15,1,0
65839,H?otQjU,15,1,0
65840,H?otQiu,15,1,0
65841,H?otQjM,15,1,0
65842,H?otQim,15,1,0
65843,H?otQhm,15,1,0
65844,H?otQi],15,1,0
65845,H?otQh],15,1,0
65846,H?otQg},15,1,0
65847,H?otQiN,15,1,0
65848,H?otQhN,15,1,0
65849,H?otQj{,16,1,0
65850,H?otQjy,16,1,0
65851,H?otQju,16,1,0
65852,H?otQjm,16,1,0
65853,H?otQj],16,1,0
65854,H?otQi},16,1,0
65855,H?otQh},16,1,0
65856,H?otQjN,16,1,0
65857,H?otQhn,16,1,0
65858,H?otQi^,16,1,0
65859,H?otQj},17,1,0
65860,H?otQjn,17,1,0
65861,H?otQj^,17,1,0
65862,H?otQj~,18,1,0
65956,H?otUqu,16,1,0
65957,H?otUpu,16,1,0
65969,H?otUpt,16,1,0
66112,H?otUhi,15,1,0
66128,H?otUji,16,1,0
66204,H?otTji,16,1,0
66205,H?otTjY,16,1,0
66243,H?otRjW,15,1,0
66244,H?otRiw,15,1,0
66245,H?otRik,15,1,0
66246,H?otRiY,15,1,0
66247,H?otRhY,15,1,0
66248,H?otRjE,15,1,0
66249,H?otRiU,15,1,0
66250,H?otRhU,15,1,0
66251,H?otRiM,15,1,0
66252,H?otRhM,15,1,0
66253,H?otRgm,15,1,0
66254,H?otRg],15,1,0
66255,H?otRjw,16,1,0
66256,H?otRjs,16,1,0
66257,H?otRjk,16,1,0
66258,H?otRj[,16,1,0
66259,H?otRi{,16,1,0
66260,H?otRh{,16,1,0
66261,H?otRjq,16,1,0
66262,H?otRji,16,1,0
66263,H?otRjY,16,1,0
66264,H?otRiy,16,1,0
66265,H?otRhy,16,1,0
66266,H?otRje,16,1,0
66267,H?otRjU,16,1,0
66268,H?otRiu,16,1,0
66269,H?otRhu,16,1,0
66270,H?otRjM,16,1,0
66271,H?otRim,16,1,0
66272,H?otRhm,16,1,0
66273,H?otRi],16,1,0
66274,H?otRh],16,1,0
66275,H?otRg},16,1,0
66276,H?otRjp,16,1,0
66277,H?otRjh,16,1,0
66278,H?otRix,16,1,0
66279,H?otRjd,16,1,0
66280,H?otRjT,16,1,0
66281,H?otRit,16,1,0
66282,H?otRht,16,1,0
66283,H?otRjL,16,1,0
66284,H?otRil,16,1,0
66285,H?otRhl,16,1,0
66286,H?otRi\,16,1,0
66287,H?otRjb,16,1,0
66288,H?otRir,16,1,0
66289,H?otRij,16,1,0
66290,H?otRjF,16,1,0
66291,H?otRif,16,1,0
66292,H?otRhf,16,1,0
66293,H?otRiV,16,1,0
66294,H?otRiN,16,1,0
66295,H?otRgn,16,1,0
66296,H?otRj{,17,1,0
66297,H?otRjy,17,1,0
66298,H?otRju,17,1,0
66299,H?otRjm,17,1,0
66300,H?otRj],17,1,0
66301,H?otRi},17,1,0
66302,H?otRh},17,1,0
66303,H?otRjx,17,1,0
66304,H?otRjt,17,1,0
66305,H?otRjl,17,1,0
66306,H?otRj\,17,1,0
66307,H?otRi|,17,1,0
66308,H?otRh|,17,1,0
66309,H?otRjr,17,1,0
66310,H?otRjj,17,1,0
66311,H?otRjZ,17,1,0
66312,H?otRiz,17,1,0
66313,H?otRhz,17,1,0
66314,H?otRjf,17,1,0
66315,H?otRjV,17,1,0
66316,H?otRiv,17,1,0
66317,H?otRhv,17,1,0
66318,H?otRjN,17,1,0
66319,H?otRin,17,1,0
66320,H?otRhn,17,1,0
66321,H?otRi^,17,1,0
66322,H?otRh^,17,1,0
66323,H?otRg~,17,1,0
66324,H?otRj},18,1,0
66325,H?otRj|,18,1,0
66326,H?otRjz,18,1,0
66327,H?otRjv,18,1,0
66328,H?otRjn,18,1,0
66329,H?otRj^,18,1,0
66330,H?otRi~,18,1,0
66331,H?otRh~,18,1,0
66332,H?otRj~,19,1,0
66390,H?otQzi,16,1,0
66429,H?otTVs,16,1,0
66449,H?otRVs,16,1,0
66454,H?otRUu,16,1,0
66485,H?otStu,16,1,0
66516,H?otQuu,16,1,0
66562,H?otPtt,16,1,0
66658,H?otQni,16,1,0
66712,H?otPlt,16,1,0
66936,H?otVVs,17,1,0
67508,H?opvQu,16,1,0
67648,H?optji,16,1,0
68209,H?ovfQu,17,1,0
68590,H?ovVQu,17,1,0
68623,H?ovUqu,17,1,0
68683,H?ovTqt,17,1,0
68684,H?ovTpt,17,1,0
68788,H?ovUji,17,1,0
68794,H?ovUit,17,1,0
68840,H?ovTjw,17,1,0
68841,H?ovTjk,17,1,0
68842,H?ovTj[,17,1,0
68843,H?ovTji,17,1,0
68844,H?ovTjY,17,1,0
68845,H?ovTiy,17,1,0
68846,H?ovTjb,17,1,0
68847,H?ovTjR,17,1,0
68848,H?ovTjJ,17,1,0
68849,H?ovTij,17,1,0
68850,H?ovThj,17,1,0
68851,H?ovTiZ,17,1,0
68852,H?ovThZ,17,1,0
68853,H?ovTgz,17,1,0
68854,H?ovTiN,17,1,0
68855,H?ovThN,17,1,0
68856,H?ovTj{,18,1,0
68857,H?ovTjy,18,1,0
68858,H?ovTju,18,1,0
68859,H?ovTjm,18,1,0
68860,H?ovTj],18,1,0
68861,H?ovTi},18,1,0
68862,H?ovTh},18,1,0
68863,H?ovTjr,18,1,0
68864,H?ovTjj,18,1,0
68865,H?ovTjZ,18,1,0
68866,H?ovTiz,18,1,0
68867,H?ovThz,18,1,0
68868,H?ovTjN,18,1,0
68869,H?ovTin,18,1,0
68870,H?ovThn,18,1,0
68871,H?ovTh^,18,1,0
68872,H?ovTj},19,1,0
68873,H?ovTjz,19,1,0
68874,H?ovTjn,19,1,0
68875,H?ovTj^,19,1,0
68876,H?ovTj~,20,1,0
68880,H?ovPzi,17,1,0
68892,H?ovPyt,17,1,0
68963,H?ovVji,18,1,0
69678,H?ou^Qu,17,1,0
69985,H?ot^Qu,17,1,0
69986,H?ot^Pu,17,1,0
70040,H?ot]qu,17,1,0
70041,H?ot]pu,17,1,0
70049,H?ot]rX,17,1,0
72439,H?rfMrX,18,1,0
73724,H?qvEU{,17,1,0
73799,H?qvBU{,17,1,0
74837,H?qtdji,17,1,0
75351,H?qrfQu,17,1,0
75560,H?qrdji,17,1,0
75562,H?qrdhy,17,1,0
75662,H?qreXu,17,1,0
75700,H?qrdXY,16,1,0
75710,H?qrdXy,17,1,0
75979,H?qrdxy,18,1,0
77981,H?qvMrX,18,1,0
78571,H?qtnRs,18,1,0
78572,H?qtnRk,18,1,0
78573,H?qtnR[,18,1,0
78574,H?qtnQ{,18,1,0
78575,H?qtnP{,18,1,0
78576,H?qtnRU,18,1,0
78577,H?qtnPu,18,1,0
78578,H?qtnRM,18,1,0
78579,H?qtnQ],18,1,0
78580,H?qtnP],18,1,0
78581,H?qtnRp,18,1,0
78582,H?qtnRh,18,1,0
78583,H?qtnRX,18,1,0
78584,H?qtnQx,18,1,0
78585,H?qtnPx,18,1,0
78586,H?qtnRd,18,1,0
78587,H?qtnRT,18,1,0
78588,H?qtnQt,18,1,0
78589,H?qtnPt,18,1,0
78590,H?qtnRL,18,1,0
78591,H?qtnQl,18,1,0
78592,H?qtnPl,18,1,0
78593,H?qtnQ\,18,1,0
78594,H?qtnP\,18,1,0
78595,H?qtnO|,18,1,0
78596,H?qtnRF,18,1,0
78597,H?qtnPf,18,1,0
78598,H?qtnPV,18,1,0
78599,H?qtnOv,18,1,0
78600,H?qtnQN,18,1,0
78601,H?qtnPN,18,1,0
78602,H?qtnOn,18,1,0
78603,H?qtnO^,18,1,0
78604,H?qtnR{,19,1,0
78605,H?qtnRu,19,1,0
78606,H?qtnRm,19,1,0
78607,H?qtnR],19,1,0
78608,H?qtnQ},19,1,0
78609,H?qtnP},19,1,0
78610,H?qtnRx,19,1,0
78611,H?qtnRt,19,1,0
78612,H?qtnRl,19,1,0
78613,H?qtnR\,19,1,0
78614,H?qtnQ|,19,1,0
78615,H?qtnP|,19,1,0
78616,H?qtnRf,19,1,0
78617,H?qtnRV,19,1,0
78618,H?qtnQv,19,1,0
78619,H?qtnPv,19,1,0
78620,H?qtnRN,19,1,0
78621,H?qtnQn,19,1,0
78622,H?qtnPn,19,1,0
78623,H?qtnQ^,19,1,0
78624,H?qtnP^,19,1,0
78625,H?qtnO~,19,1,0
78626,H?qtnR},20,1,0
78627,H?qtnR|,20,1,0
78628,H?qtnRv,20,1,0
78629,H?qtnRn,20,1,0
78630,H?qtnR^,20,1,0
78631,H?qtnQ~,20,1,0
78632,H?qtnP~,20,1,0
78633,H?qtnR~,21,1,0
78667,H?qtjqu,18,1,0
78668,H?qtjpx,18,1,0
78902,H?qrnRh,18,1,0
80130,H?rLbab,15,1,0
80131,H?rLb_r,15,1,0
80147,H?rLbar,16,1,0
80183,H?rLdZq,17,1,0
80248,H?rLbfk,17,1,0
80833,H?rM^bp,18,1,0
81025,H?qnBdr,17,1,0
81314,H?qmb_r,15,1,0
81363,H?qmb`r,16,1,0
81538,H?qmee{,17,1,0
81611,H?qmbfk,17,1,0
81635,H?qmbdr,17,1,0
82271,H?qjf@q,15,1,0
82296,H?qjf@r,16,1,0
82329,H?qjb`q,15,1,0
82360,H?qjb`r,16,1,0
82509,H?qjeZq,17,1,0
82510,H?qjeXu,17,1,0
82539,H?qjbZq,17,1,0
82566,H?qjcxy,17,1,0
82599,H?qjaxr,17,1,0
82637,H?qjbe[,16,1,0
82638,H?qjbfw,17,1,0
82639,H?qjbfk,17,1,0
82640,H?qjbf[,17,1,0
82641,H?qjbd{,17,1,0
82642,H?qjbfq,17,1,0
82643,H?qjbfi,17,1,0
82644,H?qjbfY,17,1,0
82645,H?qjbey,17,1,0
82646,H?qjbdy,17,1,0
82647,H?qjbfM,17,1,0
82648,H?qjbdm,17,1,0
82649,H?qjbdr,17,1,0
82650,H?qjbdj,17,1,0
82651,H?qjbf{,18,1,0
82652,H?qjbfy,18,1,0
82653,H?qjbfm,18,1,0
82654,H?qjbf],18,1,0
82655,H?qjbd},18,1,0
82656,H?qjbfr,18,1,0
82657,H?qjbfj,18,1,0
82658,H?qjbfZ,18,1,0
82659,H?qjbez,18,1,0
82660,H?qjbdz,18,1,0
82661,H?qjbfN,18,1,0
82662,H?qjbdn,18,1,0
82663,H?qjbe^,18,1,0
82664,H?qjbd^,18,1,0
82665,H?qjbf},19,1,0
82666,H?qjbfz,19,1,0
82667,H?qjbfn,19,1,0
82668,H?qjbf^,19,1,0
82669,H?qjbd~,19,1,0
82670,H?qjbf~,20,1,0
82754,H?qjffk,18,1,0
83325,H?qnRht,18,1,0
85040,H?qj^bp,18,1,0
85833,H?o~Dji,17,1,0
85935,H?o~FE{,17,1,0
86833,H?o~Tji,18,1,0
90576,H?zVUjw,19,1,0
90577,H?zVUjk,19,1,0
90578,H?zVUji,19,1,0
90579,H?zVUjY,19,1,0
90580,H?zVUiy,19,1,0
90581,H?zVUjM,19,1,0
90582,H?zVUim,19,1,0
90583,H?zVUi],19,1,0
90584,H?zVUg},19,1,0
90585,H?zVUiN,19,1,0
90586,H?zVUgn,19,1,0
90587,H?zVUj{,20,1,0
90588,H?zVUjy,20,1,0
90589,H?zVUjm,20,1,0
90590,H?zVUj],20,1,0
90591,H?zVUi},20,1,0
90592,H?zVUjN,20,1,0
90593,H?zVUin,20,1,0
90594,H?zVUg~,20,1,0
90595,H?zVUj},21,1,0
90596,H?zVUjn,21,1,0
90597,H?zVUi~,21,1,0
90598,H?zVUj~,22,1,0
91900,HCOcaRc,11,0,1
91901,HCOcaRs,12,0,1
91902,HCOcaR{,13,0,1
91903,HCOcaRu,13,0,1
91904,HCOcaR},14,0,1
91905,HCOcaR~,15,0,1
91906,HCOce`k,12,0,1
91907,HCOce_m,12,1,0
91911,HCOce`m,13,1,0
91913,HCOce`l,13,0,1
91929,HCOcePk,12,0,1
91934,HCOceQu,13,0,1
91944,HCOcbRC,11,0,1
91945,HCOcbQc,11,0,1
91946,HCOcbQS,11,0,1
91947,HCOcbRc,12,0,1
91948,HCOcbRS,12,0,1
91949,HCOcbQs,12,0,1
91950,HCOcbRK,12,0,1
91951,HCOcbQU,12,0,1
91952,HCOcbRD,12,0,1
91953,HCOcbQd,12,0,1
91954,HCOcbQT,12,0,1
91955,HCOcbRs,13,0,1
91956,HCOcbRk,13,0,1
91957,HCOcbR[,13,0,1
91958,HCOcbRU,13,0,1
91959,HCOcbQu,13,0,1
91960,HCOcbRd,13,0,1
91961,HCOcbRT,13,0,1
91962,HCOcbQt,13,0,1
91963,HCOcbRL,13,0,1
91964,HCOcbQV,13,0,1
91965,HCOcbR{,14,0,1
91966,HCOcbRu,14,0,1
91967,HCOcbR],14,0,1
91968,HCOcbRt,14,0,1
91969,HCOcbRl,14,0,1
91970,HCOcbR\,14,0,1
91971,HCOcbRV,14,0,1
91972,HCOcbQv,14,0,1
91973,HCOcbR},15,0,1
91974,HCOcbR|,15,0,1
91975,HCOcbRv,15,0,1
91976,HCOcbR^,15,0,1
91977,HCOcbR~,16,0,1
91978,HCOccfk,13,0,1
92005,HCOcfOu,13,1,0
92011,HCOcfQu,14,1,0
92044,HCOcequ,14,1,0
92045,HCOcepm,14,1,0
92061,HCOcbZo,13,0,1
92062,HCOcbZg,13,0,1
92063,HCOcbZW,13,1,0
92064,HCOcbZQ,13,0,1
92065,HCOcbZw,14,0,1
92066,HCOcbZk,14,0,1
92067,HCOcbZq,14,0,1
92068,HCOcbZY,14,1,0
92069,HCOcbZp,14,0,1
92070,HCOcbZh,14,0,1
92071,HCOcbZX,14,0,1
92072,HCOcbZR,14,0,1
92073,HCOcbZ{,15,0,1
92074,HCOcbZy,15,0,1
92075,HCOcbZx,15,0,1
92076,HCOcbZl,15,0,1
92077,HCOcbZr,15,0,1
92078,HCOcbZZ,15,0,1
92079,HCOcbZ},16,0,1
92080,HCOcbZ|,16,0,1
92081,HCOcbZz,16,0,1
92082,HCOcbZ~,17,0,1
92083,HCOcefk,14,1,0
92119,HCOcfZY,15,1,0
92143,HCOceuu,15,1,0
92279,HCOfEou,14,1,0
92286,HCOfEqu,15,1,0
92705,HCOef@l,14,1,0
92735,HCOed`k,13,1,0
92741,HCOed`m,14,1,0
92758,HCOeeQe,13,1,0
92762,HCOeeQu,14,1,0
92777,HCOedPk,13,1,0
92788,HCOedPd,13,1,0
92818,HCOedPl,14,1,0
92861,HCOecpk,13,1,0
92868,HCOecpm,14,1,0
92886,HCOedHk,13,1,0
92888,HCOedJI,13,0,1
92891,HCOedIY,13,0,1
92905,HCOedJY,14,0,1
92916,HCOedHl,14,1,0
92948,HCOebIg,12,1,0
92949,HCOebJg,13,1,0
92950,HCOebJW,13,0,1
92951,HCOebIw,13,1,0
92952,HCOebGm,13,1,0
92953,HCOebIJ,13,1,0
92954,HCOebHJ,13,1,0
92955,HCOebJw,14,1,0
92956,HCOebI{,14,1,0
92957,HCOebJi,14,1,0
92958,HCOebJY,14,0,1
92959,HCOebIy,14,1,0
92960,HCOebIm,14,1,0
92961,HCOebHm,14,1,0
92962,HCOebJJ,14,1,0
92963,HCOebIj,14,1,0
92964,HCOebIZ,14,1,0
92965,HCOebJ{,15,1,0
92966,HCOebJy,15,1,0
92967,HCOebJm,15,1,0
92968,HCOebI},15,1,0
92969,HCOebJj,15,1,0
92970,HCOebJZ,15,1,0
92971,HCOebIz,15,1,0
92972,HCOebJ},16,1,0
92973,HCOebJz,16,1,0
92974,HCOebI~,16,1,0
92975,HCOebJ~,17,1,0
92976,HCOe`Z_,12,1,0
92977,HCOe`ZG,12,0,1
92978,HCOe`YW,12,0,1
92979,HCOe`Zo,13,1,0
92980,HCOe`Zg,13,1,0
92981,HCOe`ZW,13,0,1
92982,HCOe`Yw,13,1,0
92983,HCOe`Ys,13,1,0
92984,HCOe`Za,13,1,0
92985,HCOe`ZQ,13,0,1
92986,HCOe`Yq,13,1,0
92987,HCOe`ZI,13,0,1
92988,HCOe`Yi,13,1,0
92989,HCOe`Xi,13,1,0
92990,HCOe`YY,13,0,1
92991,HCOe`Ye,13,1,0
92992,HCOe`Xe,13,1,0
92993,HCOe`Wm,13,1,0
92994,HCOe`ZB,13,1,0
92995,HCOe`Yb,13,1,0
92996,HCOe`Xb,13,1,0
92997,HCOe`YR,13,1,0
92998,HCOe`XJ,13,0,1
92999,HCOe`Zw,14,1,0
93000,HCOe`Zs,14,1,0
93001,HCOe`Zq,14,1,0
93002,HCOe`Zi,14,1,0
93003,HCOe`ZY,14,0,1
93004,HCOe`Yy,14,1,0
93005,HCOe`Ze,14,1,0
93006,HCOe`Yu,14,1,0
93007,HCOe`Ym,14,1,0
93008,HCOe`Xm,14,1,0
93009,HCOe`Zb,14,1,0
93010,HCOe`ZR,14,1,0
93011,HCOe`Yr,14,1,0
93012,HCOe`ZJ,14,1,0
93013,HCOe`YZ,14,1,0
93014,HCOe`Z{,15,1,0
93015,HCOe`Zy,15,1,0
93016,HCOe`Zu,15,1,0
93017,HCOe`Zm,15,1,0
93018,HCOe`Y},15,1,0
93019,HCOe`Zr,15,1,0
93020,HCOe`Zj,15,1,0
93021,HCOe`ZZ,15,1,0
93022,HCOe`Yz,15,1,0
93023,HCOe`Yv,15,1,0
93024,HCOe`Z},16,1,0
93025,HCOe`Zz,16,1,0
93026,HCOe`Zv,16,1,0
93027,HCOe`Z~,17,1,0
93112,HCOeeom,14,1,0
93117,HCOeequ,15,1,0
93119,HCOeepm,15,1,0
93187,HCOefJY,15,1,0
93217,HCOedhi,14,1,0
93223,HCOedjY,15,1,0
93226,HCOedhm,15,1,0
93249,HCOedXY,14,1,0
93257,HCOedZY,15,1,0
93316,HCOebYw,14,1,0
93317,HCOebYs,14,1,0
93318,HCOebYk,14,1,0
93319,HCOebYq,14,1,0
93320,HCOebYY,14,1,0
93321,HCOebZw,15,1,0
93322,HCOebZs,15,1,0
93323,HCOebZk,15,1,0
93324,HCOebY{,15,1,0
93325,HCOebZq,15,1,0
93326,HCOebZi,15,1,0
93327,HCOebZY,15,1,0
93328,HCOebYy,15,1,0
93329,HCOebZe,15,1,0
93330,HCOebYu,15,1,0
93331,HCOebYm,15,1,0
93332,HCOebXm,15,1,0
93333,HCOebZp,15,1,0
93334,HCOebZh,15,1,0
93335,HCOebZX,15,1,0
93336,HCOebYx,15,1,0
93337,HCOebZd,15,1,0
93338,HCOebYt,15,1,0
93339,HCOebYl,15,1,0
93340,HCOebXl,15,0,1
93341,HCOebZb,15,1,0
93342,HCOebZR,15,1,0
93343,HCOebYr,15,1,0
93344,HCOebZJ,15,1,0
93345,HCOebYj,15,1,0
93346,HCOebYZ,15,1,0
93347,HCOebYf,15,1,0
93348,HCOebXf,15,1,0
93349,HCOebZ{,16,1,0
93350,HCOebZy,16,1,0
93351,HCOebZu,16,1,0
93352,HCOebZm,16,1,0
93353,HCOebY},16,1,0
93354,HCOebZx,16,1,0
93355,HCOebZt,16,1,0
93356,HCOebZl,16,1,0
93357,HCOebY|,16,1,0
93358,HCOebZr,16,1,0
93359,HCOebZj,16,1,0
93360,HCOebZZ,16,1,0
93361,HCOebYz,16,1,0
93362,HCOebZf,16,1,0
93363,HCOebYv,16,1,0
93364,HCOebYn,16,1,0
93365,HCOebXn,16,1,0
93366,HCOebZ},17,1,0
93367,HCOebZ|,17,1,0
93368,HCOebZz,17,1,0
93369,HCOebZv,17,1,0
93370,HCOebZn,17,1,0
93371,HCOebY~,17,1,0
93372,HCOebZ~,18,1,0
93404,HCOeefk,15,1,0
93405,HCOeee{,15,1,0
93430,HCOeeU{,15,1,0
93449,HCOecvk,15,1,0
93469,HCOedNY,15,1,0
93523,HCOe`^Y,15,1,0
93582,HCOefZY,16,1,0
93616,HCOedzY,16,1,0
94008,HCOfbZY,16,1,0
94018,HCOfbXl,16,1,0
94278,HCOethk,15,1,0
94279,HCOetjw,16,1,0
94280,HCOetjk,16,1,0
94281,HCOetjq,16,1,0
94282,HCOetjY,16,1,0
94283,HCOetje,16,1,0
94284,HCOetiu,16,1,0
94285,HCOethm,16,1,0
94286,HCOetjb,16,1,0
94287,HCOetjR,16,1,0
94288,HCOetjJ,16,1,0
94289,HCOethj,16,1,0
94290,HCOetj{,17,1,0
94291,HCOetjy,17,1,0
94292,HCOetju,17,1,0
94293,HCOetjm,17,1,0
94294,HCOetjr,17,1,0
94295,HCOetjj,17,1,0
94296,HCOetjZ,17,1,0
94297,HCOethn,17,1,0
94298,HCOetj},18,1,0
94299,HCOetjz,18,1,0
94300,HCOetjn,18,1,0
94301,HCOetj~,19,1,0
94317,HCOevjY,17,1,0
94525,HCQ`fQq,14,1,0
94536,HCQ`fQu,15,1,0
94581,HCQ`equ,15,1,0
94655,HCQ`djY,15,1,0
94656,HCQ`dhy,15,1,0
94722,HCQ`fYu,16,1,0
94913,HCQfAYU,14,1,0
94928,HCQfAYu,15,1,0
95176,HCQfEqu,16,1,0
95354,HCQfBqu,16,1,0
95489,HCQfDhy,16,1,0
95491,HCQfDhm,16,1,0
95685,HCQfBYu,16,1,0
95987,HCQfEUu,16,1,0
96120,HCQf@nY,16,1,0
96861,HCQebQs,14,1,0
96897,HCQebQu,15,1,0
97107,HCQebqe,15,1,0
97123,HCQebqu,16,1,0
97277,HCQebYq,15,1,0
97288,HCQebZY,16,1,0
97299,HCQebXl,16,1,0
97374,HCQeefk,16,1,0
97401,HCQeddm,16,1,0
97432,HCQeeUu,16,1,0
97901,HCQdb`l,15,1,0
97944,HCQdbPS,13,1,0
97945,HCQdbRo,14,1,0
97946,HCQdbRg,14,1,0
97947,HCQdbRW,14,1,0
97948,HCQdbPw,14,1,0
97949,HCQdbRc,14,1,0
97950,HCQdbRS,14,1,0
97951,HCQdbQs,14,0,1
97952,HCQdbPs,14,1,0
97953,HCQdbRK,14,1,0
97954,HCQdbPk,14,1,0
97955,HCQdbP[,14,1,0
97956,HCQdbRa,14,1,0
97957,HCQdbRQ,14,1,0
97958,HCQdbQq,14,0,1
97959,HCQdbPq,14,1,0
97960,HCQdbRI,14,1,0
97961,HCQdbPi,14,1,0
97962,HCQdbPY,14,1,0
97963,HCQdbQe,14,0,1
97964,HCQdbPe,14,1,0
97965,HCQdbPM,14,1,0
97966,HCQdbR`,14,1,0
97967,HCQdbRP,14,1,0
97968,HCQdbQp,14,1,0
97969,HCQdbPp,14,1,0
97970,HCQdbRH,14,1,0
97971,HCQdbRD,14,1,0
97972,HCQdbQd,14,1,0
97973,HCQdbQT,14,1,0
97974,HCQdbPT,14,1,0
97975,HCQdbOt,14,1,0
97976,HCQdbPL,14,1,0
97977,HCQdbRB,14,1,0
97978,HCQdbQb,14,1,0
97979,HCQdbPb,14,1,0
97980,HCQdbQR,14,1,0
97981,HCQdbPR,14,1,0
97982,HCQdbOr,14,1,0
97983,HCQdbPJ,14,1,0
97984,HCQdbQF,14,1,0
97985,HCQdbPF,14,1,0
97986,HCQdbOf,14,1,0
97987,HCQdbOV,14,1,0
97988,HCQdbRw,15,1,0
97989,HCQdbRs,15,1,0
97990,HCQdbRk,15,1,0
97991,HCQdbR[,15,1,0
97992,HCQdbP{,15,1,0
97993,HCQdbRq,15,1,0
97994,HCQdbRi,15,1,0
97995,HCQdbRY,15,1,0
97996,HCQdbPy,15,1,0
97997,HCQdbRe,15,1,0
97998,HCQdbRU,15,1,0
97999,HCQdbQu,15,0,1
98000,HCQdbPu,15,1,0
98001,HCQdbRM,15,1,0
98002,HCQdbPm,15,1,0
98003,HCQdbP],15,1,0
98004,HCQdbRp,15,1,0
98005,HCQdbRh,15,1,0
98006,HCQdbRX,15,1,0
98007,HCQdbPx,15,1,0
98008,HCQdbRd,15,1,0
98009,HCQdbRT,15,1,0
98010,HCQdbQt,15,1,0
98011,HCQdbPt,15,1,0
98012,HCQdbRL,15,1,0
98013,HCQdbPl,15,1,0
98014,HCQdbP\,15,1,0
98015,HCQdbRb,15,1,0
98016,HCQdbRR,15,1,0
98017,HCQdbQr,15,1,0
98018,HCQdbPr,15,1,0
98019,HCQdbRJ,15,1,0
98020,HCQdbPj,15,1,0
98021,HCQdbPZ,15,1,0
98022,HCQdbRF,15,1,0
98023,HCQdbQf,15,1,0
98024,HCQdbPf,15,1,0
98025,HCQdbQV,15,1,0
98026,HCQdbPV,15,1,0
98027,HCQdbOv,15,1,0
98028,HCQdbPN,15,1,0
98029,HCQdbR{,16,1,0
98030,HCQdbRy,16,1,0
98031,HCQdbRu,16,1,0
98032,HCQdbRm,16,1,0
98033,HCQdbR],16,1,0
98034,HCQdbP},16,1,0
98035,HCQdbRx,16,1,0
98036,HCQdbRt,16,1,0
98037,HCQdbRl,16,1,0
98038,HCQdbR\,16,1,0
98039,HCQdbP|,16,1,0
98040,HCQdbRr,16,1,0
98041,HCQdbRj,16,1,0
98042,HCQdbRZ,16,1,0
98043,HCQdbPz,16,1,0
98044,HCQdbRf,16,1,0
98045,HCQdbRV,16,1,0
98046,HCQdbQv,16,1,0
98047,HCQdbPv,16,1,0
98048,HCQdbRN,16,1,0
98049,HCQdbPn,16,1,0
98050,HCQdbP^,16,1,0
98051,HCQdbR},17,1,0
98052,HCQdbR|,17,1,0
98053,HCQdbRz,17,1,0
98054,HCQdbRv,17,1,0
98055,HCQdbRn,17,1,0
98056,HCQdbR^,17,1,0
98057,HCQdbP~,17,1,0
98058,HCQdbR~,18,1,0
98068,HCQdapk,14,1,0
98072,HCQdaqe,14,0,1
98076,HCQdaph,14,1,0
98094,HCQdaqu,15,0,1
98104,HCQdapl,15,1,0
98155,HCQdbHl,15,1,0
98183,HCQd`jY,15,1,0
98192,HCQdbqs,15,1,0
98194,HCQdbqq,15,1,0
98209,HCQdbqu,16,1,0
98220,HCQdbpl,16,1,0
98260,HCQddhy,16,1,0
98309,HCQdbZo,15,1,0
98310,HCQdbZg,15,1,0
98311,HCQdbZa,15,1,0
98312,HCQdbZI,15,1,0
98313,HCQdbYe,15,1,0
98314,HCQdbZw,16,1,0
98315,HCQdbZs,16,1,0
98316,HCQdbZk,16,1,0
98317,HCQdbZ[,16,1,0
98318,HCQdbX{,16,1,0
98319,HCQdbZq,16,1,0
98320,HCQdbZi,16,1,0
98321,HCQdbZY,16,1,0
98322,HCQdbZe,16,1,0
98323,HCQdbYu,16,1,0
98324,HCQdbZd,16,1,0
98325,HCQdbYt,16,1,0
98326,HCQdbXt,16,1,0
98327,HCQdbXl,16,1,0
98328,HCQdbYf,16,1,0
98329,HCQdbZ{,17,1,0
98330,HCQdbZy,17,1,0
98331,HCQdbZu,17,1,0
98332,HCQdbZm,17,1,0
98333,HCQdbZx,17,1,0
98334,HCQdbZt,17,1,0
98335,HCQdbZl,17,1,0
98336,HCQdbZ\,17,1,0
98337,HCQdbX|,17,1,0
98338,HCQdbZr,17,1,0
98339,HCQdbZj,17,1,0
98340,HCQdbZZ,17,1,0
98341,HCQdbZf,17,1,0
98342,HCQdbYv,17,1,0
98343,HCQdbZ},18,1,0
98344,HCQdbZ|,18,1,0
98345,HCQdbZz,18,1,0
98346,HCQdbZv,18,1,0
98347,HCQdbZn,18,1,0
98348,HCQdbZ~,19,1,0
98362,HCQdfDl,16,1,0
98396,HCQddfk,16,1,0
98397,HCQddd{,16,1,0
98398,HCQdddm,16,1,0
98424,HCQdeUu,16,1,0
98427,HCQdeTl,16,1,0
98453,HCQddL{,16,1,0
98455,HCQddNY,16,1,0
98574,HCQdbyu,17,1,0
98893,HCQbeqe,15,1,0
98909,HCQbequ,16,1,0
99048,HCQbbqs,15,1,0
99063,HCQbbqu,16,1,0
99149,HCQbdjI,15,1,0
99157,HCQbdjY,16,1,0
99159,HCQbdhy,16,1,0
99261,HCQbdXy,16,1,0
99421,HCQbddm,16,1,0
99458,HCQbbe{,16,1,0
99807,HCQbdNY,16,1,0
100116,HCQbbu{,17,1,0
100316,HCQeRad,14,1,0
100343,HCQeRat,15,1,0
100390,HCQeRJY,15,1,0
100440,HCQeVat,16,1,0
100476,HCQeVQt,16,1,0
100506,HCQeRqs,15,1,0
100523,HCQeRqu,16,1,0
100574,HCQeVJY,16,1,0
100629,HCQeUit,16,1,0
100651,HCQeTjw,16,1,0
100652,HCQeTjs,16,1,0
100653,HCQeTjk,16,1,0
100654,HCQeTj[,16,1,0
100655,HCQeTh{,16,1,0
100656,HCQeTjq,16,1,0
100657,HCQeTji,16,1,0
100658,HCQeTjY,16,1,0
100659,HCQeThy,16,1,0
100660,HCQeTje,16,1,0
100661,HCQeTjU,16,1,0
100662,HCQeTiu,16,1,0
100663,HCQeThu,16,1,0
100664,HCQeTjM,16,1,0
100665,HCQeThm,16,1,0
100666,HCQeTh],16,1,0
100667,HCQeThx,16,1,0
100668,HCQeTjd,16,1,0
100669,HCQeTit,16,0,1
100670,HCQeTht,16,1,0
100671,HCQeThl,16,1,0
100672,HCQeTh\,16,1,0
100673,HCQeThr,16,1,0
100674,HCQeThj,16,1,0
100675,HCQeThZ,16,1,0
100676,HCQeTif,16,1,0
100677,HCQeThf,16,1,0
100678,HCQeThV,16,1,0
100679,HCQeTgv,16,1,0
100680,HCQeThN,16,1,0
100681,HCQeTj{,17,1,0
100682,HCQeTjy,17,1,0
100683,HCQeTju,17,1,0
100684,HCQeTjm,17,1,0
100685,HCQeTj],17,1,0
100686,HCQeTh},17,1,0
100687,HCQeTjx,17,1,0
100688,HCQeTjt,17,1,0
100689,HCQeTjl,17,1,0
100690,HCQeTj\,17,1,0
100691,HCQeTh|,17,1,0
100692,HCQeTjr,17,1,0
100693,HCQeTjj,17,1,0
100694,HCQeTjZ,17,1,0
100695,HCQeThz,17,1,0
100696,HCQeTjf,17,1,0
100697,HCQeTjV,17,1,0
100698,HCQeTiv,17,1,0
100699,HCQeThv,17,1,0
100700,HCQeTjN,17,1,0
100701,HCQeThn,17,1,0
100702,HCQeTh^,17,1,0
100703,HCQeTj},18,1,0
100704,HCQeTj|,18,1,0
100705,HCQeTjz,18,1,0
100706,HCQeTjv,18,1,0
100707,HCQeTjn,18,1,0
100708,HCQeTj^,18,1,0
100709,HCQeTh~,18,1,0
100710,HCQeTj~,19,1,0
100733,HCQeRjY,16,1,0
100804,HCQeUYt,16,1,0
100833,HCQeRYu,16,1,0
100899,HCQeUVs,16,1,0
100902,HCQeUUu,16,1,0
101020,HCQePnY,16,1,0
101557,HCQbRat,15,1,0
101586,HCQbQqo,13,1,0
101587,HCQbQqc,13,1,0
101592,HCQbQqs,14,1,0
101602,HCQbQqU,14,1,0
101621,HCQbQqu,15,1,0
101683,HCQbV`m,16,1,0
101779,HCQbUqe,15,1,0
101781,HCQbUou,15,1,0
101793,HCQbUqu,16,1,0
101796,HCQbUpm,16,1,0
101839,HCQbRqU,15,1,0
101851,HCQbRqu,16,1,0
101905,HCQbVHy,16,1,0
101947,HCQbUgy,15,1,0
101964,HCQbUhy,16,1,0
101971,HCQbUhm,16,1,0
102031,HCQbTjo,15,1,0
102032,HCQbTjg,15,1,0
102033,HCQbTja,15,1,0
102034,HCQbTjQ,15,1,0
102035,HCQbTiq,15,1,0
102036,HCQbTjI,15,1,0
102037,HCQbThY,15,1,0
102038,HCQbTjE,15,1,0
102039,HCQbTiU,15,1,0
102040,HCQbThU,15,1,0
102041,HCQbThM,15,1,0
102042,HCQbTjw,16,1,0
102043,HCQbTjs,16,1,0
102044,HCQbTjk,16,1,0
102045,HCQbTj[,16,1,0
102046,HCQbTh{,16,1,0
102047,HCQbTjq,16,1,0
102048,HCQbTji,16,1,0
102049,HCQbTjY,16,1,0
102050,HCQbThy,16,1,0
102051,HCQbTje,16,1,0
102052,HCQbTjU,16,1,0
102053,HCQbTiu,16,1,0
102054,HCQbThu,16,1,0
102055,HCQbTjM,16,1,0
102056,HCQbThm,16,1,0
102057,HCQbTh],16,1,0
102058,HCQbTjp,16,1,0
102059,HCQbTjh,16,1,0
102060,HCQbTjX,16,1,0
102061,HCQbThx,16,1,0
102062,HCQbTjd,16,1,0
102063,HCQbTjT,16,1,0
102064,HCQbTit,16,0,1
102065,HCQbTht,16,1,0
102066,HCQbTjL,16,1,0
102067,HCQbThl,16,1,0
102068,HCQbTh\,16,1,0
102069,HCQbTjb,16,1,0
102070,HCQbTjJ,16,1,0
102071,HCQbThj,16,1,0
102072,HCQbTjF,16,1,0
102073,HCQbThf,16,1,0
102074,HCQbThN,16,1,0
102075,HCQbTj{,17,1,0
102076,HCQbTjy,17,1,0
102077,HCQbTju,17,1,0
102078,HCQbTjm,17,1,0
102079,HCQbTj],17,1,0
102080,HCQbTh},17,1,0
102081,HCQbTjx,17,1,0
102082,HCQbTjt,17,1,0
102083,HCQbTjl,17,1,0
102084,HCQbTj\,17,1,0
102085,HCQbTh|,17,1,0
102086,HCQbTjr,17,1,0
102087,HCQbTjj,17,1,0
102088,HCQbTjZ,17,1,0
102089,HCQbThz,17,1,0
102090,HCQbTjf,17,1,0
102091,HCQbTjV,17,1,0
102092,HCQbTiv,17,1,0
102093,HCQbThv,17,1,0
102094,HCQbTjN,17,1,0
102095,HCQbThn,17,1,0
102096,HCQbTh^,17,1,0
102097,HCQbTj},18,1,0
102098,HCQbTj|,18,1,0
102099,HCQbTjz,18,1,0
102100,HCQbTjv,18,1,0
102101,HCQbTjn,18,1,0
102102,HCQbTj^,18,1,0
102103,HCQbTh~,18,1,0
102104,HCQbTj~,19,1,0
102230,HCQbRYU,15,1,0
102240,HCQbRYu,16,1,0
102404,HCQbUet,16,1,0
102473,HCQbTdm,16,1,0
102481,HCQbTet,16,1,0
102524,HCQbRe{,16,1,0
102548,HCQbRet,16,1,0
102650,HCQbRVs,16,1,0
102651,HCQbRV[,16,1,0
102681,HCQbQvs,16,1,0
102689,HCQbQuu,16,1,0
102777,HCQbTNY,16,1,0
102784,HCQbTMt,16,1,0
102812,HCQbRN[,16,1,0
102813,HCQbRM{,16,1,0
102871,HCQbSmt,16,1,0
102935,HCQbQmt,16,1,0
103001,HCQbPnY,16,1,0
103016,HCQbPmt,16,1,0
103057,HCQbQ^s,16,1,0
103119,HCQbVhm,17,1,0
103285,HCQbRvs,17,1,0
103473,HCQbR^[,17,1,0
103636,HCQeJQq,14,1,0
103642,HCQeJPX,14,1,0
103643,HCQeJOx,14,1,0
103663,HCQeJQu,15,1,0
103671,HCQeJPx,15,1,0
103738,HCQeHox,14,1,0
103768,HCQeHpx,15,1,0
104039,HCQeJqu,16,1,0
104044,HCQeJpx,16,1,0
104111,HCQeMUu,16,1,0
106135,HCQerjY,17,1,0
106242,HCQerZY,17,1,0
106613,HCQbvat,17,1,0
106688,HCQbvQt,17,1,0
106748,HCQbuqt,17,1,0
106805,HCQbrqu,17,1,0
106840,HCQbvHy,17,1,0
106845,HCQbvIt,17,1,0
106905,HCQbtis,16,1,0
106906,HCQbtjw,17,1,0
106907,HCQbtjs,17,1,0
106908,HCQbtjk,17,1,0
106909,HCQbtjq,17,1,0
106910,HCQbthy,17,1,0
106911,HCQbtiu,17,1,0
106912,HCQbtit,17,1,0
106913,HCQbtjb,17,1,0
106914,HCQbtjR,17,1,0
106915,HCQbtir,17,1,0
106916,HCQbthr,17,1,0
106917,HCQbtjJ,17,1,0
106918,HCQbthj,17,1,0
106919,HCQbtjF,17,1,0
106920,HCQbtif,17,1,0
106921,HCQbtj{,18,1,0
106922,HCQbtjy,18,1,0
106923,HCQbtju,18,1,0
106924,HCQbtjm,18,1,0
106925,HCQbtjx,18,1,0
106926,HCQbtjt,18,1,0
106927,HCQbtjl,18,1,0
106928,HCQbtjr,18,1,0
106929,HCQbtjj,18,1,0
106930,HCQbtjZ,18,1,0
106931,HCQbthz,18,1,0
106932,HCQbtjf,18,1,0
106933,HCQbtiv,18,1,0
106934,HCQbtjN,18,1,0
106935,HCQbtj},19,1,0
106936,HCQbtj|,19,1,0
106937,HCQbtjz,19,1,0
106938,HCQbtjv,19,1,0
106939,HCQbtjn,19,1,0
106940,HCQbtj~,20,1,0
106950,HCQbuYt,17,1,0
107021,HCQbvhy,18,1,0
108050,HCQdnPx,17,1,0
108055,HCQdnPl,17,1,0
108101,HCQdmp{,17,1,0
108102,HCQdmrq,17,1,0
108103,HCQdmri,17,1,0
108104,HCQdmrY,17,1,0
108105,HCQdmpy,17,1,0
108106,HCQdmre,17,1,0
108107,HCQdmrU,17,1,0
108108,HCQdmqu,17,1,0
108109,HCQdmpu,17,1,0
108110,HCQdmrM,17,1,0
108111,HCQdmpm,17,1,0
108112,HCQdmp],17,1,0
108113,HCQdmrp,17,1,0
108114,HCQdmrh,17,1,0
108115,HCQdmpx,17,1,0
108116,HCQdmrd,17,1,0
108117,HCQdmrT,17,1,0
108118,HCQdmqt,17,1,0
108119,HCQdmpt,17,1,0
108120,HCQdmrL,17,1,0
108121,HCQdmpl,17,1,0
108122,HCQdmrb,17,1,0
108123,HCQdmrR,17,1,0
108124,HCQdmqr,17,1,0
108125,HCQdmpr,17,1,0
108126,HCQdmrJ,17,1,0
108127,HCQdmpj,17,1,0
108128,HCQdmpZ,17,1,0
108129,HCQdmrF,17,1,0
108130,HCQdmqf,17,1,0
108131,HCQdmpf,17,1,0
108132,HCQdmqV,17,1,0
108133,HCQdmpV,17,1,0
108134,HCQdmov,17,1,0
108135,HCQdmpN,17,1,0
108136,HCQdmr{,18,1,0
108137,HCQdmry,18,1,0
108138,HCQdmru,18,1,0
108139,HCQdmrm,18,1,0
108140,HCQdmr],18,1,0
108141,HCQdmp},18,1,0
108142,HCQdmrx,18,1,0
108143,HCQdmrt,18,1,0
108144,HCQdmrl,18,1,0
108145,HCQdmr\,18,1,0
108146,HCQdmp|,18,1,0
108147,HCQdmrr,18,1,0
108148,HCQdmrj,18,1,0
108149,HCQdmrZ,18,1,0
108150,HCQdmpz,18,1,0
108151,HCQdmrf,18,1,0
108152,HCQdmrV,18,1,0
108153,HCQdmqv,18,1,0
108154,HCQdmpv,18,1,0
108155,HCQdmrN,18,1,0
108156,HCQdmpn,18,1,0
108157,HCQdmp^,18,1,0
108158,HCQdmr},19,1,0
108159,HCQdmr|,19,1,0
108160,HCQdmrz,19,1,0
108161,HCQdmrv,19,1,0
108162,HCQdmrn,19,1,0
108163,HCQdmr^,19,1,0
108164,HCQdmp~,19,1,0
108165,HCQdmr~,20,1,0
108170,HCQdnHx,17,1,0
108233,HCQdmXx,17,1,0
108816,HCQR@R_,11,0,1
108817,HCQR@RO,11,0,1
108818,HCQR@RG,11,0,1
108819,HCQR@Ro,12,0,1
108820,HCQR@Rg,12,0,1
108821,HCQR@RW,12,0,1
108822,HCQR@RS,12,0,1
108823,HCQR@Ra,12,0,1
108824,HCQR@Rw,13,0,1
108825,HCQR@Rs,13,0,1
108826,HCQR@R[,13,0,1
108827,HCQR@Rq,13,0,1
108828,HCQR@Ri,13,0,1
108829,HCQR@R{,14,0,1
108830,HCQR@Ry,14,0,1
108831,HCQR@Ru,14,0,1
108832,HCQR@Rj,14,0,1
108833,HCQR@R},15,0,1
108834,HCQR@Rz,15,0,1
108835,HCQR@R~,16,0,1
108838,HCQRD`k,13,1,0
108842,HCQRD`i,13,0,1
108843,HCQRD`M,13,1,0
108859,HCQRD`m,14,1,0
108870,HCQRD`j,14,0,1
108899,HCQRDPg,12,0,1
108918,HCQRDPi,13,0,1
108930,HCQRDPb,13,0,1
108955,HCQRDPj,14,0,1
108977,HCQRBQo,12,0,1
108978,HCQRBQW,12,0,1
108979,HCQRBRo,13,0,1
108980,HCQRBRg,13,0,1
108981,HCQRBRW,13,0,1
108982,HCQRBQw,13,0,1
108983,HCQRBRS,13,0,1
108984,HCQRBQs,13,0,1
108985,HCQRBQ[,13,0,1
108986,HCQRBRa,13,0,1
108987,HCQRBRQ,13,0,1
108988,HCQRBQq,13,1,0
108989,HCQRBRI,13,0,1
108990,HCQRBQi,13,0,1
108991,HCQRBR`,13,0,1
108992,HCQRBRw,14,0,1
108993,HCQRBRs,14,0,1
108994,HCQRBR[,14,0,1
108995,HCQRBQ{,14,0,1
108996,HCQRBRq,14,0,1
108997,HCQRBRi,14,0,1
108998,HCQRBRY,14,0,1
108999,HCQRBQy,14,0,1
109000,HCQRBRU,14,0,1
109001,HCQRBQu,14,1,0
109002,HCQRBRp,14,0,1
109003,HCQRBRh,14,0,1
109004,HCQRBRX,14,0,1
109005,HCQRBRT,14,0,1
109006,HCQRBRb,14,0,1
109007,HCQRBR{,15,0,1
109008,HCQRBRy,15,0,1
109009,HCQRBRu,15,0,1
109010,HCQRBR],15,0,1
109011,HCQRBQ},15,0,1
109012,HCQRBRx,15,0,1
109013,HCQRBRt,15,0,1
109014,HCQRBR\,15,0,1
109015,HCQRBRr,15,0,1
109016,HCQRBRj,15,0,1
109017,HCQRBR},16,0,1
109018,HCQRBR|,16,0,1
109019,HCQRBRz,16,0,1
109020,HCQRBRv,16,0,1
109021,HCQRBR~,17,0,1
109025,HCQRCji,14,0,1
109077,HCQRFOu,14,1,0
109090,HCQRFQu,15,1,0
109161,HCQREpm,15,1,0
109188,HCQRDpe,14,1,0
109198,HCQRDpm,15,1,0
109233,HCQREji,15,1,0
109250,HCQRDji,15,1,0
109273,HCQRFF[,15,1,0
109274,HCQRFE{,15,1,0
109331,HCQRBUw,14,1,0
109332,HCQRBUs,14,0,1
109333,HCQRBVw,15,0,1
109334,HCQRBVs,15,0,1
109335,HCQRBV[,15,1,0
109336,HCQRBU{,15,1,0
109337,HCQRBVq,15,0,1
109338,HCQRBVi,15,0,1
109339,HCQRBVU,15,0,1
109340,HCQRBVp,15,0,1
109341,HCQRBVh,15,0,1
109342,HCQRBVX,15,0,1
109343,HCQRBUx,15,0,1
109344,HCQRBVT,15,0,1
109345,HCQRBUt,15,0,1
109346,HCQRBVb,15,0,1
109347,HCQRBVR,15,0,1
109348,HCQRBV{,16,0,1
109349,HCQRBVy,16,0,1
109350,HCQRBVu,16,0,1
109351,HCQRBVx,16,0,1
109352,HCQRBVt,16,0,1
109353,HCQRBV\,16,0,1
109354,HCQRBU|,16,0,1
109355,HCQRBVr,16,0,1
109356,HCQRBVj,16,0,1
109357,HCQRBVV,16,0,1
109358,HCQRBV},17,0,1
109359,HCQRBV|,17,0,1
109360,HCQRBVz,17,0,1
109361,HCQRBVv,17,0,1
109362,HCQRBV~,18,0,1
109471,HCQRFV[,16,1,0
109472,HCQRFU{,16,1,0
109531,HCQQT`g,12,0,1
109532,HCQQTbo,13,0,1
109533,HCQQTbg,13,0,1
109534,HCQQT`k,13,1,0
109535,HCQQT`i,13,0,1
109536,HCQQT`h,13,0,1
109537,HCQQTbw,14,0,1
109538,HCQQTbs,14,0,1
109539,HCQQTbk,14,0,1
109540,HCQQTbi,14,0,1
109541,HCQQT`m,14,1,0
109542,HCQQTbp,14,0,1
109543,HCQQTbh,14,0,1
109544,HCQQTbd,14,0,1
109545,HCQQT`l,14,0,1
109546,HCQQT`j,14,0,1
109547,HCQQTb{,15,0,1
109548,HCQQTby,15,0,1
109549,HCQQTbm,15,0,1
109550,HCQQTbx,15,0,1
109551,HCQQTbt,15,0,1
109552,HCQQTbl,15,0,1
109553,HCQQTbj,15,0,1
109554,HCQQT`n,15,0,1
109555,HCQQTb},16,0,1
109556,HCQQTb|,16,0,1
109557,HCQQTbz,16,0,1
109558,HCQQTbn,16,0,1
109559,HCQQTb~,17,0,1
109560,HCQQV_m,14,1,0
109561,HCQQVbw,15,1,0
109562,HCQQVbs,15,1,0
109563,HCQQVbk,15,1,0
109564,HCQQVa{,15,1,0
109565,HCQQVbi,15,1,0
109566,HCQQVay,15,1,0
109567,HCQQVam,15,1,0
109568,HCQQV`m,15,1,0
109569,HCQQVbp,15,1,0
109570,HCQQVbh,15,1,0
109571,HCQQVax,15,1,0
109572,HCQQVbd,15,1,0
109573,HCQQVal,15,1,0
109574,HCQQVaj,15,1,0
109575,HCQQV_n,15,1,0
109576,HCQQVb{,16,1,0
109577,HCQQVby,16,1,0
109578,HCQQVbm,16,1,0
109579,HCQQVa},16,1,0
109580,HCQQVbx,16,1,0
109581,HCQQVbt,16,1,0
109582,HCQQVbl,16,1,0
109583,HCQQVa|,16,1,0
109584,HCQQVbj,16,1,0
109585,HCQQVaz,16,1,0
109586,HCQQVan,16,1,0
109587,HCQQV`n,16,1,0
109588,HCQQVb},17,1,0
109589,HCQQVb|,17,1,0
109590,HCQQVbz,17,1,0
109591,HCQQVbn,17,1,0
109592,HCQQVa~,17,1,0
109593,HCQQVb~,18,1,0
109594,HCQQThi,14,0,1
109595,HCQQTjw,15,0,1
109596,HCQQTjs,15,0,1
109597,HCQQTji,15,1,0
109598,HCQQTjp,15,0,1
109599,HCQQTjh,15,0,1
109600,HCQQThj,15,0,1
109601,HCQQTj{,16,0,1
109602,HCQQTjy,16,0,1
109603,HCQQTjx,16,0,1
109604,HCQQTjt,16,0,1
109605,HCQQTjj,16,0,1
109606,HCQQTj},17,0,1
109607,HCQQTj|,17,0,1
109608,HCQQTjz,17,0,1
109609,HCQQTj~,18,0,1
109610,HCQQVrw,16,1,0
109611,HCQQVrk,16,1,0
109612,HCQQVre,16,1,0
109613,HCQQVr{,17,1,0
109614,HCQQVru,17,1,0
109615,HCQQVrx,17,1,0
109616,HCQQVrl,17,1,0
109617,HCQQVrf,17,1,0
109618,HCQQVr},18,1,0
109619,HCQQVr|,18,1,0
109620,HCQQVrv,18,1,0
109621,HCQQVr~,19,1,0
109622,HCQQVjw,16,1,0
109623,HCQQVjs,16,1,0
109624,HCQQVi{,16,1,0
109625,HCQQVji,16,1,0
109626,HCQQViy,16,1,0
109627,HCQQVj{,17,1,0
109628,HCQQVjy,17,1,0
109629,HCQQVi},17,1,0
109630,HCQQVjx,17,1,0
109631,HCQQVjt,17,1,0
109632,HCQQVi|,17,1,0
109633,HCQQVjj,17,1,0
109634,HCQQViz,17,1,0
109635,HCQQVj},18,1,0
109636,HCQQVj|,18,1,0
109637,HCQQVjz,18,1,0
109638,HCQQVi~,18,1,0
109639,HCQQVj~,19,1,0
109640,HCQQVz{,18,1,0
109641,HCQQVzy,18,1,0
109642,HCQQVzu,18,1,0
109643,HCQQVz},19,1,0
109644,HCQQVz|,19,1,0
109645,HCQQVzz,19,1,0
109646,HCQQVzv,19,1,0
109647,HCQQVz~,20,1,0
109648,HCQQV~},20,1,0
109649,HCQQV~~,21,1,0
109650,HCQUbRo,14,1,0
109651,HCQUbRg,14,1,0
109652,HCQUbRc,14,1,0
109653,HCQUbQs,14,1,0
109654,HCQUbR`,14,1,0
109655,HCQUbQp,14,1,0
109656,HCQUbQh,14,1,0
109657,HCQUbQd,14,1,0
109658,HCQUbPd,14,1,0
109659,HCQUbOl,14,1,0
109660,HCQUbQb,14,1,0
109661,HCQUbPb,14,0,1
109662,HCQUbOj,14,0,1
109663,HCQUbOf,14,1,0
109664,HCQUbRw,15,1,0
109665,HCQUbRs,15,1,0
109666,HCQUbRk,15,1,0
109667,HCQUbQ{,15,1,0
109668,HCQUbRq,15,1,0
109669,HCQUbRi,15,1,0
109670,HCQUbQy,15,1,0
109671,HCQUbRe,15,1,0
109672,HCQUbQu,15,1,0
109673,HCQUbQm,15,1,0
109674,HCQUbPm,15,1,0
109675,HCQUbRp,15,1,0
109676,HCQUbRh,15,1,0
109677,HCQUbQx,15,1,0
109678,HCQUbRd,15,1,0
109679,HCQUbQt,15,1,0
109680,HCQUbQl,15,1,0
109681,HCQUbPl,15,1,0
109682,HCQUbRb,15,1,0
109683,HCQUbQr,15,1,0
109684,HCQUbQj,15,1,0
109685,HCQUbPj,15,0,1
109686,HCQUbQf,15,1,0
109687,HCQUbPf,15,1,0
109688,HCQUbOn,15,1,0
109689,HCQUbR{,16,1,0
109690,HCQUbRy,16,1,0
109691,HCQUbRu,16,1,0
109692,HCQUbRm,16,1,0
109693,HCQUbQ},16,1,0
109694,HCQUbRx,16,1,0
109695,HCQUbRt,16,1,0
109696,HCQUbRl,16,1,0
109697,HCQUbQ|,16,1,0
109698,HCQUbRr,16,1,0
109699,HCQUbRj,16,1,0
109700,HCQUbQz,16,1,0
109701,HCQUbRf,16,1,0
109702,HCQUbQv,16,1,0
109703,HCQUbQn,16,1,0
109704,HCQUbPn,16,1,0
109705,HCQUbR},17,1,0
109706,HCQUbR|,17,1,0
109707,HCQUbRz,17,1,0
109708,HCQUbRv,17,1,0
109709,HCQUbRn,17,1,0
109710,HCQUbQ~,17,1,0
109711,HCQUbR~,18,1,0
109722,HCQUbHl,15,1,0
109766,HCQU`Xl,15,1,0
109770,HCQU`Xj,15,1,0
109804,HCQUfQu,16,1,0
109973,HCQUbYu,16,1,0
109982,HCQUbXl,16,1,0
109986,HCQUbXj,16,1,0
110013,HCQUbVw,16,1,0
110014,HCQUbVs,16,1,0
110015,HCQUbVk,16,1,0
110016,HCQUbU{,16,1,0
110017,HCQUbVq,16,1,0
110018,HCQUbUy,16,1,0
110019,HCQUbVe,16,1,0
110020,HCQUbUu,16,1,0
110021,HCQUbUm,16,1,0
110022,HCQUbVp,16,1,0
110023,HCQUbVh,16,1,0
110024,HCQUbUx,16,1,0
110025,HCQUbVd,16,1,0
110026,HCQUbUt,16,1,0
110027,HCQUbUl,16,1,0
110028,HCQUbTj,16,0,1
110029,HCQUbV{,17,1,0
110030,HCQUbVy,17,1,0
110031,HCQUbVu,17,1,0
110032,HCQUbVm,17,1,0
110033,HCQUbU},17,1,0
110034,HCQUbVx,17,1,0
110035,HCQUbVt,17,1,0
110036,HCQUbVl,17,1,0
110037,HCQUbU|,17,1,0
110038,HCQUbVr,17,1,0
110039,HCQUbVj,17,1,0
110040,HCQUbUz,17,1,0
110041,HCQUbVf,17,1,0
110042,HCQUbUv,17,1,0
110043,HCQUbUn,17,1,0
110044,HCQUbTn,17,1,0
110045,HCQUbV},18,1,0
110046,HCQUbV|,18,1,0
110047,HCQUbVz,18,1,0
110048,HCQUbVv,18,1,0
110049,HCQUbVn,18,1,0
110050,HCQUbU~,18,1,0
110051,HCQUbV~,19,1,0
110299,HCQTbPc,13,1,0
110300,HCQTbRo,14,1,0
110301,HCQTbRg,14,1,0
110302,HCQTbRW,14,1,0
110303,HCQTbRc,14,1,0
110304,HCQTbRS,14,1,0
110305,HCQTbQs,14,0,1
110306,HCQTbRK,14,1,0
110307,HCQTbPk,14,1,0
110308,HCQTbRa,14,1,0
110309,HCQTbRQ,14,1,0
110310,HCQTbRI,14,1,0
110311,HCQTbRE,14,1,0
110312,HCQTbQU,14,0,1
110313,HCQTbPM,14,1,0
110314,HCQTbR`,14,1,0
110315,HCQTbRP,14,1,0
110316,HCQTbQp,14,1,0
110317,HCQTbRH,14,1,0
110318,HCQTbPh,14,0,1
110319,HCQTbRD,14,1,0
110320,HCQTbQd,14,1,0
110321,HCQTbQT,14,1,0
110322,HCQTbRB,14,1,0
110323,HCQTbQb,14,1,0
110324,HCQTbPb,14,1,0
110325,HCQTbQR,14,1,0
110326,HCQTbPJ,14,1,0
110327,HCQTbQF,14,1,0
110328,HCQTbPF,14,1,0
110329,HCQTbOf,14,1,0
110330,HCQTbRw,15,1,0
110331,HCQTbRs,15,1,0
110332,HCQTbRk,15,1,0
110333,HCQTbR[,15,1,0
110334,HCQTbRq,15,1,0
110335,HCQTbRi,15,1,0
110336,HCQTbRY,15,1,0
110337,HCQTbRe,15,1,0
110338,HCQTbRU,15,1,0
110339,HCQTbQu,15,0,1
110340,HCQTbRM,15,1,0
110341,HCQTbPm,15,1,0
110342,HCQTbRp,15,1,0
110343,HCQTbRh,15,1,0
110344,HCQTbRX,15,1,0
110345,HCQTbRd,15,1,0
110346,HCQTbRT,15,1,0
110347,HCQTbQt,15,1,0
110348,HCQTbRL,15,1,0
110349,HCQTbPl,15,1,0
110350,HCQTbRb,15,1,0
110351,HCQTbRR,15,1,0
110352,HCQTbQr,15,1,0
110353,HCQTbRJ,15,1,0
110354,HCQTbPj,15,1,0
110355,HCQTbRF,15,1,0
110356,HCQTbQf,15,1,0
110357,HCQTbPf,15,1,0
110358,HCQTbQV,15,1,0
110359,HCQTbPN,15,1,0
110360,HCQTbR{,16,1,0
110361,HCQTbRy,16,1,0
110362,HCQTbRu,16,1,0
110363,HCQTbRm,16,1,0
110364,HCQTbR],16,1,0
110365,HCQTbRx,16,1,0
110366,HCQTbRt,16,1,0
110367,HCQTbRl,16,1,0
110368,HCQTbR\,16,1,0
110369,HCQTbRr,16,1,0
110370,HCQTbRj,16,1,0
110371,HCQTbRZ,16,1,0
110372,HCQTbRf,16,1,0
110373,HCQTbRV,16,1,0
110374,HCQTbQv,16,1,0
110375,HCQTbRN,16,1,0
110376,HCQTbPn,16,1,0
110377,HCQTbR},17,1,0
110378,HCQTbR|,17,1,0
110379,HCQTbRz,17,1,0
110380,HCQTbRv,17,1,0
110381,HCQTbRn,17,1,0
110382,HCQTbR^,17,1,0
110383,HCQTbR~,18,1,0
110391,HCQTbHh,14,1,0
110395,HCQTbHJ,14,1,0
110414,HCQTbHl,15,1,0
110418,HCQTbHj,15,1,0
110446,HCQTaZo,14,1,0
110447,HCQTaZa,14,1,0
110448,HCQTaYq,14,0,1
110449,HCQTaXi,14,1,0
110450,HCQTaXe,14,1,0
110451,HCQTaZ`,14,1,0
110452,HCQTaYp,14,1,0
110453,HCQTaXh,14,1,0
110454,HCQTaYb,14,1,0
110455,HCQTaXb,14,1,0
110456,HCQTaWf,14,1,0
110457,HCQTaZw,15,1,0
110458,HCQTaZs,15,1,0
110459,HCQTaZk,15,1,0
110460,HCQTaZq,15,1,0
110461,HCQTaZi,15,1,0
110462,HCQTaZe,15,1,0
110463,HCQTaYu,15,0,1
110464,HCQTaXm,15,1,0
110465,HCQTaZp,15,1,0
110466,HCQTaZh,15,1,0
110467,HCQTaZd,15,1,0
110468,HCQTaYt,15,1,0
110469,HCQTaXl,15,1,0
110470,HCQTaZb,15,1,0
110471,HCQTaYr,15,1,0
110472,HCQTaXj,15,1,0
110473,HCQTaYf,15,1,0
110474,HCQTaXf,15,1,0
110475,HCQTaZ{,16,1,0
110476,HCQTaZy,16,1,0
110477,HCQTaZu,16,1,0
110478,HCQTaZm,16,1,0
110479,HCQTaZx,16,1,0
110480,HCQTaZt,16,1,0
110481,HCQTaZl,16,1,0
110482,HCQTaZr,16,1,0
110483,HCQTaZj,16,1,0
110484,HCQTaZf,16,1,0
110485,HCQTaYv,16,1,0
110486,HCQTaXn,16,1,0
110487,HCQTaZ},17,1,0
110488,HCQTaZ|,17,1,0
110489,HCQTaZz,17,1,0
110490,HCQTaZv,17,1,0
110491,HCQTaZn,17,1,0
110492,HCQTaZ~,18,1,0
110535,HCQTequ,16,1,0
110555,HCQTbZo,15,1,0
110556,HCQTbZW,15,1,0
110557,HCQTbZQ,15,1,0
110558,HCQTbYq,15,1,0
110559,HCQTbZI,15,1,0
110560,HCQTbXi,15,1,0
110561,HCQTbZE,15,1,0
110562,HCQTbXM,15,1,0
110563,HCQTbZw,16,1,0
110564,HCQTbZs,16,1,0
110565,HCQTbZk,16,1,0
110566,HCQTbZ[,16,1,0
110567,HCQTbZq,16,1,0
110568,HCQTbZi,16,1,0
110569,HCQTbZY,16,1,0
110570,HCQTbZe,16,1,0
110571,HCQTbZU,16,1,0
110572,HCQTbYu,16,1,0
110573,HCQTbZM,16,1,0
110574,HCQTbXm,16,1,0
110575,HCQTbZp,16,1,0
110576,HCQTbZh,16,1,0
110577,HCQTbZX,16,1,0
110578,HCQTbZd,16,1,0
110579,HCQTbZT,16,1,0
110580,HCQTbYt,16,1,0
110581,HCQTbZL,16,1,0
110582,HCQTbXl,16,1,0
110583,HCQTbZb,16,1,0
110584,HCQTbZR,16,1,0
110585,HCQTbYr,16,1,0
110586,HCQTbZJ,16,1,0
110587,HCQTbXj,16,1,0
110588,HCQTbZF,16,1,0
110589,HCQTbYf,16,1,0
110590,HCQTbYV,16,1,0
110591,HCQTbZ{,17,1,0
110592,HCQTbZy,17,1,0
110593,HCQTbZu,17,1,0
110594,HCQTbZm,17,1,0
110595,HCQTbZ],17,1,0
110596,HCQTbZx,17,1,0
110597,HCQTbZt,17,1,0
110598,HCQTbZl,17,1,0
110599,HCQTbZ\,17,1,0
110600,HCQTbZr,17,1,0
110601,HCQTbZj,17,1,0
110602,HCQTbZZ,17,1,0
110603,HCQTbZf,17,1,0
110604,HCQTbZV,17,1,0
110605,HCQTbYv,17,1,0
110606,HCQTbZN,17,1,0
110607,HCQTbXn,17,1,0
110608,HCQTbZ},18,1,0
110609,HCQTbZ|,18,1,0
110610,HCQTbZz,18,1,0
110611,HCQTbZv,18,1,0
110612,HCQTbZn,18,1,0
110613,HCQTbZ^,18,1,0
110614,HCQTbZ~,19,1,0
110621,HCQTedj,16,1,0
110640,HCQTdf[,16,1,0
110681,HCQTbVw,16,1,0
110682,HCQTbVs,16,1,0
110683,HCQTbVk,16,1,0
110684,HCQTbV[,16,1,0
110685,HCQTbVq,16,1,0
110686,HCQTbVi,16,1,0
110687,HCQTbVY,16,1,0
110688,HCQTbVe,16,1,0
110689,HCQTbVU,16,1,0
110690,HCQTbUu,16,1,0
110691,HCQTbVM,16,1,0
110692,HCQTbTm,16,1,0
110693,HCQTbVp,16,1,0
110694,HCQTbVh,16,1,0
110695,HCQTbVX,16,1,0
110696,HCQTbVJ,16,1,0
110697,HCQTbTj,16,0,1
110698,HCQTbTN,16,1,0
110699,HCQTbV{,17,1,0
110700,HCQTbVy,17,1,0
110701,HCQTbVu,17,1,0
110702,HCQTbVm,17,1,0
110703,HCQTbV],17,1,0
110704,HCQTbVx,17,1,0
110705,HCQTbVt,17,1,0
110706,HCQTbVl,17,1,0
110707,HCQTbV\,17,1,0
110708,HCQTbVr,17,1,0
110709,HCQTbVj,17,1,0
110710,HCQTbVZ,17,1,0
110711,HCQTbVf,17,1,0
110712,HCQTbVV,17,1,0
110713,HCQTbUv,17,1,0
110714,HCQTbVN,17,1,0
110715,HCQTbTn,17,1,0
110716,HCQTbV},18,1,0
110717,HCQTbV|,18,1,0
110718,HCQTbVz,18,1,0
110719,HCQTbVv,18,1,0
110720,HCQTbVn,18,1,0
110721,HCQTbV^,18,1,0
110722,HCQTbV~,19,1,0
110729,HCQTeLj,16,1,0
110762,HCQTbLl,16,1,0
110766,HCQTbLj,16,1,0
110804,HCQTa\l,16,1,0
111097,HCQURqu,16,1,0
111231,HCQRRQo,13,0,1
111232,HCQRRRg,14,0,1
111233,HCQRRRW,14,0,1
111234,HCQRRRS,14,0,1
111235,HCQRRQs,14,0,1
111236,HCQRRRa,14,0,1
111237,HCQRRRQ,14,0,1
111238,HCQRRQq,14,1,0
111239,HCQRRRI,14,0,1
111240,HCQRRQU,14,0,1
111241,HCQRRRB,14,0,1
111242,HCQRRQb,14,0,1
111243,HCQRRQR,14,0,1
111244,HCQRRRw,15,0,1
111245,HCQRRRs,15,0,1
111246,HCQRRR[,15,0,1
111247,HCQRRRq,15,0,1
111248,HCQRRRi,15,0,1
111249,HCQRRRY,15,0,1
111250,HCQRRRU,15,0,1
111251,HCQRRQu,15,1,0
111252,HCQRRRb,15,0,1
111253,HCQRRRR,15,0,1
111254,HCQRRQr,15,0,1
111255,HCQRRRJ,15,0,1
111256,HCQRRQV,15,0,1
111257,HCQRRR{,16,0,1
111258,HCQRRRy,16,0,1
111259,HCQRRRu,16,0,1
111260,HCQRRR],16,0,1
111261,HCQRRRr,16,0,1
111262,HCQRRRj,16,0,1
111263,HCQRRRZ,16,0,1
111264,HCQRRRV,16,0,1
111265,HCQRRQv,16,0,1
111266,HCQRRR},17,0,1
111267,HCQRRRz,17,0,1
111268,HCQRRRv,17,0,1
111269,HCQRRR^,17,0,1
111270,HCQRRR~,18,0,1
111271,HCQRVbo,15,1,0
111272,HCQRVbW,15,1,0
111273,HCQRVba,15,1,0
111274,HCQRVbQ,15,1,0
111275,HCQRVaq,15,1,0
111276,HCQRVbI,15,1,0
111277,HCQRVaY,15,1,0
111278,HCQRVbE,15,1,0
111279,HCQRVaU,15,1,0
111280,HCQRVaM,15,1,0
111281,HCQRVbw,16,1,0
111282,HCQRVbs,16,1,0
111283,HCQRVbk,16,1,0
111284,HCQRVb[,16,1,0
111285,HCQRVa{,16,1,0
111286,HCQRVbq,16,1,0
111287,HCQRVbi,16,1,0
111288,HCQRVbY,16,1,0
111289,HCQRVay,16,1,0
111290,HCQRVbe,16,1,0
111291,HCQRVbU,16,1,0
111292,HCQRVau,16,1,0
111293,HCQRVbM,16,1,0
111294,HCQRVam,16,1,0
111295,HCQRV`m,16,1,0
111296,HCQRVa],16,1,0
111297,HCQRVbp,16,1,0
111298,HCQRVbX,16,1,0
111299,HCQRVax,16,1,0
111300,HCQRVbd,16,1,0
111301,HCQRVbT,16,1,0
111302,HCQRVat,16,1,0
111303,HCQRVbL,16,1,0
111304,HCQRVal,16,1,0
111305,HCQRVa\,16,1,0
111306,HCQRVaV,16,1,0
111307,HCQRVb{,17,1,0
111308,HCQRVby,17,1,0
111309,HCQRVbu,17,1,0
111310,HCQRVbm,17,1,0
111311,HCQRVb],17,1,0
111312,HCQRVa},17,1,0
111313,HCQRVbx,17,1,0
111314,HCQRVbt,17,1,0
111315,HCQRVbl,17,1,0
111316,HCQRVb\,17,1,0
111317,HCQRVa|,17,1,0
111318,HCQRVbr,17,1,0
111319,HCQRVbj,17,1,0
111320,HCQRVbZ,17,1,0
111321,HCQRVaz,17,1,0
111322,HCQRVbf,17,1,0
111323,HCQRVbV,17,1,0
111324,HCQRVav,17,1,0
111325,HCQRVbN,17,1,0
111326,HCQRVan,17,1,0
111327,HCQRV`n,17,1,0
111328,HCQRVa^,17,1,0
111329,HCQRVb},18,1,0
111330,HCQRVb|,18,1,0
111331,HCQRVbz,18,1,0
111332,HCQRVbv,18,1,0
111333,HCQRVbn,18,1,0
111334,HCQRVb^,18,1,0
111335,HCQRVa~,18,1,0
111336,HCQRVb~,19,1,0
111337,HCQRVRQ,15,1,0
111338,HCQRVQU,15,1,0
111339,HCQRVRw,16,1,0
111340,HCQRVRs,16,1,0
111341,HCQRVR[,16,1,0
111342,HCQRVP{,16,1,0
111343,HCQRVRq,16,1,0
111344,HCQRVRi,16,1,0
111345,HCQRVRY,16,1,0
111346,HCQRVPy,16,1,0
111347,HCQRVRU,16,1,0
111348,HCQRVQu,16,1,0
111349,HCQRVPu,16,1,0
111350,HCQRVP],16,1,0
111351,HCQRVRp,16,1,0
111352,HCQRVRh,16,1,0
111353,HCQRVRX,16,1,0
111354,HCQRVPx,16,1,0
111355,HCQRVRT,16,1,0
111356,HCQRVQt,16,1,0
111357,HCQRVPt,16,1,0
111358,HCQRVP\,16,1,0
111359,HCQRVRR,16,1,0
111360,HCQRVQV,16,1,0
111361,HCQRVPV,16,1,0
111362,HCQRVR{,17,1,0
111363,HCQRVRy,17,1,0
111364,HCQRVRu,17,1,0
111365,HCQRVR],17,1,0
111366,HCQRVP},17,1,0
111367,HCQRVRx,17,1,0
111368,HCQRVRt,17,1,0
111369,HCQRVR\,17,1,0
111370,HCQRVP|,17,1,0
111371,HCQRVRr,17,1,0
111372,HCQRVRj,17,1,0
111373,HCQRVRZ,17,1,0
111374,HCQRVPz,17,1,0
111375,HCQRVRV,17,1,0
111376,HCQRVQv,17,1,0
111377,HCQRVPv,17,1,0
111378,HCQRVP^,17,1,0
111379,HCQRVR},18,1,0
111380,HCQRVR|,18,1,0
111381,HCQRVRz,18,1,0
111382,HCQRVRv,18,1,0
111383,HCQRVR^,18,1,0
111384,HCQRVP~,18,1,0
111385,HCQRVR~,19,1,0
111386,HCQRUra,15,1,0
111387,HCQRUqq,15,1,0
111388,HCQRUrw,16,1,0
111389,HCQRUrs,16,1,0
111390,HCQRUrk,16,1,0
111391,HCQRUrq,16,1,0
111392,HCQRUri,16,1,0
111393,HCQRUre,16,1,0
111394,HCQRUqu,16,1,0
111395,HCQRUpm,16,1,0
111396,HCQRUr{,17,1,0
111397,HCQRUry,17,1,0
111398,HCQRUru,17,1,0
111399,HCQRUrm,17,1,0
111400,HCQRUrx,17,1,0
111401,HCQRUrt,17,1,0
111402,HCQRUrl,17,1,0
111403,HCQRUrr,17,1,0
111404,HCQRUrj,17,1,0
111405,HCQRUrf,17,1,0
111406,HCQRUqv,17,1,0
111407,HCQRUpn,17,1,0
111408,HCQRUr},18,1,0
111409,HCQRUr|,18,1,0
111410,HCQRUrz,18,1,0
111411,HCQRUrv,18,1,0
111412,HCQRUrn,18,1,0
111413,HCQRUr~,19,1,0
111414,HCQRUjo,15,1,0
111415,HCQRUja,15,1,0
111416,HCQRUiq,15,1,0
111417,HCQRUjw,16,1,0
111418,HCQRUjs,16,1,0
111419,HCQRUi{,16,1,0
111420,HCQRUjq,16,1,0
111421,HCQRUji,16,1,0
111422,HCQRUiy,16,1,0
111423,HCQRUiu,16,1,0
111424,HCQRUj{,17,1,0
111425,HCQRUjy,17,1,0
111426,HCQRUju,17,1,0
111427,HCQRUi},17,1,0
111428,HCQRUjx,17,1,0
111429,HCQRUjt,17,1,0
111430,HCQRUi|,17,1,0
111431,HCQRUjr,17,1,0
111432,HCQRUjj,17,1,0
111433,HCQRUiz,17,1,0
111434,HCQRUiv,17,1,0
111435,HCQRUj},18,1,0
111436,HCQRUj|,18,1,0
111437,HCQRUjz,18,1,0
111438,HCQRUjv,18,1,0
111439,HCQRUi~,18,1,0
111440,HCQRUj~,19,1,0
111441,HCQRTjQ,15,1,0
111442,HCQRTiq,15,1,0
111443,HCQRTjI,15,1,0
111444,HCQRThi,15,0,1
111445,HCQRTiU,15,1,0
111446,HCQRTjw,16,1,0
111447,HCQRTjs,16,1,0
111448,HCQRTj[,16,1,0
111449,HCQRTjq,16,1,0
111450,HCQRTji,16,1,0
111451,HCQRTjY,16,1,0
111452,HCQRTjU,16,1,0
111453,HCQRTiu,16,1,0
111454,HCQRTjX,16,1,0
111455,HCQRTjT,16,1,0
111456,HCQRTit,16,0,1
111457,HCQRTj{,17,1,0
111458,HCQRTjy,17,1,0
111459,HCQRTju,17,1,0
111460,HCQRTj],17,1,0
111461,HCQRTjx,17,1,0
111462,HCQRTjt,17,1,0
111463,HCQRTj\,17,1,0
111464,HCQRTjr,17,1,0
111465,HCQRTjj,17,1,0
111466,HCQRTjZ,17,1,0
111467,HCQRTjV,17,1,0
111468,HCQRTiv,17,1,0
111469,HCQRTj},18,1,0
111470,HCQRTj|,18,1,0
111471,HCQRTjz,18,1,0
111472,HCQRTjv,18,1,0
111473,HCQRTj^,18,1,0
111474,HCQRTj~,19,1,0
111475,HCQRUVw,16,1,0
111476,HCQRUVs,16,1,0
111477,HCQRUT{,16,1,0
111478,HCQRUVi,16,1,0
111479,HCQRUTy,16,1,0
111480,HCQRUUu,16,1,0
111481,HCQRUTu,16,1,0
111482,HCQRUVp,16,1,0
111483,HCQRUVh,16,1,0
111484,HCQRUTx,16,1,0
111485,HCQRUUt,16,1,0
111486,HCQRUTt,16,1,0
111487,HCQRUV{,17,1,0
111488,HCQRUVy,17,1,0
111489,HCQRUVu,17,1,0
111490,HCQRUT},17,1,0
111491,HCQRUVx,17,1,0
111492,HCQRUVt,17,1,0
111493,HCQRUT|,17,1,0
111494,HCQRUVr,17,1,0
111495,HCQRUVj,17,1,0
111496,HCQRUTz,17,1,0
111497,HCQRUUv,17,1,0
111498,HCQRUTv,17,1,0
111499,HCQRUV},18,1,0
111500,HCQRUV|,18,1,0
111501,HCQRUVz,18,1,0
111502,HCQRUVv,18,1,0
111503,HCQRUT~,18,1,0
111504,HCQRUV~,19,1,0
111505,HCQRRVw,16,0,1
111506,HCQRRVs,16,1,0
111507,HCQRRV[,16,1,0
111508,HCQRRVq,16,0,1
111509,HCQRRVi,16,0,1
111510,HCQRRVY,16,0,1
111511,HCQRRVU,16,0,1
111512,HCQRRUu,16,1,0
111513,HCQRRVJ,16,0,1
111514,HCQRRV{,17,0,1
111515,HCQRRVy,17,0,1
111516,HCQRRVu,17,0,1
111517,HCQRRV],17,0,1
111518,HCQRRVr,17,0,1
111519,HCQRRVj,17,0,1
111520,HCQRRVZ,17,0,1
111521,HCQRRVV,17,0,1
111522,HCQRRUv,17,0,1
111523,HCQRRV},18,0,1
111524,HCQRRVz,18,0,1
111525,HCQRRVv,18,0,1
111526,HCQRRV^,18,0,1
111527,HCQRRV~,19,0,1
111528,HCQRVrw,17,1,0
111529,HCQRVrs,17,1,0
111530,HCQRVrk,17,1,0
111531,HCQRVr[,17,1,0
111532,HCQRVrU,17,1,0
111533,HCQRVr{,18,1,0
111534,HCQRVry,18,1,0
111535,HCQRVru,18,1,0
111536,HCQRVrm,18,1,0
111537,HCQRVr],18,1,0
111538,HCQRVrx,18,1,0
111539,HCQRVrt,18,1,0
111540,HCQRVrl,18,1,0
111541,HCQRVr\,18,1,0
111542,HCQRVrV,18,1,0
111543,HCQRVr},19,1,0
111544,HCQRVr|,19,1,0
111545,HCQRVrz,19,1,0
111546,HCQRVrv,19,1,0
111547,HCQRVrn,19,1,0
111548,HCQRVr^,19,1,0
111549,HCQRVr~,20,1,0
111550,HCQRVjs,17,1,0
111551,HCQRVj[,17,1,0
111552,HCQRVi{,17,1,0
111553,HCQRVj{,18,1,0
111554,HCQRVjy,18,1,0
111555,HCQRVju,18,1,0
111556,HCQRVj],18,1,0
111557,HCQRVi},18,1,0
111558,HCQRVjt,18,1,0
111559,HCQRVj\,18,1,0
111560,HCQRVi|,18,1,0
111561,HCQRVj},19,1,0
111562,HCQRVj|,19,1,0
111563,HCQRVjz,19,1,0
111564,HCQRVjv,19,1,0
111565,HCQRVj^,19,1,0
111566,HCQRVi~,19,1,0
111567,HCQRVj~,20,1,0
111568,HCQRUz{,18,1,0
111569,HCQRUzy,18,1,0
111570,HCQRUzu,18,1,0
111571,HCQRUz},19,1,0
111572,HCQRUz|,19,1,0
111573,HCQRUzz,19,1,0
111574,HCQRUzv,19,1,0
111575,HCQRUz~,20,1,0
111576,HCQRVfw,17,1,0
111577,HCQRVfs,17,1,0
111578,HCQRVfk,17,1,0
111579,HCQRVf[,17,1,0
111580,HCQRVe{,17,1,0
111581,HCQRVf{,18,1,0
111582,HCQRVfy,18,1,0
111583,HCQRVfu,18,1,0
111584,HCQRVfm,18,1,0
111585,HCQRVf],18,1,0
111586,HCQRVe},18,1,0
111587,HCQRVfx,18,1,0
111588,HCQRVft,18,1,0
111589,HCQRVfl,18,1,0
111590,HCQRVf\,18,1,0
111591,HCQRVe|,18,1,0
111592,HCQRVfr,18,1,0
111593,HCQRVfZ,18,1,0
111594,HCQRVez,18,1,0
111595,HCQRVff,18,1,0
111596,HCQRVfV,18,1,0
111597,HCQRVev,18,1,0
111598,HCQRVfN,18,1,0
111599,HCQRVen,18,1,0
111600,HCQRVe^,18,1,0
111601,HCQRVf},19,1,0
111602,HCQRVf|,19,1,0
111603,HCQRVfz,19,1,0
111604,HCQRVfv,19,1,0
111605,HCQRVfn,19,1,0
111606,HCQRVf^,19,1,0
111607,HCQRVe~,19,1,0
111608,HCQRVf~,20,1,0
111609,HCQRVVw,17,1,0
111610,HCQRVVs,17,1,0
111611,HCQRVV[,17,1,0
111612,HCQRVT{,17,1,0
111613,HCQRVV{,18,1,0
111614,HCQRVVy,18,1,0
111615,HCQRVVu,18,1,0
111616,HCQRVV],18,1,0
111617,HCQRVT},18,1,0
111618,HCQRVVx,18,1,0
111619,HCQRVVt,18,1,0
111620,HCQRVV\,18,1,0
111621,HCQRVT|,18,1,0
111622,HCQRVVr,18,1,0
111623,HCQRVVj,18,1,0
111624,HCQRVVZ,18,1,0
111625,HCQRVTz,18,1,0
111626,HCQRVVV,18,1,0
111627,HCQRVUv,18,1,0
111628,HCQRVTv,18,1,0
111629,HCQRVT^,18,1,0
111630,HCQRVV},19,1,0
111631,HCQRVV|,19,1,0
111632,HCQRVVz,19,1,0
111633,HCQRVVv,19,1,0
111634,HCQRVV^,19,1,0
111635,HCQRVT~,19,1,0
111636,HCQRVV~,20,1,0
111637,HCQRUvw,17,1,0
111638,HCQRUvs,17,1,0
111639,HCQRUvk,17,1,0
111640,HCQRUv{,18,1,0
111641,HCQRUvy,18,1,0
111642,HCQRUvu,18,1,0
111643,HCQRUvm,18,1,0
111644,HCQRUvx,18,1,0
111645,HCQRUvt,18,1,0
111646,HCQRUvl,18,1,0
111647,HCQRUv},19,1,0
111648,HCQRUv|,19,1,0
111649,HCQRUvz,19,1,0
111650,HCQRUvv,19,1,0
111651,HCQRUvn,19,1,0
111652,HCQRUv~,20,1,0
111653,HCQRUns,17,1,0
111654,HCQRUm{,17,1,0
111655,HCQRUn{,18,1,0
111656,HCQRUny,18,1,0
111657,HCQRUnu,18,1,0
111658,HCQRUm},18,1,0
111659,HCQRUnt,18,1,0
111660,HCQRUm|,18,1,0
111661,HCQRUn},19,1,0
111662,HCQRUn|,19,1,0
111663,HCQRUnz,19,1,0
111664,HCQRUnv,19,1,0
111665,HCQRUm~,19,1,0
111666,HCQRUn~,20,1,0
111667,HCQRTnw,17,1,0
111668,HCQRTns,17,1,0
111669,HCQRTn[,17,1,0
111670,HCQRTn{,18,1,0
111671,HCQRTny,18,1,0
111672,HCQRTnu,18,1,0
111673,HCQRTn],18,1,0
111674,HCQRTnx,18,1,0
111675,HCQRTnt,18,1,0
111676,HCQRTn\,18,1,0
111677,HCQRTnZ,18,1,0
111678,HCQRTnV,18,1,0
111679,HCQRTmv,18,1,0
111680,HCQRTn},19,1,0
111681,HCQRTn|,19,1,0
111682,HCQRTnz,19,1,0
111683,HCQRTnv,19,1,0
111684,HCQRTn^,19,1,0
111685,HCQRTn~,20,1,0
111686,HCQRVz{,19,1,0
111687,HCQRVz},20,1,0
111688,HCQRVz|,20,1,0
111689,HCQRVz~,21,1,0
111690,HCQRVv{,19,1,0
111691,HCQRVvy,19,1,0
111692,HCQRVvu,19,1,0
111693,HCQRVvm,19,1,0
111694,HCQRVv],19,1,0
111695,HCQRVv},20,1,0
111696,HCQRVv|,20,1,0
111697,HCQRVvz,20,1,0
111698,HCQRVvv,20,1,0
111699,HCQRVvn,20,1,0
111700,HCQRVv^,20,1,0
111701,HCQRVv~,21,1,0
111702,HCQRVn{,19,1,0
111703,HCQRVnu,19,1,0
111704,HCQRVn],19,1,0
111705,HCQRVm},19,1,0
111706,HCQRVn},20,1,0
111707,HCQRVn|,20,1,0
111708,HCQRVnv,20,1,0
111709,HCQRVn^,20,1,0
111710,HCQRVm~,20,1,0
111711,HCQRVn~,21,1,0
111712,HCQRU~{,19,1,0
111713,HCQRU~},20,1,0
111714,HCQRU~|,20,1,0
111715,HCQRU~~,21,1,0
111716,HCQRV~},21,1,0
111717,HCQRV~~,22,1,0
111718,HCQSjRo,14,0,1
111719,HCQSjR`,14,0,1
111720,HCQSjQp,14,0,1
111721,HCQSjRw,15,0,1
111722,HCQSjRs,15,0,1
111723,HCQSjQu,15,0,1
111724,HCQSjRp,15,0,1
111725,HCQSjRh,15,0,1
111726,HCQSjQt,15,0,1
111727,HCQSjR{,16,0,1
111728,HCQSjRu,16,0,1
111729,HCQSjRx,16,0,1
111730,HCQSjRt,16,0,1
111731,HCQSjQv,16,0,1
111732,HCQSjR},17,0,1
111733,HCQSjR|,17,0,1
111734,HCQSjRv,17,0,1
111735,HCQSjR~,18,0,1
111736,HCQSnP{,16,1,0
111737,HCQSnQu,16,1,0
111738,HCQSnPu,16,1,0
111739,HCQSnRh,16,0,1
111740,HCQSnPx,16,1,0
111741,HCQSnR{,17,1,0
111742,HCQSnRu,17,1,0
111743,HCQSnP},17,1,0
111744,HCQSnRx,17,1,0
111745,HCQSnRt,17,1,0
111746,HCQSnP|,17,1,0
111747,HCQSnQv,17,1,0
111748,HCQSnPv,17,1,0
111749,HCQSnR},18,1,0
111750,HCQSnR|,18,1,0
111751,HCQSnRv,18,1,0
111752,HCQSnP~,18,1,0
111753,HCQSnR~,19,1,0
111754,HCQSljh,16,1,0
111755,HCQSlhj,16,1,0
111810,HCQVf`j,17,1,0
111866,HCQVfPj,17,1,0
111923,HCQVepj,17,1,0
111959,HCQVdpj,17,1,0
111989,HCQVfHj,17,1,0
112026,HCQVeXj,17,1,0
112077,HCQVdXj,17,1,0
112118,HCQVbXl,17,1,0
112124,HCQVbXj,17,1,0
112488,HCQVVPj,17,1,0
112521,HCQVUpj,17,1,0
112559,HCQVRpj,17,1,0
112597,HCQVUhj,17,1,0
112626,HCQVQzi,17,1,0
112630,HCQVQxj,17,1,0
112889,HCQUn`j,17,1,0
112915,HCQUlpj,17,1,0
113036,HCQTn`j,17,1,0
113064,HCQTnP{,17,1,0
113065,HCQTnRq,17,1,0
113066,HCQTnRi,17,1,0
113067,HCQTnRY,17,1,0
113068,HCQTnPy,17,1,0
113069,HCQTnRU,17,1,0
113070,HCQTnQu,17,1,0
113071,HCQTnPu,17,1,0
113072,HCQTnP],17,1,0
113073,HCQTnPx,17,1,0
113074,HCQTnRT,17,1,0
113075,HCQTnQt,17,1,0
113076,HCQTnPt,17,1,0
113077,HCQTnP\,17,1,0
113078,HCQTnPr,17,1,0
113079,HCQTnRJ,17,1,0
113080,HCQTnPj,17,1,0
113081,HCQTnPZ,17,1,0
113082,HCQTnQV,17,1,0
113083,HCQTnPV,17,1,0
113084,HCQTnOv,17,1,0
113085,HCQTnR{,18,1,0
113086,HCQTnRy,18,1,0
113087,HCQTnRu,18,1,0
113088,HCQTnR],18,1,0
113089,HCQTnP},18,1,0
113090,HCQTnRx,18,1,0
113091,HCQTnRt,18,1,0
113092,HCQTnR\,18,1,0
113093,HCQTnP|,18,1,0
113094,HCQTnRr,18,1,0
113095,HCQTnRj,18,1,0
113096,HCQTnRZ,18,1,0
113097,HCQTnPz,18,1,0
113098,HCQTnRV,18,1,0
113099,HCQTnQv,18,1,0
113100,HCQTnPv,18,1,0
113101,HCQTnP^,18,1,0
113102,HCQTnR},19,1,0
113103,HCQTnR|,19,1,0
113104,HCQTnRz,19,1,0
113105,HCQTnRv,19,1,0
113106,HCQTnR^,19,1,0
113107,HCQTnP~,19,1,0
113108,HCQTnR~,20,1,0
113116,HCQTmpj,17,1,0
113138,HCQTmhj,17,1,0
113153,HCQTlhj,17,1,0
114229,HCRbb]u,18,1,0
114337,HCRcrQq,15,1,0
114345,HCRcrQU,15,1,0
114362,HCRcrPd,15,1,0
114367,HCRcrPL,15,1,0
114368,HCRcrOl,15,1,0
114397,HCRcrQu,16,1,0
114416,HCRcrPl,16,1,0
114740,HCRcrjY,17,1,0
115062,HCRcsvs,17,1,0
115063,HCRcsvk,17,1,0
115097,HCRcqvs,17,1,0
115904,HCR`vIy,17,1,0
115948,HCR`uhy,17,1,0
116006,HCR`thy,17,1,0
116010,HCR`thm,17,1,0
116269,HCR`vhy,18,1,0
116410,HCR`tlm,18,1,0
117747,HCRfMrX,18,1,0
118451,HCRdn`l,18,1,0
118509,HCRdnPl,18,1,0
118581,HCRdmrX,18,1,0
118589,HCRdmpl,18,1,0
118668,HCRdlpl,18,1,0
118744,HCRdjpx,18,1,0
118751,HCRdjpl,18,1,0
119351,HCRbmrX,18,1,0
121069,HCRVDhm,17,1,0
123130,HCRUnRh,18,1,0
123467,HCRS~Rh,18,1,0
123969,HCQvBRo,15,1,0
123970,HCQvBRW,15,1,0
123971,HCQvBQw,15,1,0
123972,HCQvBRc,15,1,0
123973,HCQvBRS,15,1,0
123974,HCQvBQs,15,1,0
123975,HCQvBPs,15,1,0
123976,HCQvBRK,15,1,0
123977,HCQvBQk,15,1,0
123978,HCQvBPk,15,1,0
123979,HCQvBP[,15,1,0
123980,HCQvBRa,15,1,0
123981,HCQvBPq,15,1,0
123982,HCQvBOy,15,1,0
123983,HCQvBRE,15,1,0
123984,HCQvBQe,15,1,0
123985,HCQvBPe,15,1,0
123986,HCQvBRD,15,1,0
123987,HCQvBRw,16,1,0
123988,HCQvBRs,16,1,0
123989,HCQvBRk,16,1,0
123990,HCQvBR[,16,1,0
123991,HCQvBQ{,16,1,0
123992,HCQvBP{,16,1,0
123993,HCQvBRq,16,1,0
123994,HCQvBRY,16,1,0
123995,HCQvBQy,16,1,0
123996,HCQvBRe,16,1,0
123997,HCQvBRU,16,1,0
123998,HCQvBQu,16,1,0
123999,HCQvBPu,16,1,0
124000,HCQvBRM,16,1,0
124001,HCQvBQm,16,1,0
124002,HCQvBRd,16,1,0
124003,HCQvBRT,16,1,0
124004,HCQvBR{,17,1,0
124005,HCQvBRy,17,1,0
124006,HCQvBRu,17,1,0
124007,HCQvBRm,17,1,0
124008,HCQvBR],17,1,0
124009,HCQvBQ},17,1,0
124010,HCQvBP},17,1,0
124011,HCQvBRt,17,1,0
124012,HCQvBR\,17,1,0
124013,HCQvBRf,17,1,0
124014,HCQvBR},18,1,0
124015,HCQvBR|,18,1,0
124016,HCQvBRv,18,1,0
124017,HCQvBR~,19,1,0
124044,HCQv@pJ,15,1,0
124072,HCQv@pj,16,1,0
124111,HCQvFQu,17,1,0
124146,HCQvBqs,16,1,0
124155,HCQvBqe,16,1,0
124174,HCQvBqu,17,1,0
124230,HCQvFHj,17,1,0
124265,HCQvDji,17,1,0
124266,HCQvDjY,17,1,0
124267,HCQvDhy,17,1,0
124270,HCQvDhm,17,1,0
124319,HCQvEXj,17,1,0
124387,HCQvDXj,17,1,0
124434,HCQvBYu,17,1,0
124484,HCQvCxj,17,1,0
124546,HCQvAxj,17,1,0
124696,HCQvEU{,17,1,0
125267,HCQvDlm,18,1,0
125584,HCQubRo,15,1,0
125585,HCQubRg,15,1,0
125586,HCQubRW,15,1,0
125587,HCQubQw,15,1,0
125588,HCQubRc,15,1,0
125589,HCQubRS,15,1,0
125590,HCQubQs,15,1,0
125591,HCQubRK,15,1,0
125592,HCQubQk,15,1,0
125593,HCQubPk,15,1,0
125594,HCQubRa,15,1,0
125595,HCQubRQ,15,1,0
125596,HCQubRI,15,1,0
125597,HCQubQi,15,1,0
125598,HCQubQY,15,1,0
125599,HCQubRE,15,1,0
125600,HCQubPe,15,1,0
125601,HCQubQU,15,1,0
125602,HCQubQM,15,1,0
125603,HCQubPM,15,1,0
125604,HCQubOm,15,1,0
125605,HCQubR`,15,1,0
125606,HCQubRP,15,1,0
125607,HCQubQp,15,1,0
125608,HCQubRH,15,1,0
125609,HCQubQh,15,1,0
125610,HCQubQX,15,1,0
125611,HCQubRD,15,1,0
125612,HCQubQd,15,1,0
125613,HCQubPd,15,1,0
125614,HCQubQT,15,1,0
125615,HCQubQL,15,1,0
125616,HCQubPL,15,1,0
125617,HCQubOl,15,1,0
125618,HCQubRB,15,1,0
125619,HCQubQb,15,1,0
125620,HCQubQR,15,1,0
125621,HCQubQJ,15,1,0
125622,HCQubPJ,15,1,0
125623,HCQubOj,15,1,0
125624,HCQubQF,15,1,0
125625,HCQubPF,15,1,0
125626,HCQubOf,15,1,0
125627,HCQubON,15,1,0
125628,HCQubRw,16,1,0
125629,HCQubRs,16,1,0
125630,HCQubRk,16,1,0
125631,HCQubR[,16,1,0
125632,HCQubQ{,16,1,0
125633,HCQubRq,16,1,0
125634,HCQubRi,16,1,0
125635,HCQubRY,16,1,0
125636,HCQubQy,16,1,0
125637,HCQubRe,16,1,0
125638,HCQubRU,16,1,0
125639,HCQubQu,16,1,0
125640,HCQubRM,16,1,0
125641,HCQubQm,16,1,0
125642,HCQubPm,16,1,0
125643,HCQubQ],16,1,0
125644,HCQubRp,16,1,0
125645,HCQubRh,16,1,0
125646,HCQubRX,16,1,0
125647,HCQubQx,16,1,0
125648,HCQubRd,16,1,0
125649,HCQubRT,16,1,0
125650,HCQubQt,16,1,0
125651,HCQubRL,16,1,0
125652,HCQubQl,16,1,0
125653,HCQubPl,16,1,0
125654,HCQubQ\,16,1,0
125655,HCQubRb,16,1,0
125656,HCQubRR,16,1,0
125657,HCQubQr,16,1,0
125658,HCQubRJ,16,1,0
125659,HCQubQj,16,1,0
125660,HCQubPj,16,1,0
125661,HCQubQZ,16,1,0
125662,HCQubRF,16,1,0
125663,HCQubQf,16,1,0
125664,HCQubPf,16,1,0
125665,HCQubQV,16,1,0
125666,HCQubQN,16,1,0
125667,HCQubPN,16,1,0
125668,HCQubOn,16,1,0
125669,HCQubR{,17,1,0
125670,HCQubRy,17,1,0
125671,HCQubRu,17,1,0
125672,HCQubRm,17,1,0
125673,HCQubR],17,1,0
125674,HCQubQ},17,1,0
125675,HCQubRx,17,1,0
125676,HCQubRt,17,1,0
125677,HCQubRl,17,1,0
125678,HCQubR\,17,1,0
125679,HCQubQ|,17,1,0
125680,HCQubRr,17,1,0
125681,HCQubRj,17,1,0
125682,HCQubRZ,17,1,0
125683,HCQubQz,17,1,0
125684,HCQubRf,17,1,0
125685,HCQubRV,17,1,0
125686,HCQubQv,17,1,0
125687,HCQubRN,17,1,0
125688,HCQubQn,17,1,0
125689,HCQubPn,17,1,0
125690,HCQubQ^,17,1,0
125691,HCQubR},18,1,0
125692,HCQubR|,18,1,0
125693,HCQubRz,18,1,0
125694,HCQubRv,18,1,0
125695,HCQubRn,18,1,0
125696,HCQubR^,18,1,0
125697,HCQubQ~,18,1,0
125698,HCQubR~,19,1,0
125806,HCQueU{,17,1,0
126254,HCQtbRo,15,1,0
126255,HCQtbRg,15,1,0
126256,HCQtbRW,15,1,0
126257,HCQtbRc,15,1,0
126258,HCQtbRS,15,1,0
126259,HCQtbQs,15,0,1
126260,HCQtbRK,15,1,0
126261,HCQtbPk,15,1,0
126262,HCQtbRE,15,1,0
126263,HCQtbQe,15,0,1
126264,HCQtbPe,15,1,0
126265,HCQtbQU,15,0,1
126266,HCQtbPM,15,1,0
126267,HCQtbR`,15,1,0
126268,HCQtbRP,15,1,0
126269,HCQtbQp,15,1,0
126270,HCQtbRH,15,1,0
126271,HCQtbRD,15,1,0
126272,HCQtbQd,15,1,0
126273,HCQtbQT,15,1,0
126274,HCQtbPL,15,1,0
126275,HCQtbQF,15,1,0
126276,HCQtbPF,15,1,0
126277,HCQtbOf,15,1,0
126278,HCQtbRw,16,1,0
126279,HCQtbRs,16,1,0
126280,HCQtbRk,16,1,0
126281,HCQtbR[,16,1,0
126282,HCQtbRe,16,1,0
126283,HCQtbRU,16,1,0
126284,HCQtbQu,16,0,1
126285,HCQtbRM,16,1,0
126286,HCQtbPm,16,1,0
126287,HCQtbRp,16,1,0
126288,HCQtbRh,16,1,0
126289,HCQtbRX,16,1,0
126290,HCQtbRd,16,1,0
126291,HCQtbRT,16,1,0
126292,HCQtbQt,16,1,0
126293,HCQtbRL,16,1,0
126294,HCQtbPl,16,1,0
126295,HCQtbRF,16,1,0
126296,HCQtbQf,16,1,0
126297,HCQtbPf,16,1,0
126298,HCQtbQV,16,1,0
126299,HCQtbPN,16,1,0
126300,HCQtbR{,17,1,0
126301,HCQtbRu,17,1,0
126302,HCQtbRm,17,1,0
126303,HCQtbR],17,1,0
126304,HCQtbRx,17,1,0
126305,HCQtbRt,17,1,0
126306,HCQtbRl,17,1,0
126307,HCQtbR\,17,1,0
126308,HCQtbRf,17,1,0
126309,HCQtbRV,17,1,0
126310,HCQtbQv,17,1,0
126311,HCQtbRN,17,1,0
126312,HCQtbPn,17,1,0
126313,HCQtbR},18,1,0
126314,HCQtbR|,18,1,0
126315,HCQtbRv,18,1,0
126316,HCQtbRn,18,1,0
126317,HCQtbR^,18,1,0
126318,HCQtbR~,19,1,0
126582,HCQtb]u,18,1,0
126640,HCQuQpi,15,1,0
126641,HCQuQqe,15,1,0
126643,HCQuQou,15,1,0
126653,HCQuQqu,16,1,0
126658,HCQuQpj,16,1,0
126684,HCQuVQu,17,1,0
126731,HCQuUqu,17,1,0
126768,HCQuRqe,16,1,0
126783,HCQuRqu,17,1,0
126825,HCQuVJY,17,1,0
126864,HCQuUji,17,1,0
126900,HCQuRji,17,1,0
126901,HCQuRjY,17,1,0
126919,HCQuRhj,17,1,0
127107,HCQuQvs,17,1,0
127558,HCQrVbo,16,1,0
127559,HCQrVbg,16,1,0
127560,HCQrVaw,16,1,0
127561,HCQrVbc,16,1,0
127562,HCQrVas,16,1,0
127563,HCQrVbK,16,1,0
127564,HCQrVak,16,1,0
127565,HCQrVba,16,1,0
127566,HCQrVbQ,16,1,0
127567,HCQrVaq,16,1,0
127568,HCQrVaY,16,1,0
127569,HCQrVbE,16,1,0
127570,HCQrVae,16,1,0
127571,HCQrV`e,16,1,0
127572,HCQrVaU,16,1,0
127573,HCQrVaM,16,1,0
127574,HCQrV`M,16,1,0
127575,HCQrVbw,17,1,0
127576,HCQrVbs,17,1,0
127577,HCQrVbk,17,1,0
127578,HCQrVb[,17,1,0
127579,HCQrVa{,17,1,0
127580,HCQrVbq,17,1,0
127581,HCQrVbi,17,1,0
127582,HCQrVbY,17,1,0
127583,HCQrVay,17,1,0
127584,HCQrVbe,17,1,0
127585,HCQrVbU,17,1,0
127586,HCQrVau,17,1,0
127587,HCQrVbM,17,1,0
127588,HCQrVam,17,1,0
127589,HCQrV`m,17,1,0
127590,HCQrVa],17,1,0
127591,HCQrVbp,17,1,0
127592,HCQrVbh,17,1,0
127593,HCQrVbX,17,1,0
127594,HCQrVax,17,1,0
127595,HCQrVbd,17,1,0
127596,HCQrVbT,17,1,0
127597,HCQrVat,17,1,0
127598,HCQrVbL,17,1,0
127599,HCQrVal,17,1,0
127600,HCQrV`l,17,1,0
127601,HCQrVa\,17,1,0
127602,HCQrVbb,17,1,0
127603,HCQrVbR,17,1,0
127604,HCQrVar,17,1,0
127605,HCQrVbJ,17,1,0
127606,HCQrVaj,17,1,0
127607,HCQrV`j,17,1,0
127608,HCQrVaZ,17,1,0
127609,HCQrVbF,17,1,0
127610,HCQrVaf,17,1,0
127611,HCQrV`f,17,1,0
127612,HCQrVaV,17,1,0
127613,HCQrVaN,17,1,0
127614,HCQrV`N,17,1,0
127615,HCQrV_n,17,1,0
127616,HCQrVb{,18,1,0
127617,HCQrVby,18,1,0
127618,HCQrVbu,18,1,0
127619,HCQrVbm,18,1,0
127620,HCQrVb],18,1,0
127621,HCQrVa},18,1,0
127622,HCQrVbx,18,1,0
127623,HCQrVbt,18,1,0
127624,HCQrVbl,18,1,0
127625,HCQrVb\,18,1,0
127626,HCQrVa|,18,1,0
127627,HCQrVbr,18,1,0
127628,HCQrVbj,18,1,0
127629,HCQrVbZ,18,1,0
127630,HCQrVaz,18,1,0
127631,HCQrVbf,18,1,0
127632,HCQrVbV,18,1,0
127633,HCQrVav,18,1,0
127634,HCQrVbN,18,1,0
127635,HCQrVan,18,1,0
127636,HCQrV`n,18,1,0
127637,HCQrVa^,18,1,0
127638,HCQrVb},19,1,0
127639,HCQrVb|,19,1,0
127640,HCQrVbz,19,1,0
127641,HCQrVbv,19,1,0
127642,HCQrVbn,19,1,0
127643,HCQrVb^,19,1,0
127644,HCQrVa~,19,1,0
127645,HCQrVb~,20,1,0
127646,HCQrUro,16,1,0
127647,HCQrUrW,16,1,0
127648,HCQrUrc,16,1,0
127649,HCQrUrK,16,1,0
127650,HCQrUpk,16,1,0
127651,HCQrUrE,16,1,0
127652,HCQrUqe,16,1,0
127653,HCQrUqU,16,1,0
127654,HCQrUrw,17,1,0
127655,HCQrUrs,17,1,0
127656,HCQrUrk,17,1,0
127657,HCQrUr[,17,1,0
127658,HCQrUre,17,1,0
127659,HCQrUrU,17,1,0
127660,HCQrUqu,17,1,0
127661,HCQrUrX,17,1,0
127662,HCQrUrd,17,1,0
127663,HCQrUrT,17,1,0
127664,HCQrUqt,17,1,0
127665,HCQrUrL,17,1,0
127666,HCQrUpl,17,1,0
127667,HCQrUrF,17,1,0
127668,HCQrUqf,17,1,0
127669,HCQrUqV,17,1,0
127670,HCQrUr{,18,1,0
127671,HCQrUru,18,1,0
127672,HCQrUr],18,1,0
127673,HCQrUrx,18,1,0
127674,HCQrUrt,18,1,0
127675,HCQrUrl,18,1,0
127676,HCQrUr\,18,1,0
127677,HCQrUrf,18,1,0
127678,HCQrUrV,18,1,0
127679,HCQrUqv,18,1,0
127680,HCQrUr},19,1,0
127681,HCQrUr|,19,1,0
127682,HCQrUrv,19,1,0
127683,HCQrUr^,19,1,0
127684,HCQrUr~,20,1,0
127685,HCQrVJa,16,1,0
127686,HCQrVJQ,16,1,0
127687,HCQrVJI,16,1,0
127688,HCQrVJw,17,1,0
127689,HCQrVJk,17,1,0
127690,HCQrVI{,17,1,0
127691,HCQrVJq,17,1,0
127692,HCQrVJi,17,1,0
127693,HCQrVJY,17,1,0
127694,HCQrVIy,17,1,0
127695,HCQrVHy,17,1,0
127696,HCQrVIm,17,1,0
127697,HCQrVJd,17,1,0
127698,HCQrVJT,17,1,0
127699,HCQrVHt,17,1,0
127700,HCQrVJL,17,1,0
127701,HCQrVIl,17,1,0
127702,HCQrVHl,17,1,0
127703,HCQrVI\,17,1,0
127704,HCQrVH\,17,1,0
127705,HCQrVG|,17,1,0
127706,HCQrVJb,17,1,0
127707,HCQrVJR,17,1,0
127708,HCQrVIr,17,1,0
127709,HCQrVHr,17,1,0
127710,HCQrVJJ,17,1,0
127711,HCQrVHj,17,1,0
127712,HCQrVIZ,17,1,0
127713,HCQrVHZ,17,1,0
127714,HCQrVGz,17,1,0
127715,HCQrVHN,17,1,0
127716,HCQrVJ{,18,1,0
127717,HCQrVJy,18,1,0
127718,HCQrVJu,18,1,0
127719,HCQrVJm,18,1,0
127720,HCQrVJ],18,1,0
127721,HCQrVI},18,1,0
127722,HCQrVH},18,1,0
127723,HCQrVJx,18,1,0
127724,HCQrVJt,18,1,0
127725,HCQrVJl,18,1,0
127726,HCQrVJ\,18,1,0
127727,HCQrVI|,18,1,0
127728,HCQrVH|,18,1,0
127729,HCQrVJr,18,1,0
127730,HCQrVJj,18,1,0
127731,HCQrVJZ,18,1,0
127732,HCQrVIz,18,1,0
127733,HCQrVHz,18,1,0
127734,HCQrVJf,18,1,0
127735,HCQrVJV,18,1,0
127736,HCQrVIv,18,1,0
127737,HCQrVHv,18,1,0
127738,HCQrVJN,18,1,0
127739,HCQrVIn,18,1,0
127740,HCQrVHn,18,1,0
127741,HCQrVI^,18,1,0
127742,HCQrVH^,18,1,0
127743,HCQrVG~,18,1,0
127744,HCQrVJ},19,1,0
127745,HCQrVJ|,19,1,0
127746,HCQrVJz,19,1,0
127747,HCQrVJv,19,1,0
127748,HCQrVJn,19,1,0
127749,HCQrVJ^,19,1,0
127750,HCQrVI~,19,1,0
127751,HCQrVH~,19,1,0
127752,HCQrVJ~,20,1,0
127753,HCQrUjI,16,1,0
127754,HCQrUjw,17,1,0
127755,HCQrUjs,17,1,0
127756,HCQrUj[,17,1,0
127757,HCQrUi{,17,1,0
127758,HCQrUjq,17,1,0
127759,HCQrUji,17,1,0
127760,HCQrUjY,17,1,0
127761,HCQrUiy,17,1,0
127762,HCQrUjU,17,1,0
127763,HCQrUiu,17,1,0
127764,HCQrUi],17,1,0
127765,HCQrUjT,17,1,0
127766,HCQrUjL,17,1,0
127767,HCQrUhl,17,1,0
127768,HCQrUi\,17,1,0
127769,HCQrUjR,17,1,0
127770,HCQrUjJ,17,1,0
127771,HCQrUiZ,17,1,0
127772,HCQrUhN,17,1,0
127773,HCQrUj{,18,1,0
127774,HCQrUjy,18,1,0
127775,HCQrUju,18,1,0
127776,HCQrUjm,18,1,0
127777,HCQrUj],18,1,0
127778,HCQrUi},18,1,0
127779,HCQrUjx,18,1,0
127780,HCQrUjt,18,1,0
127781,HCQrUjl,18,1,0
127782,HCQrUj\,18,1,0
127783,HCQrUi|,18,1,0
127784,HCQrUjr,18,1,0
127785,HCQrUjj,18,1,0
127786,HCQrUjZ,18,1,0
127787,HCQrUiz,18,1,0
127788,HCQrUjf,18,1,0
127789,HCQrUjV,18,1,0
127790,HCQrUiv,18,1,0
127791,HCQrUjN,18,1,0
127792,HCQrUin,18,1,0
127793,HCQrUhn,18,1,0
127794,HCQrUi^,18,1,0
127795,HCQrUj},19,1,0
127796,HCQrUj|,19,1,0
127797,HCQrUjz,19,1,0
127798,HCQrUjv,19,1,0
127799,HCQrUjn,19,1,0
127800,HCQrUj^,19,1,0
127801,HCQrUi~,19,1,0
127802,HCQrUj~,20,1,0
127803,HCQrTjw,17,1,0
127804,HCQrTjq,17,1,0
127805,HCQrTji,17,1,0
127806,HCQrTjY,17,1,0
127807,HCQrTjU,17,1,0
127808,HCQrTiu,17,1,0
127809,HCQrTjM,17,1,0
127810,HCQrThm,17,1,0
127811,HCQrTjd,17,1,0
127812,HCQrTjT,17,1,0
127813,HCQrTit,17,0,1
127814,HCQrTjL,17,1,0
127815,HCQrThl,17,1,0
127816,HCQrTjF,17,1,0
127817,HCQrThf,17,1,0
127818,HCQrThN,17,1,0
127819,HCQrTj{,18,1,0
127820,HCQrTjy,18,1,0
127821,HCQrTju,18,1,0
127822,HCQrTjm,18,1,0
127823,HCQrTj],18,1,0
127824,HCQrTjt,18,1,0
127825,HCQrTjl,18,1,0
127826,HCQrTj\,18,1,0
127827,HCQrTjf,18,1,0
127828,HCQrTjV,18,1,0
127829,HCQrTiv,18,1,0
127830,HCQrTjN,18,1,0
127831,HCQrThn,18,1,0
127832,HCQrTj},19,1,0
127833,HCQrTj|,19,1,0
127834,HCQrTjv,19,1,0
127835,HCQrTjn,19,1,0
127836,HCQrTj^,19,1,0
127837,HCQrTj~,20,1,0
127838,HCQrUZQ,16,1,0
127839,HCQrUZI,16,1,0
127840,HCQrUZw,17,1,0
127841,HCQrUZs,17,1,0
127842,HCQrUZk,17,1,0
127843,HCQrUZ[,17,1,0
127844,HCQrUX{,17,1,0
127845,HCQrUZq,17,1,0
127846,HCQrUZi,17,1,0
127847,HCQrUZY,17,1,0
127848,HCQrUXy,17,1,0
127849,HCQrUZe,17,1,0
127850,HCQrUZU,17,1,0
127851,HCQrUYu,17,1,0
127852,HCQrUXu,17,1,0
127853,HCQrUZM,17,1,0
127854,HCQrUXm,17,1,0
127855,HCQrUX],17,1,0
127856,HCQrUZL,17,1,0
127857,HCQrUX\,17,1,0
127858,HCQrUZR,17,1,0
127859,HCQrUZ{,18,1,0
127860,HCQrUZy,18,1,0
127861,HCQrUZu,18,1,0
127862,HCQrUZm,18,1,0
127863,HCQrUZ],18,1,0
127864,HCQrUX},18,1,0
127865,HCQrUZx,18,1,0
127866,HCQrUZt,18,1,0
127867,HCQrUZl,18,1,0
127868,HCQrUZ\,18,1,0
127869,HCQrUX|,18,1,0
127870,HCQrUZr,18,1,0
127871,HCQrUZj,18,1,0
127872,HCQrUZZ,18,1,0
127873,HCQrUXz,18,1,0
127874,HCQrUZf,18,1,0
127875,HCQrUZV,18,1,0
127876,HCQrUYv,18,1,0
127877,HCQrUXv,18,1,0
127878,HCQrUZN,18,1,0
127879,HCQrUXn,18,1,0
127880,HCQrUX^,18,1,0
127881,HCQrUZ},19,1,0
127882,HCQrUZ|,19,1,0
127883,HCQrUZz,19,1,0
127884,HCQrUZv,19,1,0
127885,HCQrUZn,19,1,0
127886,HCQrUZ^,19,1,0
127887,HCQrUX~,19,1,0
127888,HCQrUZ~,20,1,0
127889,HCQrRXi,16,1,0
127890,HCQrRZw,17,1,0
127891,HCQrRZ[,17,1,0
127892,HCQrRZq,17,1,0
127893,HCQrRZi,17,1,0
127894,HCQrRZY,17,1,0
127895,HCQrRZe,17,1,0
127896,HCQrRZU,17,1,0
127897,HCQrRYu,17,1,0
127898,HCQrRZM,17,1,0
127899,HCQrRXm,17,1,0
127900,HCQrRZL,17,1,0
127901,HCQrRXl,17,1,0
127902,HCQrRZR,17,1,0
127903,HCQrRYr,17,1,0
127904,HCQrRZJ,17,1,0
127905,HCQrRZ{,18,1,0
127906,HCQrRZy,18,1,0
127907,HCQrRZu,18,1,0
127908,HCQrRZm,18,1,0
127909,HCQrRZ],18,1,0
127910,HCQrRZx,18,1,0
127911,HCQrRZt,18,1,0
127912,HCQrRZl,18,1,0
127913,HCQrRZ\,18,1,0
127914,HCQrRZr,18,1,0
127915,HCQrRZj,18,1,0
127916,HCQrRZZ,18,1,0
127917,HCQrRZf,18,1,0
127918,HCQrRZV,18,1,0
127919,HCQrRYv,18,1,0
127920,HCQrRZN,18,1,0
127921,HCQrRXn,18,1,0
127922,HCQrRZ},19,1,0
127923,HCQrRZ|,19,1,0
127924,HCQrRZz,19,1,0
127925,HCQrRZv,19,1,0
127926,HCQrRZn,19,1,0
127927,HCQrRZ^,19,1,0
127928,HCQrRZ~,20,1,0
127929,HCQrVrw,18,1,0
127930,HCQrVrs,18,1,0
127931,HCQrVrk,18,1,0
127932,HCQrVr[,18,1,0
127933,HCQrVre,18,1,0
127934,HCQrVrU,18,1,0
127935,HCQrVqu,18,1,0
127936,HCQrVr{,19,1,0
127937,HCQrVru,19,1,0
127938,HCQrVr],19,1,0
127939,HCQrVrx,19,1,0
127940,HCQrVrt,19,1,0
127941,HCQrVrl,19,1,0
127942,HCQrVr\,19,1,0
127943,HCQrVrf,19,1,0
127944,HCQrVrV,19,1,0
127945,HCQrVqv,19,1,0
127946,HCQrVr},20,1,0
127947,HCQrVr|,20,1,0
127948,HCQrVrv,20,1,0
127949,HCQrVr^,20,1,0
127950,HCQrVr~,21,1,0
127951,HCQrVjq,18,1,0
127952,HCQrVji,18,1,0
127953,HCQrVjY,18,1,0
127954,HCQrViy,18,1,0
127955,HCQrVj{,19,1,0
127956,HCQrVjy,19,1,0
127957,HCQrVju,19,1,0
127958,HCQrVjm,19,1,0
127959,HCQrVj],19,1,0
127960,HCQrVi},19,1,0
127961,HCQrVjt,19,1,0
127962,HCQrVj\,19,1,0
127963,HCQrVi|,19,1,0
127964,HCQrVjr,19,1,0
127965,HCQrVjj,19,1,0
127966,HCQrVjZ,19,1,0
127967,HCQrViz,19,1,0
127968,HCQrVjf,19,1,0
127969,HCQrVjV,19,1,0
127970,HCQrViv,19,1,0
127971,HCQrVjN,19,1,0
127972,HCQrVin,19,1,0
127973,HCQrVhn,19,1,0
127974,HCQrVi^,19,1,0
127975,HCQrVj},20,1,0
127976,HCQrVj|,20,1,0
127977,HCQrVjz,20,1,0
127978,HCQrVjv,20,1,0
127979,HCQrVjn,20,1,0
127980,HCQrVj^,20,1,0
127981,HCQrVi~,20,1,0
127982,HCQrVj~,21,1,0
127983,HCQrVZq,18,1,0
127984,HCQrVZY,18,1,0
127985,HCQrVZ{,19,1,0
127986,HCQrVZy,19,1,0
127987,HCQrVZu,19,1,0
127988,HCQrVZm,19,1,0
127989,HCQrVZ],19,1,0
127990,HCQrVX},19,1,0
127991,HCQrVZt,19,1,0
127992,HCQrVZl,19,1,0
127993,HCQrVZ\,19,1,0
127994,HCQrVX|,19,1,0
127995,HCQrVZr,19,1,0
127996,HCQrVZZ,19,1,0
127997,HCQrVZf,19,1,0
127998,HCQrVZV,19,1,0
127999,HCQrVYv,19,1,0
128000,HCQrVXv,19,1,0
128001,HCQrVZN,19,1,0
128002,HCQrVXn,19,1,0
128003,HCQrVX^,19,1,0
128004,HCQrVZ},20,1,0
128005,HCQrVZ|,20,1,0
128006,HCQrVZz,20,1,0
128007,HCQrVZv,20,1,0
128008,HCQrVZn,20,1,0
128009,HCQrVZ^,20,1,0
128010,HCQrVX~,20,1,0
128011,HCQrVZ~,21,1,0
128012,HCQrUzY,18,1,0
128013,HCQrUz{,19,1,0
128014,HCQrUzy,19,1,0
128015,HCQrUzu,19,1,0
128016,HCQrUzm,19,1,0
128017,HCQrUz],19,1,0
128018,HCQrUz\,19,1,0
128019,HCQrUzZ,19,1,0
128020,HCQrUzf,19,1,0
128021,HCQrUzV,19,1,0
128022,HCQrUyv,19,1,0
128023,HCQrUzN,19,1,0
128024,HCQrUxn,19,1,0
128025,HCQrUz},20,1,0
128026,HCQrUz|,20,1,0
128027,HCQrUzz,20,1,0
128028,HCQrUzv,20,1,0
128029,HCQrUzn,20,1,0
128030,HCQrUz^,20,1,0
128031,HCQrUz~,21,1,0
128032,HCQrVNe,18,1,0
128033,HCQrVNU,18,1,0
128034,HCQrVM],18,1,0
128035,HCQrVN{,19,1,0
128036,HCQrVNu,19,1,0
128037,HCQrVN],19,1,0
128038,HCQrVM},19,1,0
128039,HCQrVNf,19,1,0
128040,HCQrVNV,19,1,0
128041,HCQrVMv,19,1,0
128042,HCQrVLv,19,1,0
128043,HCQrVM^,19,1,0
128044,HCQrVK~,19,1,0
128045,HCQrVN},20,1,0
128046,HCQrVN|,20,1,0
128047,HCQrVNv,20,1,0
128048,HCQrVN^,20,1,0
128049,HCQrVM~,20,1,0
128050,HCQrVN~,21,1,0
128051,HCQrUnU,18,1,0
128052,HCQrUnM,18,1,0
128053,HCQrUm],18,1,0
128054,HCQrUn{,19,1,0
128055,HCQrUny,19,1,0
128056,HCQrUnu,19,1,0
128057,HCQrUnm,19,1,0
128058,HCQrUn],19,1,0
128059,HCQrUm},19,1,0
128060,HCQrUnV,19,1,0
128061,HCQrUnN,19,1,0
128062,HCQrUm^,19,1,0
128063,HCQrUn},20,1,0
128064,HCQrUn|,20,1,0
128065,HCQrUnz,20,1,0
128066,HCQrUnv,20,1,0
128067,HCQrUnn,20,1,0
128068,HCQrUn^,20,1,0
128069,HCQrUm~,20,1,0
128070,HCQrUn~,21,1,0
128071,HCQrTnU,18,1,0
128072,HCQrTnM,18,1,0
128073,HCQrTlm,18,1,0
128074,HCQrTn{,19,1,0
128075,HCQrTny,19,1,0
128076,HCQrTnu,19,1,0
128077,HCQrTnm,19,1,0
128078,HCQrTn],19,1,0
128079,HCQrTnV,19,1,0
128080,HCQrTmv,19,1,0
128081,HCQrTnN,19,1,0
128082,HCQrTln,19,1,0
128083,HCQrTn},20,1,0
128084,HCQrTn|,20,1,0
128085,HCQrTnz,20,1,0
128086,HCQrTnv,20,1,0
128087,HCQrTnn,20,1,0
128088,HCQrTn^,20,1,0
128089,HCQrTn~,21,1,0
128090,HCQrVz{,20,1,0
128091,HCQrVzy,20,1,0
128092,HCQrVzu,20,1,0
128093,HCQrVzm,20,1,0
128094,HCQrVz],20,1,0
128095,HCQrVz},21,1,0
128096,HCQrVz|,21,1,0
128097,HCQrVzz,21,1,0
128098,HCQrVzv,21,1,0
128099,HCQrVzn,21,1,0
128100,HCQrVz^,21,1,0
128101,HCQrVz~,22,1,0
128102,HCQrVnu,20,1,0
128103,HCQrVnm,20,1,0
128104,HCQrVn],20,1,0
128105,HCQrVm},20,1,0
128106,HCQrVn},21,1,0
128107,HCQrVnv,21,1,0
128108,HCQrVnn,21,1,0
128109,HCQrVn^,21,1,0
128110,HCQrVm~,21,1,0
128111,HCQrVn~,22,1,0
128112,HCQrU~],20,1,0
128113,HCQrU~},21,1,0
128114,HCQrU~^,21,1,0
128115,HCQrU~~,22,1,0
128116,HCQrV~},22,1,0
128117,HCQrV~~,23,1,0
128120,HCQvf`j,18,1,0
128171,HCQvfPj,18,1,0
128237,HCQvepj,18,1,0
128284,HCQvdpj,18,1,0
128504,HCQvVPj,18,1,0
128556,HCQvUpj,18,1,0
128610,HCQvRqu,18,1,0
128619,HCQvRpj,18,1,0
128938,HCQuupj,18,1,0
129073,HCQun`j,18,1,0
129126,HCQunPj,18,1,0
129185,HCQumpj,18,1,0
129223,HCQulpj,18,1,0
129399,HCQtn`l,18,1,0
129421,HCQtnRs,18,1,0
129422,HCQtnRk,18,1,0
129423,HCQtnR[,18,1,0
129424,HCQtnRU,18,1,0
129425,HCQtnPu,18,1,0
129426,HCQtnRM,18,1,0
129427,HCQtnPm,18,1,0
129428,HCQtnP],18,1,0
129429,HCQtnRp,18,1,0
129430,HCQtnPx,18,1,0
129431,HCQtnRd,18,1,0
129432,HCQtnRT,18,1,0
129433,HCQtnQt,18,1,0
129434,HCQtnPt,18,1,0
129435,HCQtnRL,18,1,0
129436,HCQtnPl,18,1,0
129437,HCQtnP\,18,1,0
129438,HCQtnRF,18,1,0
129439,HCQtnQf,18,1,0
129440,HCQtnPf,18,1,0
129441,HCQtnQV,18,1,0
129442,HCQtnPV,18,1,0
129443,HCQtnOv,18,1,0
129444,HCQtnPN,18,1,0
129445,HCQtnR{,19,1,0
129446,HCQtnRu,19,1,0
129447,HCQtnRm,19,1,0
129448,HCQtnR],19,1,0
129449,HCQtnP},19,1,0
129450,HCQtnRx,19,1,0
129451,HCQtnRt,19,1,0
129452,HCQtnRl,19,1,0
129453,HCQtnR\,19,1,0
129454,HCQtnP|,19,1,0
129455,HCQtnRf,19,1,0
129456,HCQtnRV,19,1,0
129457,HCQtnQv,19,1,0
129458,HCQtnPv,19,1,0
129459,HCQtnRN,19,1,0
129460,HCQtnPn,19,1,0
129461,HCQtnP^,19,1,0
129462,HCQtnR},20,1,0
129463,HCQtnR|,20,1,0
129464,HCQtnRv,20,1,0
129465,HCQtnRn,20,1,0
129466,HCQtnR^,20,1,0
129467,HCQtnP~,20,1,0
129468,HCQtnR~,21,1,0
129469,HCQtmrs,18,1,0
129470,HCQtmrk,18,1,0
129471,HCQtmr[,18,1,0
129472,HCQtmre,18,1,0
129473,HCQtmrM,18,1,0
129474,HCQtmrd,18,1,0
129475,HCQtmrL,18,1,0
129476,HCQtmpl,18,1,0
129477,HCQtmrF,18,1,0
129478,HCQtmpf,18,1,0
129479,HCQtmqV,18,1,0
129480,HCQtmpN,18,1,0
129481,HCQtmr{,19,1,0
129482,HCQtmru,19,1,0
129483,HCQtmrm,19,1,0
129484,HCQtmr],19,1,0
129485,HCQtmrx,19,1,0
129486,HCQtmrt,19,1,0
129487,HCQtmrl,19,1,0
129488,HCQtmr\,19,1,0
129489,HCQtmrf,19,1,0
129490,HCQtmrV,19,1,0
129491,HCQtmqv,19,1,0
129492,HCQtmrN,19,1,0
129493,HCQtmpn,19,1,0
129494,HCQtmr},20,1,0
129495,HCQtmr|,20,1,0
129496,HCQtmrv,20,1,0
129497,HCQtmrn,20,1,0
129498,HCQtmr^,20,1,0
129499,HCQtmr~,21,1,0
129625,HCQu^`j,18,1,0
129694,HCQu^Pj,18,1,0
129743,HCQu]pj,18,1,0
129789,HCQuZpj,18,1,0
130081,HCQr^at,18,1,0
130091,HCQr^`j,18,1,0
130135,HCQr]qu,18,1,0
130139,HCQr]qt,18,1,0
131758,HCp`fQq,15,1,0
131776,HCp`fQu,16,1,0
131852,HCp`equ,16,1,0
131853,HCp`epu,16,1,0
132000,HCp`fYy,17,1,0
132114,HCpdfQu,17,1,0
132174,HCpdepe,16,1,0
132183,HCpdepu,17,1,0
132219,HCpddpm,17,1,0
132334,HCpdbpl,17,1,0
132605,HCpdbiq,16,1,0
132607,HCpdbjI,16,1,0
132624,HCpdbjY,17,1,0
132625,HCpdbiy,17,1,0
132648,HCpdbhl,17,1,0
132718,HCpdeYy,17,1,0
132721,HCpdeYu,17,1,0
132839,HCpdbZo,16,1,0
132840,HCpdbYw,16,1,0
132841,HCpdbZS,16,1,0
132842,HCpdbYs,16,1,0
132843,HCpdbYk,16,1,0
132844,HCpdbXk,16,1,0
132845,HCpdbY[,16,1,0
132846,HCpdbZa,16,1,0
132847,HCpdbZQ,16,1,0
132848,HCpdbYi,16,1,0
132849,HCpdbZE,16,1,0
132850,HCpdbZw,17,1,0
132851,HCpdbZs,17,1,0
132852,HCpdbZk,17,1,0
132853,HCpdbZ[,17,1,0
132854,HCpdbY{,17,1,0
132855,HCpdbX{,17,1,0
132856,HCpdbZq,17,1,0
132857,HCpdbZi,17,1,0
132858,HCpdbZY,17,1,0
132859,HCpdbYy,17,1,0
132860,HCpdbZe,17,1,0
132861,HCpdbZU,17,1,0
132862,HCpdbZp,17,1,0
132863,HCpdbZh,17,1,0
132864,HCpdbZX,17,1,0
132865,HCpdbYx,17,1,0
132866,HCpdbZd,17,1,0
132867,HCpdbZT,17,1,0
132868,HCpdbYt,17,1,0
132869,HCpdbZL,17,1,0
132870,HCpdbYl,17,1,0
132871,HCpdbXl,17,1,0
132872,HCpdbY\,17,1,0
132873,HCpdbZb,17,1,0
132874,HCpdbZR,17,1,0
132875,HCpdbYr,17,1,0
132876,HCpdbZJ,17,1,0
132877,HCpdbYj,17,1,0
132878,HCpdbZF,17,1,0
132879,HCpdbZ{,18,1,0
132880,HCpdbZy,18,1,0
132881,HCpdbZu,18,1,0
132882,HCpdbZm,18,1,0
132883,HCpdbZx,18,1,0
132884,HCpdbZt,18,1,0
132885,HCpdbZl,18,1,0
132886,HCpdbZ\,18,1,0
132887,HCpdbY|,18,1,0
132888,HCpdbX|,18,1,0
132889,HCpdbZr,18,1,0
132890,HCpdbZj,18,1,0
132891,HCpdbZZ,18,1,0
132892,HCpdbYz,18,1,0
132893,HCpdbZf,18,1,0
132894,HCpdbZV,18,1,0
132895,HCpdbZ},19,1,0
132896,HCpdbZ|,19,1,0
132897,HCpdbZz,19,1,0
132898,HCpdbZv,19,1,0
132899,HCpdbZn,19,1,0
132900,HCpdbZ~,20,1,0
133088,HCpddT{,17,1,0
133304,HCpdbyy,18,1,0
133646,HCpbepu,17,1,0
133649,HCpbepm,17,1,0
133746,HCpbdpm,17,1,0
134157,HCpbbjY,17,1,0
134325,HCpbbN[,17,1,0
134727,HCpdQiq,15,1,0
134743,HCpdQiy,16,1,0
134849,HCpdRjI,16,1,0
134861,HCpdRjY,17,1,0
134867,HCpdRht,17,1,0
135349,HCpbPjY,16,1,0
135382,HCpbUpu,17,1,0
135445,HCpbThi,16,1,0
135447,HCpbThe,16,1,0
135460,HCpbThm,17,1,0
135462,HCpbTit,17,1,0
135657,HCpbRN[,17,1,0
135658,HCpbRM{,17,1,0
136458,HCpfbYy,18,1,0
136475,HCpfbXl,18,1,0
137370,HCpfRht,18,1,0
137854,HCpevJY,18,1,0
137953,HCperjs,18,1,0
137954,HCperi{,18,1,0
137955,HCperjq,18,1,0
137956,HCperji,18,1,0
137957,HCperjY,18,1,0
137958,HCperhy,18,1,0
137959,HCperje,18,1,0
137960,HCperjU,18,1,0
137961,HCperhu,18,1,0
137962,HCperjM,18,1,0
137963,HCperim,18,1,0
137964,HCperhm,18,1,0
137965,HCperi],18,1,0
137966,HCperh],18,1,0
137967,HCperg},18,1,0
137968,HCperjp,18,1,0
137969,HCperjh,18,1,0
137970,HCperjX,18,1,0
137971,HCperhx,18,1,0
137972,HCperjT,18,1,0
137973,HCperjL,18,1,0
137974,HCperh\,18,1,0
137975,HCperir,18,1,0
137976,HCperhr,18,1,0
137977,HCperij,18,1,0
137978,HCperhj,18,1,0
137979,HCperiZ,18,1,0
137980,HCpergz,18,1,0
137981,HCperif,18,1,0
137982,HCperhf,18,1,0
137983,HCperiV,18,1,0
137984,HCperhV,18,1,0
137985,HCpergv,18,1,0
137986,HCperiN,18,1,0
137987,HCperhN,18,1,0
137988,HCpergn,18,1,0
137989,HCperg^,18,1,0
137990,HCperj{,19,1,0
137991,HCperjy,19,1,0
137992,HCperju,19,1,0
137993,HCperjm,19,1,0
137994,HCperj],19,1,0
137995,HCperi},19,1,0
137996,HCperh},19,1,0
137997,HCperjx,19,1,0
137998,HCperjt,19,1,0
137999,HCperjl,19,1,0
138000,HCperj\,19,1,0
138001,HCperi|,19,1,0
138002,HCperh|,19,1,0
138003,HCperjr,19,1,0
138004,HCperjj,19,1,0
138005,HCperjZ,19,1,0
138006,HCperiz,19,1,0
138007,HCperhz,19,1,0
138008,HCperjf,19,1,0
138009,HCperjV,19,1,0
138010,HCperiv,19,1,0
138011,HCperhv,19,1,0
138012,HCperjN,19,1,0
138013,HCperin,19,1,0
138014,HCperhn,19,1,0
138015,HCperi^,19,1,0
138016,HCperh^,19,1,0
138017,HCperg~,19,1,0
138018,HCperj},20,1,0
138019,HCperj|,20,1,0
138020,HCperjz,20,1,0
138021,HCperjv,20,1,0
138022,HCperjn,20,1,0
138023,HCperj^,20,1,0
138024,HCperi~,20,1,0
138025,HCperh~,20,1,0
138026,HCperj~,21,1,0
138050,HCperZq,18,1,0
138051,HCperZe,18,1,0
138052,HCperZU,18,1,0
138053,HCperYu,18,1,0
138054,HCperXu,18,1,0
138055,HCperXm,18,1,0
138056,HCperYr,18,1,0
138057,HCperZJ,18,1,0
138058,HCperXj,18,1,0
138059,HCperYZ,18,1,0
138060,HCperYf,18,1,0
138061,HCperZ{,19,1,0
138062,HCperZy,19,1,0
138063,HCperZu,19,1,0
138064,HCperZm,19,1,0
138065,HCperZ],19,1,0
138066,HCperY},19,1,0
138067,HCperX},19,1,0
138068,HCperZr,19,1,0
138069,HCperZj,19,1,0
138070,HCperZZ,19,1,0
138071,HCperYz,19,1,0
138072,HCperXz,19,1,0
138073,HCperZf,19,1,0
138074,HCperZV,19,1,0
138075,HCperYv,19,1,0
138076,HCperZN,19,1,0
138077,HCperZ},20,1,0
138078,HCperZz,20,1,0
138079,HCperZv,20,1,0
138080,HCperZn,20,1,0
138081,HCperZ~,21,1,0
138388,HCpdupu,18,1,0
138496,HCpdrjY,18,1,0
138497,HCpdriy,18,1,0
139687,HCpfJYy,18,1,0
140384,HCpejYy,18,1,0
140819,HCpdnQu,18,1,0
140887,HCpdmpu,18,1,0
140893,HCpdmrX,18,1,0
140965,HCpdlpm,18,1,0
141258,HCpdmYu,18,1,0
142795,HCpVUji,18,1,0
142826,HCpVTji,18,1,0
143600,HCrbcxu,18,1,0
144479,HCrbR]{,19,1,0
145509,HCrerjY,19,1,0
146984,HCrRRf[,18,1,0
147171,HCrRVVs,19,1,0
148921,HCpvVji,20,1,0
149733,HCprnPu,19,1,0
149738,HCprnRh,19,1,0
149784,HCprmrw,19,1,0
149785,HCprmrs,19,1,0
149786,HCprmr[,19,1,0
149787,HCprmrU,19,1,0
149788,HCprmpu,19,1,0
149789,HCprmrM,19,1,0
149790,HCprmrp,19,1,0
149791,HCprmrh,19,1,0
149792,HCprmrX,19,1,0
149793,HCprmrd,19,1,0
149794,HCprmrT,19,1,0
149795,HCprmpt,19,1,0
149796,HCprmrL,19,1,0
149797,HCprmql,19,1,0
149798,HCprmqf,19,1,0
149799,HCprmqV,19,1,0
149800,HCprmpV,19,1,0
149801,HCprmqN,19,1,0
149802,HCprmr{,20,1,0
149803,HCprmru,20,1,0
149804,HCprmrm,20,1,0
149805,HCprmr],20,1,0
149806,HCprmrx,20,1,0
149807,HCprmrt,20,1,0
149808,HCprmrl,20,1,0
149809,HCprmr\,20,1,0
149810,HCprmrf,20,1,0
149811,HCprmrV,20,1,0
149812,HCprmqv,20,1,0
149813,HCprmpv,20,1,0
149814,HCprmrN,20,1,0
149815,HCprmqn,20,1,0
149816,HCprmr},21,1,0
149817,HCprmr|,21,1,0
149818,HCprmrv,21,1,0
149819,HCprmrn,21,1,0
149820,HCprmr^,21,1,0
149821,HCprmr~,22,1,0
150333,HCrJdpr,18,1,0
150565,HCrJffk,19,1,0
150566,HCrJff[,19,1,0
151295,HCrI~bp,19,1,0
152007,HCqjepu,18,1,0
152035,HCqjbfK,17,1,0
152037,HCqjbfk,18,1,0
152044,HCqjbdr,18,1,0
154130,HCXefRU,17,1,0
154204,HCXeepm,17,1,0
154257,HCXedpe,16,1,0
154273,HCXedpm,17,1,0
154283,HCXedpl,17,1,0
154376,HCXedYY,16,1,0
154389,HCXedZY,17,1,0
154405,HCXedXl,17,1,0
154480,HCXecxl,17,1,0
154651,HCXecvk,17,1,0
154738,HCXe`^Y,17,1,0
154748,HCXe`\l,17,1,0
156143,HCXethm,18,1,0
156162,HCXerYu,18,1,0
156163,HCXerXm,18,1,0
156164,HCXerZp,18,1,0
156165,HCXerZX,18,1,0
156166,HCXerYx,18,1,0
156167,HCXerZd,18,1,0
156168,HCXerZR,18,1,0
156169,HCXerYr,18,1,0
156170,HCXerYj,18,1,0
156171,HCXerXj,18,1,0
156172,HCXerYf,18,1,0
156173,HCXerZ{,19,1,0
156174,HCXerZy,19,1,0
156175,HCXerZu,19,1,0
156176,HCXerZm,19,1,0
156177,HCXerZx,19,1,0
156178,HCXerZt,19,1,0
156179,HCXerZl,19,1,0
156180,HCXerZr,19,1,0
156181,HCXerZj,19,1,0
156182,HCXerZZ,19,1,0
156183,HCXerYz,19,1,0
156184,HCXerZf,19,1,0
156185,HCXerYv,19,1,0
156186,HCXerXn,19,1,0
156187,HCXerZ},20,1,0
156188,HCXerZ|,20,1,0
156189,HCXerZz,20,1,0
156190,HCXerZv,20,1,0
156191,HCXerZn,20,1,0
156192,HCXerZ~,21,1,0
156393,HCXb^`m,18,1,0
158017,HCZbvhy,20,1,0
158233,HCZfMrX,19,1,0
158288,HCZfJpx,19,1,0
158671,HCZelpl,19,1,0
158742,HCZejpx,19,1,0
159880,HCZVDhm,18,1,0
159928,HCZVDXj,18,1,0
160208,HCZVFV[,19,1,0
160381,HCZTfPk,17,1,0
160832,HCZTb^U,19,1,0
161209,HCZVVji,20,1,0
161675,HCZTv`j,19,1,0
161949,HCZUnRw,19,1,0
161950,HCZUnRs,19,1,0
161951,HCZUnRk,19,1,0
161952,HCZUnR[,19,1,0
161953,HCZUnRe,19,1,0
161954,HCZUnRU,19,1,0
161955,HCZUnQu,19,1,0
161956,HCZUnPu,19,1,0
161957,HCZUnRM,19,1,0
161958,HCZUnQm,19,1,0
161959,HCZUnPm,19,1,0
161960,HCZUnP],19,1,0
161961,HCZUnRp,19,1,0
161962,HCZUnRh,19,1,0
161963,HCZUnRX,19,1,0
161964,HCZUnQx,19,1,0
161965,HCZUnRd,19,1,0
161966,HCZUnRT,19,1,0
161967,HCZUnPt,19,1,0
161968,HCZUnRL,19,1,0
161969,HCZUnQl,19,1,0
161970,HCZUnP\,19,1,0
161971,HCZUnO|,19,1,0
161972,HCZUnRF,19,1,0
161973,HCZUnQf,19,1,0
161974,HCZUnPf,19,1,0
161975,HCZUnQV,19,1,0
161976,HCZUnPV,19,1,0
161977,HCZUnOv,19,1,0
161978,HCZUnPN,19,1,0
161979,HCZUnOn,19,1,0
161980,HCZUnO^,19,1,0
161981,HCZUnR{,20,1,0
161982,HCZUnRu,20,1,0
161983,HCZUnRm,20,1,0
161984,HCZUnR],20,1,0
161985,HCZUnQ},20,1,0
161986,HCZUnP},20,1,0
161987,HCZUnRx,20,1,0
161988,HCZUnRt,20,1,0
161989,HCZUnRl,20,1,0
161990,HCZUnR\,20,1,0
161991,HCZUnQ|,20,1,0
161992,HCZUnP|,20,1,0
161993,HCZUnRf,20,1,0
161994,HCZUnRV,20,1,0
161995,HCZUnQv,20,1,0
161996,HCZUnPv,20,1,0
161997,HCZUnRN,20,1,0
161998,HCZUnQn,20,1,0
161999,HCZUnPn,20,1,0
162000,HCZUnQ^,20,1,0
162001,HCZUnP^,20,1,0
162002,HCZUnO~,20,1,0
162003,HCZUnR},21,1,0
162004,HCZUnR|,21,1,0
162005,HCZUnRv,21,1,0
162006,HCZUnRn,21,1,0
162007,HCZUnR^,21,1,0
162008,HCZUnQ~,21,1,0
162009,HCZUnP~,21,1,0
162010,HCZUnR~,22,1,0
162035,HCZUlpl,19,1,0
162222,HCZTn`l,19,1,0
162255,HCZTnPl,19,1,0
162300,HCZTmpl,19,1,0
162305,HCZTmpj,19,1,0
162914,HCZLb`k,16,1,0
162924,HCZLb`h,16,1,0
162943,HCZLb`l,17,1,0
162989,HCZLf`l,18,1,0
163043,HCZLayy,18,1,0
163300,HCZLdvk,19,1,0
163301,HCZLdv[,19,1,0
163765,HCZJdhm,18,1,0
163903,HCZJdfK,17,1,0
163904,HCZJdek,17,1,0
163908,HCZJdfk,18,1,0
163923,HCZJddm,18,1,0
163941,HCZJder,18,1,0
164483,HCZJb]u,19,1,0
164719,HCZNfZq,20,1,0
164992,HCZMthm,19,1,0
165270,HCZLvIy,19,1,0
165342,HCZLuiy,19,1,0
165777,HCZJthm,19,1,0
165787,HCZJtit,19,1,0
166896,HCZLn`l,19,1,0
167826,HCZM^bp,19,1,0
168077,HCZL^bp,19,1,0
169804,HCXnFd{,19,1,0
170030,HCXmdbo,16,1,0
170031,HCXmdbg,16,1,0
170032,HCXmdbW,16,1,0
170033,HCXmdbK,16,1,0
170034,HCXmd`k,16,1,0
170035,HCXmda[,16,1,0
170036,HCXmdba,16,1,0
170037,HCXmdbQ,16,1,0
170038,HCXmdaq,16,1,0
170039,HCXmdbI,16,1,0
170040,HCXmdai,16,1,0
170041,HCXmd`i,16,1,0
170042,HCXmd`b,16,1,0
170043,HCXmdbw,17,1,0
170044,HCXmdbk,17,1,0
170045,HCXmdb[,17,1,0
170046,HCXmdbq,17,1,0
170047,HCXmdbi,17,1,0
170048,HCXmdbY,17,1,0
170049,HCXmday,17,1,0
170050,HCXmd`m,17,1,0
170051,HCXmdbb,17,1,0
170052,HCXmdb{,18,1,0
170053,HCXmdby,18,1,0
170054,HCXmdbm,18,1,0
170055,HCXmdb],18,1,0
170056,HCXmda},18,1,0
170057,HCXmdbr,18,1,0
170058,HCXmdbj,18,1,0
170059,HCXmdb},19,1,0
170060,HCXmdbz,19,1,0
170061,HCXmdb~,20,1,0
170062,HCXmfaw,17,1,0
170063,HCXmfa[,17,1,0
170064,HCXmfai,17,1,0
170065,HCXmfbw,18,1,0
170066,HCXmfbk,18,1,0
170067,HCXmfb[,18,1,0
170068,HCXmfa{,18,1,0
170069,HCXmfbq,18,1,0
170070,HCXmfbi,18,1,0
170071,HCXmfbY,18,1,0
170072,HCXmfay,18,1,0
170073,HCXmfbM,18,1,0
170074,HCXmf`m,18,1,0
170075,HCXmfbp,18,1,0
170076,HCXmfbh,18,1,0
170077,HCXmfbX,18,1,0
170078,HCXmf`l,18,1,0
170079,HCXmfbb,18,1,0
170080,HCXmfb{,19,1,0
170081,HCXmfby,19,1,0
170082,HCXmfbm,19,1,0
170083,HCXmfb],19,1,0
170084,HCXmfa},19,1,0
170085,HCXmfbx,19,1,0
170086,HCXmfbl,19,1,0
170087,HCXmfb\,19,1,0
170088,HCXmfbr,19,1,0
170089,HCXmfbj,19,1,0
170090,HCXmfb},20,1,0
170091,HCXmfb|,20,1,0
170092,HCXmfbz,20,1,0
170093,HCXmfb~,21,1,0
170094,HCXmfQe,17,1,0
170095,HCXmfRs,18,1,0
170096,HCXmfRq,18,1,0
170097,HCXmfPy,18,1,0
170098,HCXmfRe,18,1,0
170099,HCXmfQu,18,1,0
170100,HCXmfP],18,1,0
170101,HCXmfRX,18,1,0
170102,HCXmfRd,18,1,0
170103,HCXmfPt,18,1,0
170104,HCXmfRJ,18,1,0
170105,HCXmfR{,19,1,0
170106,HCXmfRy,19,1,0
170107,HCXmfRu,19,1,0
170108,HCXmfRm,19,1,0
170109,HCXmfR],19,1,0
170110,HCXmfQ},19,1,0
170111,HCXmfP},19,1,0
170112,HCXmfRx,19,1,0
170113,HCXmfRt,19,1,0
170114,HCXmfRl,19,1,0
170115,HCXmfR\,19,1,0
170116,HCXmfP|,19,1,0
170117,HCXmfRr,19,1,0
170118,HCXmfRj,19,1,0
170119,HCXmfRZ,19,1,0
170120,HCXmfRf,19,1,0
170121,HCXmfR},20,1,0
170122,HCXmfR|,20,1,0
170123,HCXmfRz,20,1,0
170124,HCXmfRv,20,1,0
170125,HCXmfRn,20,1,0
170126,HCXmfR~,21,1,0
170127,HCXmers,18,1,0
170128,HCXmeq{,18,1,0
170129,HCXmerq,18,1,0
170130,HCXmeqy,18,1,0
170131,HCXmerU,18,1,0
170132,HCXmequ,18,1,0
170133,HCXmeqm,18,1,0
170134,HCXmeq],18,1,0
170135,HCXmerX,18,1,0
170136,HCXmerT,18,1,0
170137,HCXmerb,18,1,0
170138,HCXmerR,18,1,0
170139,HCXmerF,18,1,0
170140,HCXmeqV,18,1,0
170141,HCXmer{,19,1,0
170142,HCXmery,19,1,0
170143,HCXmeru,19,1,0
170144,HCXmerm,19,1,0
170145,HCXmer],19,1,0
170146,HCXmeq},19,1,0
170147,HCXmerx,19,1,0
170148,HCXmert,19,1,0
170149,HCXmerl,19,1,0
170150,HCXmer\,19,1,0
170151,HCXmeq|,19,1,0
170152,HCXmerr,19,1,0
170153,HCXmerj,19,1,0
170154,HCXmerZ,19,1,0
170155,HCXmeqz,19,1,0
170156,HCXmerf,19,1,0
170157,HCXmerV,19,1,0
170158,HCXmeqv,19,1,0
170159,HCXmerN,19,1,0
170160,HCXmeqn,19,1,0
170161,HCXmepn,19,1,0
170162,HCXmeq^,19,1,0
170163,HCXmer},20,1,0
170164,HCXmer|,20,1,0
170165,HCXmerz,20,1,0
170166,HCXmerv,20,1,0
170167,HCXmern,20,1,0
170168,HCXmer^,20,1,0
170169,HCXmeq~,20,1,0
170170,HCXmer~,21,1,0
170171,HCXmdrS,17,1,0
170172,HCXmdqs,17,1,0
170173,HCXmdra,17,1,0
170174,HCXmdrQ,17,1,0
170175,HCXmdqq,17,1,0
170176,HCXmdrE,17,1,0
170177,HCXmdpe,17,1,0
170178,HCXmdrw,18,1,0
170179,HCXmdrs,18,1,0
170180,HCXmdrk,18,1,0
170181,HCXmdr[,18,1,0
170182,HCXmdq{,18,1,0
170183,HCXmdrq,18,1,0
170184,HCXmdri,18,1,0
170185,HCXmdrY,18,1,0
170186,HCXmdqy,18,1,0
170187,HCXmdre,18,1,0
170188,HCXmdrU,18,1,0
170189,HCXmdqu,18,1,0
170190,HCXmdrM,18,1,0
170191,HCXmdqm,18,1,0
170192,HCXmdpm,18,1,0
170193,HCXmdq],18,1,0
170194,HCXmdrX,18,1,0
170195,HCXmdqx,18,1,0
170196,HCXmdrd,18,1,0
170197,HCXmdrT,18,1,0
170198,HCXmdqt,18,1,0
170199,HCXmdrL,18,1,0
170200,HCXmdq\,18,1,0
170201,HCXmdrb,18,1,0
170202,HCXmdrR,18,1,0
170203,HCXmdrF,18,1,0
170204,HCXmdqf,18,1,0
170205,HCXmdpf,18,1,0
170206,HCXmdqV,18,1,0
170207,HCXmdr{,19,1,0
170208,HCXmdry,19,1,0
170209,HCXmdru,19,1,0
170210,HCXmdrm,19,1,0
170211,HCXmdr],19,1,0
170212,HCXmdq},19,1,0
170213,HCXmdrx,19,1,0
170214,HCXmdrt,19,1,0
170215,HCXmdrl,19,1,0
170216,HCXmdr\,19,1,0
170217,HCXmdq|,19,1,0
170218,HCXmdrr,19,1,0
170219,HCXmdrj,19,1,0
170220,HCXmdrZ,19,1,0
170221,HCXmdqz,19,1,0
170222,HCXmdrf,19,1,0
170223,HCXmdrV,19,1,0
170224,HCXmdqv,19,1,0
170225,HCXmdrN,19,1,0
170226,HCXmdqn,19,1,0
170227,HCXmdpn,19,1,0
170228,HCXmdq^,19,1,0
170229,HCXmdr},20,1,0
170230,HCXmdr|,20,1,0
170231,HCXmdrz,20,1,0
170232,HCXmdrv,20,1,0
170233,HCXmdrn,20,1,0
170234,HCXmdr^,20,1,0
170235,HCXmdq~,20,1,0
170236,HCXmdr~,21,1,0
170237,HCXmeZk,18,1,0
170238,HCXmeZ[,18,1,0
170239,HCXmeX{,18,1,0
170240,HCXmeZM,18,1,0
170241,HCXmeXm,18,1,0
170242,HCXmeX],18,1,0
170243,HCXmeZh,18,1,0
170244,HCXmeZX,18,1,0
170245,HCXmeXx,18,1,0
170246,HCXmeZL,18,1,0
170247,HCXmeX\,18,1,0
170248,HCXmeZJ,18,1,0
170249,HCXmeZ{,19,1,0
170250,HCXmeZy,19,1,0
170251,HCXmeZm,19,1,0
170252,HCXmeZ],19,1,0
170253,HCXmeY},19,1,0
170254,HCXmeX},19,1,0
170255,HCXmeZx,19,1,0
170256,HCXmeZl,19,1,0
170257,HCXmeZ\,19,1,0
170258,HCXmeX|,19,1,0
170259,HCXmeZr,19,1,0
170260,HCXmeZj,19,1,0
170261,HCXmeZZ,19,1,0
170262,HCXmeZN,19,1,0
170263,HCXmeZ},20,1,0
170264,HCXmeZ|,20,1,0
170265,HCXmeZz,20,1,0
170266,HCXmeZn,20,1,0
170267,HCXmeZ^,20,1,0
170268,HCXmeZ~,21,1,0
170269,HCXmdZa,17,1,0
170270,HCXmdZ[,18,1,0
170271,HCXmdZq,18,1,0
170272,HCXmdZY,18,1,0
170273,HCXmdYy,18,1,0
170274,HCXmdY],18,1,0
170275,HCXmdX],18,1,0
170276,HCXmdZh,18,1,0
170277,HCXmdZX,18,1,0
170278,HCXmdYx,18,1,0
170279,HCXmdXx,18,1,0
170280,HCXmdYl,18,1,0
170281,HCXmdY\,18,1,0
170282,HCXmdW|,18,1,0
170283,HCXmdZR,18,1,0
170284,HCXmdZ{,19,1,0
170285,HCXmdZy,19,1,0
170286,HCXmdZm,19,1,0
170287,HCXmdZ],19,1,0
170288,HCXmdY},19,1,0
170289,HCXmdX},19,1,0
170290,HCXmdZx,19,1,0
170291,HCXmdZl,19,1,0
170292,HCXmdZ\,19,1,0
170293,HCXmdY|,19,1,0
170294,HCXmdX|,19,1,0
170295,HCXmdZr,19,1,0
170296,HCXmdZj,19,1,0
170297,HCXmdZZ,19,1,0
170298,HCXmdYz,19,1,0
170299,HCXmdXz,19,1,0
170300,HCXmdZN,19,1,0
170301,HCXmdYn,19,1,0
170302,HCXmdXn,19,1,0
170303,HCXmdY^,19,1,0
170304,HCXmdX^,19,1,0
170305,HCXmdW~,19,1,0
170306,HCXmdZ},20,1,0
170307,HCXmdZ|,20,1,0
170308,HCXmdZz,20,1,0
170309,HCXmdZn,20,1,0
170310,HCXmdZ^,20,1,0
170311,HCXmdY~,20,1,0
170312,HCXmdX~,20,1,0
170313,HCXmdZ~,21,1,0
170314,HCXmczk,18,1,0
170315,HCXmcz[,18,1,0
170316,HCXmcy{,18,1,0
170317,HCXmczq,18,1,0
170318,HCXmczY,18,1,0
170319,HCXmcyy,18,1,0
170320,HCXmczM,18,1,0
170321,HCXmcym,18,1,0
170322,HCXmcxm,18,1,0
170323,HCXmcy],18,1,0
170324,HCXmczX,18,1,0
170325,HCXmcy\,18,1,0
170326,HCXmcz{,19,1,0
170327,HCXmczy,19,1,0
170328,HCXmczm,19,1,0
170329,HCXmcz],19,1,0
170330,HCXmcy},19,1,0
170331,HCXmczx,19,1,0
170332,HCXmczl,19,1,0
170333,HCXmcz\,19,1,0
170334,HCXmcy|,19,1,0
170335,HCXmczr,19,1,0
170336,HCXmczj,19,1,0
170337,HCXmczZ,19,1,0
170338,HCXmcyz,19,1,0
170339,HCXmczN,19,1,0
170340,HCXmcyn,19,1,0
170341,HCXmcxn,19,1,0
170342,HCXmcy^,19,1,0
170343,HCXmcz},20,1,0
170344,HCXmcz|,20,1,0
170345,HCXmczz,20,1,0
170346,HCXmczn,20,1,0
170347,HCXmcz^,20,1,0
170348,HCXmcy~,20,1,0
170349,HCXmcz~,21,1,0
170350,HCXmdfo,17,1,0
170351,HCXmdfg,17,1,0
170352,HCXmdfK,17,1,0
170353,HCXmdfw,18,1,0
170354,HCXmdfk,18,1,0
170355,HCXmdf[,18,1,0
170356,HCXmdfi,18,1,0
170357,HCXmdfY,18,1,0
170358,HCXmdey,18,1,0
170359,HCXmdfM,18,1,0
170360,HCXmdem,18,1,0
170361,HCXmddm,18,1,0
170362,HCXmde],18,1,0
170363,HCXmdfb,18,1,0
170364,HCXmdfJ,18,1,0
170365,HCXmddj,18,1,0
170366,HCXmddN,18,1,0
170367,HCXmdf{,19,1,0
170368,HCXmdfy,19,1,0
170369,HCXmdfm,19,1,0
170370,HCXmdf],19,1,0
170371,HCXmde},19,1,0
170372,HCXmdfr,19,1,0
170373,HCXmdfj,19,1,0
170374,HCXmdfZ,19,1,0
170375,HCXmdfN,19,1,0
170376,HCXmddn,19,1,0
170377,HCXmde^,19,1,0
170378,HCXmdf},20,1,0
170379,HCXmdfz,20,1,0
170380,HCXmdfn,20,1,0
170381,HCXmdf^,20,1,0
170382,HCXmdf~,21,1,0
170383,HCXmfqu,19,1,0
170384,HCXmfr{,20,1,0
170385,HCXmfry,20,1,0
170386,HCXmfru,20,1,0
170387,HCXmfrm,20,1,0
170388,HCXmfr],20,1,0
170389,HCXmfq},20,1,0
170390,HCXmfrx,20,1,0
170391,HCXmfrt,20,1,0
170392,HCXmfrl,20,1,0
170393,HCXmfr\,20,1,0
170394,HCXmfq|,20,1,0
170395,HCXmfrj,20,1,0
170396,HCXmfrZ,20,1,0
170397,HCXmfqz,20,1,0
170398,HCXmfrf,20,1,0
170399,HCXmfrV,20,1,0
170400,HCXmfqv,20,1,0
170401,HCXmfrN,20,1,0
170402,HCXmfqn,20,1,0
170403,HCXmfpn,20,1,0
170404,HCXmfq^,20,1,0
170405,HCXmfr},21,1,0
170406,HCXmfr|,21,1,0
170407,HCXmfrz,21,1,0
170408,HCXmfrv,21,1,0
170409,HCXmfrn,21,1,0
170410,HCXmfr^,21,1,0
170411,HCXmfq~,21,1,0
170412,HCXmfr~,22,1,0
170413,HCXmfZ{,20,1,0
170414,HCXmfZy,20,1,0
170415,HCXmfZm,20,1,0
170416,HCXmfZ],20,1,0
170417,HCXmfY},20,1,0
170418,HCXmfX},20,1,0
170419,HCXmfZl,20,1,0
170420,HCXmfZ\,20,1,0
170421,HCXmfX|,20,1,0
170422,HCXmfZZ,20,1,0
170423,HCXmfZN,20,1,0
170424,HCXmfYn,20,1,0
170425,HCXmfXn,20,1,0
170426,HCXmfY^,20,1,0
170427,HCXmfX^,20,1,0
170428,HCXmfW~,20,1,0
170429,HCXmfZ},21,1,0
170430,HCXmfZ|,21,1,0
170431,HCXmfZz,21,1,0
170432,HCXmfZn,21,1,0
170433,HCXmfZ^,21,1,0
170434,HCXmfY~,21,1,0
170435,HCXmfX~,21,1,0
170436,HCXmfZ~,22,1,0
170437,HCXmez{,20,1,0
170438,HCXmezy,20,1,0
170439,HCXmezm,20,1,0
170440,HCXmez],20,1,0
170441,HCXmey},20,1,0
170442,HCXmez\,20,1,0
170443,HCXmezN,20,1,0
170444,HCXmexn,20,1,0
170445,HCXmey^,20,1,0
170446,HCXmez},21,1,0
170447,HCXmez|,21,1,0
170448,HCXmezz,21,1,0
170449,HCXmezn,21,1,0
170450,HCXmez^,21,1,0
170451,HCXmey~,21,1,0
170452,HCXmez~,22,1,0
170453,HCXmdz{,20,1,0
170454,HCXmdzy,20,1,0
170455,HCXmdzm,20,1,0
170456,HCXmdz],20,1,0
170457,HCXmdy},20,1,0
170458,HCXmdzl,20,1,0
170459,HCXmdz\,20,1,0
170460,HCXmdy|,20,1,0
170461,HCXmdzj,20,1,0
170462,HCXmdzZ,20,1,0
170463,HCXmdzN,20,1,0
170464,HCXmdyn,20,1,0
170465,HCXmdxn,20,1,0
170466,HCXmdy^,20,1,0
170467,HCXmdz},21,1,0
170468,HCXmdz|,21,1,0
170469,HCXmdzz,21,1,0
170470,HCXmdzn,21,1,0
170471,HCXmdz^,21,1,0
170472,HCXmdy~,21,1,0
170473,HCXmdz~,22,1,0
170474,HCXmfe{,19,1,0
170475,HCXmff{,20,1,0
170476,HCXmffy,20,1,0
170477,HCXmffm,20,1,0
170478,HCXmff],20,1,0
170479,HCXmfe},20,1,0
170480,HCXmffx,20,1,0
170481,HCXmffl,20,1,0
170482,HCXmff\,20,1,0
170483,HCXmfe|,20,1,0
170484,HCXmffr,20,1,0
170485,HCXmffj,20,1,0
170486,HCXmffZ,20,1,0
170487,HCXmfez,20,1,0
170488,HCXmffN,20,1,0
170489,HCXmfen,20,1,0
170490,HCXmfdn,20,1,0
170491,HCXmfe^,20,1,0
170492,HCXmff},21,1,0
170493,HCXmff|,21,1,0
170494,HCXmffz,21,1,0
170495,HCXmffn,21,1,0
170496,HCXmff^,21,1,0
170497,HCXmfe~,21,1,0
170498,HCXmff~,22,1,0
170499,HCXmfV{,20,1,0
170500,HCXmfVy,20,1,0
170501,HCXmfVu,20,1,0
170502,HCXmfVm,20,1,0
170503,HCXmfV],20,1,0
170504,HCXmfU},20,1,0
170505,HCXmfT},20,1,0
170506,HCXmfVl,20,1,0
170507,HCXmfV\,20,1,0
170508,HCXmfT|,20,1,0
170509,HCXmfVj,20,1,0
170510,HCXmfVZ,20,1,0
170511,HCXmfTz,20,1,0
170512,HCXmfVf,20,1,0
170513,HCXmfVV,20,1,0
170514,HCXmfTv,20,1,0
170515,HCXmfVN,20,1,0
170516,HCXmfUn,20,1,0
170517,HCXmfTn,20,1,0
170518,HCXmfU^,20,1,0
170519,HCXmfT^,20,1,0
170520,HCXmfS~,20,1,0
170521,HCXmfV},21,1,0
170522,HCXmfV|,21,1,0
170523,HCXmfVz,21,1,0
170524,HCXmfVv,21,1,0
170525,HCXmfVn,21,1,0
170526,HCXmfV^,21,1,0
170527,HCXmfU~,21,1,0
170528,HCXmfT~,21,1,0
170529,HCXmfV~,22,1,0
170530,HCXmev{,20,1,0
170531,HCXmevy,20,1,0
170532,HCXmevu,20,1,0
170533,HCXmevm,20,1,0
170534,HCXmev],20,1,0
170535,HCXmeu},20,1,0
170536,HCXmev\,20,1,0
170537,HCXmevZ,20,1,0
170538,HCXmevV,20,1,0
170539,HCXmevN,20,1,0
170540,HCXmetn,20,1,0
170541,HCXmeu^,20,1,0
170542,HCXmev},21,1,0
170543,HCXmev|,21,1,0
170544,HCXmevz,21,1,0
170545,HCXmevv,21,1,0
170546,HCXmevn,21,1,0
170547,HCXmev^,21,1,0
170548,HCXmeu~,21,1,0
170549,HCXmev~,22,1,0
170550,HCXmdv{,20,1,0
170551,HCXmdvy,20,1,0
170552,HCXmdvu,20,1,0
170553,HCXmdvm,20,1,0
170554,HCXmdv],20,1,0
170555,HCXmdu},20,1,0
170556,HCXmdvl,20,1,0
170557,HCXmdv\,20,1,0
170558,HCXmdu|,20,1,0
170559,HCXmdvj,20,1,0
170560,HCXmdvZ,20,1,0
170561,HCXmduz,20,1,0
170562,HCXmdvf,20,1,0
170563,HCXmdvV,20,1,0
170564,HCXmduv,20,1,0
170565,HCXmdvN,20,1,0
170566,HCXmdun,20,1,0
170567,HCXmdtn,20,1,0
170568,HCXmdu^,20,1,0
170569,HCXmdv},21,1,0
170570,HCXmdv|,21,1,0
170571,HCXmdvz,21,1,0
170572,HCXmdvv,21,1,0
170573,HCXmdvn,21,1,0
170574,HCXmdv^,21,1,0
170575,HCXmdu~,21,1,0
170576,HCXmdv~,22,1,0
170577,HCXme]],19,1,0
170578,HCXme^{,20,1,0
170579,HCXme^y,20,1,0
170580,HCXme^m,20,1,0
170581,HCXme^],20,1,0
170582,HCXme]},20,1,0
170583,HCXme\},20,1,0
170584,HCXme^N,20,1,0
170585,HCXme\^,20,1,0
170586,HCXme^},21,1,0
170587,HCXme^|,21,1,0
170588,HCXme^z,21,1,0
170589,HCXme^n,21,1,0
170590,HCXme^^,21,1,0
170591,HCXme]~,21,1,0
170592,HCXme\~,21,1,0
170593,HCXme^~,22,1,0
170594,HCXmd^M,19,1,0
170595,HCXmd]m,19,1,0
170596,HCXmd]],19,1,0
170597,HCXmd\],19,1,0
170598,HCXmd[},19,1,0
170599,HCXmd^{,20,1,0
170600,HCXmd^y,20,1,0
170601,HCXmd^m,20,1,0
170602,HCXmd^],20,1,0
170603,HCXmd]},20,1,0
170604,HCXmd\},20,1,0
170605,HCXmd^\,20,1,0
170606,HCXmd^Z,20,1,0
170607,HCXmd^N,20,1,0
170608,HCXmd]n,20,1,0
170609,HCXmd\n,20,1,0
170610,HCXmd]^,20,1,0
170611,HCXmd\^,20,1,0
170612,HCXmd[~,20,1,0
170613,HCXmd^},21,1,0
170614,HCXmd^|,21,1,0
170615,HCXmd^z,21,1,0
170616,HCXmd^n,21,1,0
170617,HCXmd^^,21,1,0
170618,HCXmd]~,21,1,0
170619,HCXmd\~,21,1,0
170620,HCXmd^~,22,1,0
170621,HCXmb]y,19,1,0
170622,HCXmb]m,19,1,0
170623,HCXmb]],19,1,0
170624,HCXmb^{,20,1,0
170625,HCXmb^y,20,1,0
170626,HCXmb^m,20,1,0
170627,HCXmb^],20,1,0
170628,HCXmb]},20,1,0
170629,HCXmb^N,20,1,0
170630,HCXmb\n,20,1,0
170631,HCXmb^},21,1,0
170632,HCXmb^|,21,1,0
170633,HCXmb^z,21,1,0
170634,HCXmb^n,21,1,0
170635,HCXmb^^,21,1,0
170636,HCXmb]~,21,1,0
170637,HCXmb^~,22,1,0
170638,HCXmc}],19,1,0
170639,HCXmc~{,20,1,0
170640,HCXmc~y,20,1,0
170641,HCXmc~m,20,1,0
170642,HCXmc~],20,1,0
170643,HCXmc}},20,1,0
170644,HCXmc~N,20,1,0
170645,HCXmc|n,20,1,0
170646,HCXmc}^,20,1,0
170647,HCXmc~},21,1,0
170648,HCXmc~|,21,1,0
170649,HCXmc~z,21,1,0
170650,HCXmc~n,21,1,0
170651,HCXmc~^,21,1,0
170652,HCXmc}~,21,1,0
170653,HCXmc~~,22,1,0
170654,HCXmfz{,21,1,0
170655,HCXmfzm,21,1,0
170656,HCXmfz],21,1,0
170657,HCXmfy},21,1,0
170658,HCXmfz},22,1,0
170659,HCXmfz|,22,1,0
170660,HCXmfzn,22,1,0
170661,HCXmfz^,22,1,0
170662,HCXmfy~,22,1,0
170663,HCXmfz~,23,1,0
170664,HCXmfv{,21,1,0
170665,HCXmfvy,21,1,0
170666,HCXmfvu,21,1,0
170667,HCXmfvm,21,1,0
170668,HCXmfv],21,1,0
170669,HCXmfu},21,1,0
170670,HCXmfv},22,1,0
170671,HCXmfv|,22,1,0
170672,HCXmfvz,22,1,0
170673,HCXmfvv,22,1,0
170674,HCXmfvn,22,1,0
170675,HCXmfv^,22,1,0
170676,HCXmfu~,22,1,0
170677,HCXmfv~,23,1,0
170678,HCXmf^m,21,1,0
170679,HCXmf^],21,1,0
170680,HCXmf\},21,1,0
170681,HCXmf^},22,1,0
170682,HCXmf^n,22,1,0
170683,HCXmf^^,22,1,0
170684,HCXmf\~,22,1,0
170685,HCXmf^~,23,1,0
170686,HCXme~],21,1,0
170687,HCXme~},22,1,0
170688,HCXme~^,22,1,0
170689,HCXme~~,23,1,0
170690,HCXmd~m,21,1,0
170691,HCXmd~],21,1,0
170692,HCXmd}},21,1,0
170693,HCXmd~},22,1,0
170694,HCXmd~n,22,1,0
170695,HCXmd~^,22,1,0
170696,HCXmd}~,22,1,0
170697,HCXmd~~,23,1,0
170698,HCXmf~},23,1,0
170699,HCXmf~~,24,1,0
170736,HCXnfZq,20,1,0
170943,HCXnUir,19,1,0
171203,HCXmvar,19,1,0
171252,HCXmuir,19,1,0
171289,HCXmthm,19,1,0
171292,HCXmtjR,19,1,0
171569,HCXm^bp,19,1,0
171575,HCXm^ar,19,1,0
171923,HCXj^bw,19,1,0
171924,HCXj^bk,19,1,0
171925,HCXj^b[,19,1,0
171926,HCXj^bM,19,1,0
171927,HCXj^`m,19,1,0
171928,HCXj^a],19,1,0
171929,HCXj^bp,19,1,0
171930,HCXj^bh,19,1,0
171931,HCXj^`l,19,1,0
171932,HCXj^a\,19,1,0
171933,HCXj^aN,19,1,0
171934,HCXj^`N,19,1,0
171935,HCXj^b{,20,1,0
171936,HCXj^bm,20,1,0
171937,HCXj^b],20,1,0
171938,HCXj^bx,20,1,0
171939,HCXj^bl,20,1,0
171940,HCXj^b\,20,1,0
171941,HCXj^bN,20,1,0
171942,HCXj^`n,20,1,0
171943,HCXj^a^,20,1,0
171944,HCXj^b},21,1,0
171945,HCXj^b|,21,1,0
171946,HCXj^bn,21,1,0
171947,HCXj^b^,21,1,0
171948,HCXj^b~,22,1,0
172035,HCXk~bR,19,1,0
172732,HCY^FV[,19,1,0
173145,HCY^Uji,19,1,0
173158,HCY^UjT,19,1,0
174022,HCY]n`l,19,1,0
174928,HCZnfZq,21,1,0
176147,HCdbCre,15,0,1
176197,HCdbEre,16,1,0
176227,HCdbFJW,15,1,0
176237,HCdbFJY,16,1,0
176294,HCdbEhm,16,1,0
176304,HCdbEhf,16,0,1
176325,HCdbBNo,15,0,1
176326,HCdbBNw,16,0,1
176327,HCdbBNs,16,0,1
176328,HCdbBN[,16,1,0
176329,HCdbBNe,16,0,1
176330,HCdbBNp,16,0,1
176331,HCdbBNX,16,0,1
176332,HCdbBNd,16,0,1
176333,HCdbBN{,17,0,1
176334,HCdbBNu,17,0,1
176335,HCdbBNx,17,0,1
176336,HCdbBNt,17,0,1
176337,HCdbBN\,17,0,1
176338,HCdbBNf,17,0,1
176339,HCdbBN},18,0,1
176340,HCdbBN|,18,0,1
176341,HCdbBNv,18,0,1
176342,HCdbBN~,19,0,1
176392,HCdbEze,17,1,0
176449,HCdebPk,15,1,0
176463,HCdebPh,15,1,0
176485,HCdebPl,16,1,0
176506,HCdebJo,15,1,0
176507,HCdebJg,15,1,0
176508,HCdebJW,15,1,0
176509,HCdebIw,15,1,0
176510,HCdebJc,15,1,0
176511,HCdebJS,15,1,0
176512,HCdebIs,15,1,0
176513,HCdebJK,15,1,0
176514,HCdebIk,15,1,0
176515,HCdebHk,15,1,0
176516,HCdebI[,15,1,0
176517,HCdebJa,15,1,0
176518,HCdebJQ,15,1,0
176519,HCdebIq,15,1,0
176520,HCdebJI,15,1,0
176521,HCdebJE,15,1,0
176522,HCdebIU,15,1,0
176523,HCdebIT,15,1,0
176524,HCdebJw,16,1,0
176525,HCdebJs,16,1,0
176526,HCdebJk,16,1,0
176527,HCdebJ[,16,1,0
176528,HCdebI{,16,1,0
176529,HCdebJq,16,1,0
176530,HCdebJi,16,1,0
176531,HCdebJY,16,1,0
176532,HCdebIy,16,1,0
176533,HCdebJe,16,1,0
176534,HCdebJU,16,1,0
176535,HCdebIu,16,1,0
176536,HCdebI],16,1,0
176537,HCdebJT,16,1,0
176538,HCdebIt,16,1,0
176539,HCdebJ{,17,1,0
176540,HCdebJy,17,1,0
176541,HCdebJu,17,1,0
176542,HCdebJm,17,1,0
176543,HCdebJ],17,1,0
176544,HCdebI},17,1,0
176545,HCdebJt,17,1,0
176546,HCdebJ\,17,1,0
176547,HCdebI|,17,1,0
176548,HCdebJV,17,1,0
176549,HCdebJ},18,1,0
176550,HCdebJ|,18,1,0
176551,HCdebJv,18,1,0
176552,HCdebJ~,19,1,0
176566,HCdef`l,17,1,0
176572,HCdef`f,17,1,0
176614,HCdedpm,17,1,0
176619,HCdedpl,17,1,0
176626,HCdedpf,17,1,0
176664,HCdefIy,17,1,0
176707,HCdedhl,17,1,0
176714,HCdedhf,17,1,0
176747,HCdebZo,16,1,0
176748,HCdebZg,16,1,0
176749,HCdebZS,16,1,0
176750,HCdebYs,16,1,0
176751,HCdebZK,16,1,0
176752,HCdebY[,16,1,0
176753,HCdebZQ,16,1,0
176754,HCdebYq,16,1,0
176755,HCdebZI,16,1,0
176756,HCdebYi,16,1,0
176757,HCdebXi,16,1,0
176758,HCdebZE,16,1,0
176759,HCdebYe,16,1,0
176760,HCdebYU,16,1,0
176761,HCdebYM,16,1,0
176762,HCdebWm,16,1,0
176763,HCdebZw,17,1,0
176764,HCdebZs,17,1,0
176765,HCdebZk,17,1,0
176766,HCdebZ[,17,1,0
176767,HCdebY{,17,1,0
176768,HCdebZq,17,1,0
176769,HCdebZi,17,1,0
176770,HCdebZY,17,1,0
176771,HCdebYy,17,1,0
176772,HCdebZe,17,1,0
176773,HCdebZU,17,1,0
176774,HCdebYu,17,1,0
176775,HCdebZM,17,1,0
176776,HCdebYm,17,1,0
176777,HCdebXm,17,1,0
176778,HCdebY],17,1,0
176779,HCdebZL,17,1,0
176780,HCdebXl,17,1,0
176781,HCdebZ{,18,1,0
176782,HCdebZy,18,1,0
176783,HCdebZu,18,1,0
176784,HCdebZm,18,1,0
176785,HCdebZ],18,1,0
176786,HCdebY},18,1,0
176787,HCdebZx,18,1,0
176788,HCdebZt,18,1,0
176789,HCdebZl,18,1,0
176790,HCdebZ\,18,1,0
176791,HCdebY|,18,1,0
176792,HCdebZr,18,1,0
176793,HCdebZj,18,1,0
176794,HCdebZZ,18,1,0
176795,HCdebYz,18,1,0
176796,HCdebZf,18,1,0
176797,HCdebZV,18,1,0
176798,HCdebYv,18,1,0
176799,HCdebZN,18,1,0
176800,HCdebYn,18,1,0
176801,HCdebXn,18,1,0
176802,HCdebY^,18,1,0
176803,HCdebZ},19,1,0
176804,HCdebZ|,19,1,0
176805,HCdebZz,19,1,0
176806,HCdebZv,19,1,0
176807,HCdebZn,19,1,0
176808,HCdebZ^,19,1,0
176809,HCdebY~,19,1,0
176810,HCdebZ~,20,1,0
176813,HCdeedm,17,1,0
176837,HCdeddm,17,1,0
177283,HCdcrJo,15,0,1
177284,HCdcrJW,15,0,1
177285,HCdcrJc,15,0,1
177286,HCdcrJS,15,0,1
177287,HCdcrI[,15,0,1
177288,HCdcrJD,15,0,1
177289,HCdcrIT,15,0,1
177290,HCdcrJw,16,0,1
177291,HCdcrJs,16,0,1
177292,HCdcrJ[,16,0,1
177293,HCdcrJY,16,0,1
177294,HCdcrI],16,0,1
177295,HCdcrJd,16,0,1
177296,HCdcrJT,16,0,1
177297,HCdcrI\,16,0,1
177298,HCdcrJ{,17,0,1
177299,HCdcrJy,17,0,1
177300,HCdcrJ],17,0,1
177301,HCdcrJt,17,0,1
177302,HCdcrJ\,17,0,1
177303,HCdcrI^,17,0,1
177304,HCdcrJ},18,0,1
177305,HCdcrJ|,18,0,1
177306,HCdcrJ^,18,0,1
177307,HCdcrJ~,19,0,1
177312,HCdcure,17,1,0
177422,HCdbNbo,16,1,0
177423,HCdbNbg,16,1,0
177424,HCdbNbc,16,1,0
177425,HCdbNbS,16,1,0
177426,HCdbN`k,16,1,0
177427,HCdbNa[,16,1,0
177428,HCdbNbE,16,1,0
177429,HCdbN`e,16,1,0
177430,HCdbNaU,16,1,0
177431,HCdbNaM,16,1,0
177432,HCdbNbw,17,1,0
177433,HCdbNbs,17,1,0
177434,HCdbNbk,17,1,0
177435,HCdbNb[,17,1,0
177436,HCdbNbe,17,1,0
177437,HCdbNbU,17,1,0
177438,HCdbNbM,17,1,0
177439,HCdbN`m,17,1,0
177440,HCdbNa],17,1,0
177441,HCdbNbp,17,1,0
177442,HCdbNbh,17,1,0
177443,HCdbNbd,17,1,0
177444,HCdbNbT,17,1,0
177445,HCdbNbL,17,1,0
177446,HCdbN`l,17,1,0
177447,HCdbNa\,17,1,0
177448,HCdbNbF,17,1,0
177449,HCdbN`f,17,0,1
177450,HCdbNaV,17,1,0
177451,HCdbNaN,17,1,0
177452,HCdbN`N,17,1,0
177453,HCdbNb{,18,1,0
177454,HCdbNbu,18,1,0
177455,HCdbNbm,18,1,0
177456,HCdbNb],18,1,0
177457,HCdbNbx,18,1,0
177458,HCdbNbt,18,1,0
177459,HCdbNbl,18,1,0
177460,HCdbNb\,18,1,0
177461,HCdbNbf,18,1,0
177462,HCdbNbV,18,1,0
177463,HCdbNbN,18,1,0
177464,HCdbN`n,18,1,0
177465,HCdbNa^,18,1,0
177466,HCdbNb},19,1,0
177467,HCdbNb|,19,1,0
177468,HCdbNbv,19,1,0
177469,HCdbNbn,19,1,0
177470,HCdbNb^,19,1,0
177471,HCdbNb~,20,1,0
177472,HCdbMro,16,1,0
177473,HCdbMrc,16,1,0
177474,HCdbMrS,16,1,0
177475,HCdbMqs,16,1,0
177476,HCdbMq[,16,1,0
177477,HCdbMrE,16,1,0
177478,HCdbMqe,16,1,0
177479,HCdbMqU,16,1,0
177480,HCdbMrw,17,1,0
177481,HCdbMrs,17,1,0
177482,HCdbMr[,17,1,0
177483,HCdbMq{,17,1,0
177484,HCdbMre,17,1,0
177485,HCdbMrU,17,1,0
177486,HCdbMqu,17,1,0
177487,HCdbMq],17,1,0
177488,HCdbMrp,17,1,0
177489,HCdbMrX,17,1,0
177490,HCdbMqx,17,1,0
177491,HCdbMrd,17,1,0
177492,HCdbMrT,17,1,0
177493,HCdbMqt,17,1,0
177494,HCdbMq\,17,1,0
177495,HCdbMrF,17,1,0
177496,HCdbMqf,17,1,0
177497,HCdbMpf,17,1,0
177498,HCdbMqV,17,1,0
177499,HCdbMr{,18,1,0
177500,HCdbMru,18,1,0
177501,HCdbMr],18,1,0
177502,HCdbMq},18,1,0
177503,HCdbMrx,18,1,0
177504,HCdbMrt,18,1,0
177505,HCdbMr\,18,1,0
177506,HCdbMq|,18,1,0
177507,HCdbMrf,18,1,0
177508,HCdbMrV,18,1,0
177509,HCdbMqv,18,1,0
177510,HCdbMq^,18,1,0
177511,HCdbMr},19,1,0
177512,HCdbMr|,19,1,0
177513,HCdbMrv,19,1,0
177514,HCdbMr^,19,1,0
177515,HCdbMq~,19,1,0
177516,HCdbMr~,20,1,0
177517,HCdbNIY,16,1,0
177518,HCdbNJw,17,1,0
177519,HCdbNJs,17,1,0
177520,HCdbNJ[,17,1,0
177521,HCdbNJq,17,1,0
177522,HCdbNJY,17,1,0
177523,HCdbNHy,17,1,0
177524,HCdbNJU,17,1,0
177525,HCdbNI],17,1,0
177526,HCdbNJd,17,1,0
177527,HCdbNJT,17,1,0
177528,HCdbNHt,17,1,0
177529,HCdbNI\,17,1,0
177530,HCdbNH\,17,1,0
177531,HCdbNJb,17,1,0
177532,HCdbNHr,17,1,0
177533,HCdbNJF,17,1,0
177534,HCdbNIV,17,1,0
177535,HCdbNHV,17,1,0
177536,HCdbNG^,17,1,0
177537,HCdbNJ{,18,1,0
177538,HCdbNJy,18,1,0
177539,HCdbNJu,18,1,0
177540,HCdbNJ],18,1,0
177541,HCdbNH},18,1,0
177542,HCdbNJx,18,1,0
177543,HCdbNJt,18,1,0
177544,HCdbNJ\,18,1,0
177545,HCdbNH|,18,1,0
177546,HCdbNJr,18,1,0
177547,HCdbNJZ,18,1,0
177548,HCdbNHz,18,1,0
177549,HCdbNJf,18,1,0
177550,HCdbNJV,18,1,0
177551,HCdbNHv,18,1,0
177552,HCdbNI^,18,1,0
177553,HCdbNH^,18,1,0
177554,HCdbNJ},19,1,0
177555,HCdbNJ|,19,1,0
177556,HCdbNJz,19,1,0
177557,HCdbNJv,19,1,0
177558,HCdbNJ^,19,1,0
177559,HCdbNH~,19,1,0
177560,HCdbNJ~,20,1,0
177561,HCdbMjQ,16,1,0
177562,HCdbMiq,16,1,0
177563,HCdbMjw,17,1,0
177564,HCdbMjq,17,1,0
177565,HCdbMji,17,1,0
177566,HCdbMjY,17,1,0
177567,HCdbMiy,17,1,0
177568,HCdbMje,17,1,0
177569,HCdbMjU,17,1,0
177570,HCdbMjM,17,1,0
177571,HCdbMhm,17,1,0
177572,HCdbMjT,17,1,0
177573,HCdbMit,17,1,0
177574,HCdbMjL,17,1,0
177575,HCdbMil,17,1,0
177576,HCdbMi\,17,1,0
177577,HCdbMjb,17,1,0
177578,HCdbMjR,17,1,0
177579,HCdbMir,17,1,0
177580,HCdbMjJ,17,1,0
177581,HCdbMij,17,1,0
177582,HCdbMhj,17,1,0
177583,HCdbMiV,17,1,0
177584,HCdbMiN,17,1,0
177585,HCdbMj{,18,1,0
177586,HCdbMjy,18,1,0
177587,HCdbMju,18,1,0
177588,HCdbMjm,18,1,0
177589,HCdbMj],18,1,0
177590,HCdbMi},18,1,0
177591,HCdbMjx,18,1,0
177592,HCdbMjt,18,1,0
177593,HCdbMjl,18,1,0
177594,HCdbMj\,18,1,0
177595,HCdbMi|,18,1,0
177596,HCdbMjr,18,1,0
177597,HCdbMjj,18,1,0
177598,HCdbMjZ,18,1,0
177599,HCdbMiz,18,1,0
177600,HCdbMjf,18,1,0
177601,HCdbMjV,18,1,0
177602,HCdbMiv,18,1,0
177603,HCdbMjN,18,1,0
177604,HCdbMin,18,1,0
177605,HCdbMhn,18,1,0
177606,HCdbMi^,18,1,0
177607,HCdbMj},19,1,0
177608,HCdbMj|,19,1,0
177609,HCdbMjz,19,1,0
177610,HCdbMjv,19,1,0
177611,HCdbMjn,19,1,0
177612,HCdbMj^,19,1,0
177613,HCdbMi~,19,1,0
177614,HCdbMj~,20,1,0
177615,HCdbKzQ,16,1,0
177616,HCdbKyY,16,1,0
177617,HCdbKzw,17,1,0
177618,HCdbKzs,17,1,0
177619,HCdbKz[,17,1,0
177620,HCdbKzq,17,1,0
177621,HCdbKzY,17,1,0
177622,HCdbKze,17,1,0
177623,HCdbKzU,17,1,0
177624,HCdbKy],17,1,0
177625,HCdbKy\,17,1,0
177626,HCdbKzb,17,1,0
177627,HCdbKzR,17,1,0
177628,HCdbKyZ,17,1,0
177629,HCdbKz{,18,1,0
177630,HCdbKzy,18,1,0
177631,HCdbKzu,18,1,0
177632,HCdbKz],18,1,0
177633,HCdbKzx,18,1,0
177634,HCdbKzt,18,1,0
177635,HCdbKz\,18,1,0
177636,HCdbKzr,18,1,0
177637,HCdbKzZ,18,1,0
177638,HCdbKzf,18,1,0
177639,HCdbKzV,18,1,0
177640,HCdbKy^,18,1,0
177641,HCdbKz},19,1,0
177642,HCdbKz|,19,1,0
177643,HCdbKzz,19,1,0
177644,HCdbKzv,19,1,0
177645,HCdbKz^,19,1,0
177646,HCdbKz~,20,1,0
177647,HCdbMNw,17,1,0
177648,HCdbMNs,17,1,0
177649,HCdbMN[,17,1,0
177650,HCdbMM{,17,1,0
177651,HCdbML{,17,1,0
177652,HCdbMNe,17,1,0
177653,HCdbMNU,17,1,0
177654,HCdbMMu,17,1,0
177655,HCdbMLu,17,1,0
177656,HCdbMM],17,1,0
177657,HCdbML],17,1,0
177658,HCdbMK},17,1,0
177659,HCdbMNT,17,1,0
177660,HCdbMMt,17,1,0
177661,HCdbMM\,17,1,0
177662,HCdbML\,17,1,0
177663,HCdbMK|,17,1,0
177664,HCdbMNF,17,1,0
177665,HCdbMMf,17,1,0
177666,HCdbMMV,17,1,0
177667,HCdbMLV,17,1,0
177668,HCdbMKv,17,1,0
177669,HCdbMK^,17,1,0
177670,HCdbMN{,18,1,0
177671,HCdbMNu,18,1,0
177672,HCdbMN],18,1,0
177673,HCdbMM},18,1,0
177674,HCdbML},18,1,0
177675,HCdbMNx,18,1,0
177676,HCdbMNt,18,1,0
177677,HCdbMN\,18,1,0
177678,HCdbMM|,18,1,0
177679,HCdbML|,18,1,0
177680,HCdbMNf,18,1,0
177681,HCdbMNV,18,1,0
177682,HCdbMMv,18,1,0
177683,HCdbMLv,18,1,0
177684,HCdbMM^,18,1,0
177685,HCdbML^,18,1,0
177686,HCdbMK~,18,1,0
177687,HCdbMN},19,1,0
177688,HCdbMN|,19,1,0
177689,HCdbMNv,19,1,0
177690,HCdbMN^,19,1,0
177691,HCdbMM~,19,1,0
177692,HCdbML~,19,1,0
177693,HCdbMN~,20,1,0
177694,HCdbJNw,17,1,0
177695,HCdbJNe,17,0,1
177696,HCdbJNU,17,0,1
177697,HCdbJM],17,0,1
177698,HCdbJNF,17,0,1
177699,HCdbJMV,17,0,1
177700,HCdbJN{,18,0,1
177701,HCdbJNu,18,0,1
177702,HCdbJN],18,0,1
177703,HCdbJNf,18,0,1
177704,HCdbJNV,18,0,1
177705,HCdbJM^,18,0,1
177706,HCdbJN},19,0,1
177707,HCdbJNv,19,0,1
177708,HCdbJN^,19,0,1
177709,HCdbJN~,20,0,1
177710,HCdbKnw,17,1,0
177711,HCdbKns,17,1,0
177712,HCdbKnM,17,1,0
177713,HCdbKlm,17,1,0
177714,HCdbKm],17,1,0
177715,HCdbKm\,17,1,0
177716,HCdbKmV,17,1,0
177717,HCdbKmN,17,1,0
177718,HCdbKn{,18,1,0
177719,HCdbKnu,18,1,0
177720,HCdbKnm,18,1,0
177721,HCdbKn],18,1,0
177722,HCdbKnx,18,1,0
177723,HCdbKnt,18,1,0
177724,HCdbKnl,18,1,0
177725,HCdbKn\,18,1,0
177726,HCdbKnf,18,1,0
177727,HCdbKnV,18,1,0
177728,HCdbKnN,18,1,0
177729,HCdbKln,18,1,0
177730,HCdbKm^,18,1,0
177731,HCdbKn},19,1,0
177732,HCdbKn|,19,1,0
177733,HCdbKnv,19,1,0
177734,HCdbKnn,19,1,0
177735,HCdbKn^,19,1,0
177736,HCdbKn~,20,1,0
177737,HCdbNrw,18,1,0
177738,HCdbNrs,18,1,0
177739,HCdbNr[,18,1,0
177740,HCdbNre,18,1,0
177741,HCdbNrU,18,1,0
177742,HCdbNq],18,1,0
177743,HCdbNr{,19,1,0
177744,HCdbNru,19,1,0
177745,HCdbNr],19,1,0
177746,HCdbNrx,19,1,0
177747,HCdbNrt,19,1,0
177748,HCdbNr\,19,1,0
177749,HCdbNrf,19,1,0
177750,HCdbNrV,19,1,0
177751,HCdbNq^,19,1,0
177752,HCdbNr},20,1,0
177753,HCdbNr|,20,1,0
177754,HCdbNrv,20,1,0
177755,HCdbNr^,20,1,0
177756,HCdbNr~,21,1,0
177757,HCdbNjq,18,1,0
177758,HCdbNji,18,1,0
177759,HCdbNj{,19,1,0
177760,HCdbNjy,19,1,0
177761,HCdbNju,19,1,0
177762,HCdbNjm,19,1,0
177763,HCdbNj],19,1,0
177764,HCdbNjt,19,1,0
177765,HCdbNjl,19,1,0
177766,HCdbNjr,19,1,0
177767,HCdbNjj,19,1,0
177768,HCdbNjf,19,1,0
177769,HCdbNjV,19,1,0
177770,HCdbNjN,19,1,0
177771,HCdbNhn,19,1,0
177772,HCdbNi^,19,1,0
177773,HCdbNj},20,1,0
177774,HCdbNj|,20,1,0
177775,HCdbNjz,20,1,0
177776,HCdbNjv,20,1,0
177777,HCdbNjn,20,1,0
177778,HCdbNj^,20,1,0
177779,HCdbNj~,21,1,0
177780,HCdbMzq,18,1,0
177781,HCdbMzY,18,1,0
177782,HCdbMyy,18,1,0
177783,HCdbMz{,19,1,0
177784,HCdbMzy,19,1,0
177785,HCdbMzu,19,1,0
177786,HCdbMz],19,1,0
177787,HCdbMy},19,1,0
177788,HCdbMzt,19,1,0
177789,HCdbMz\,19,1,0
177790,HCdbMy|,19,1,0
177791,HCdbMzr,19,1,0
177792,HCdbMzZ,19,1,0
177793,HCdbMyz,19,1,0
177794,HCdbMzf,19,1,0
177795,HCdbMzV,19,1,0
177796,HCdbMyv,19,1,0
177797,HCdbMy^,19,1,0
177798,HCdbMz},20,1,0
177799,HCdbMz|,20,1,0
177800,HCdbMzz,20,1,0
177801,HCdbMzv,20,1,0
177802,HCdbMz^,20,1,0
177803,HCdbMy~,20,1,0
177804,HCdbMz~,21,1,0
177805,HCdbNN{,19,1,0
177806,HCdbNNu,19,1,0
177807,HCdbNN],19,1,0
177808,HCdbNL},19,1,0
177809,HCdbNNf,19,1,0
177810,HCdbNLv,19,1,0
177811,HCdbNN},20,1,0
177812,HCdbNN|,20,1,0
177813,HCdbNNv,20,1,0
177814,HCdbNN^,20,1,0
177815,HCdbNL~,20,1,0
177816,HCdbNN~,21,1,0
177817,HCdbMn{,19,1,0
177818,HCdbMnu,19,1,0
177819,HCdbMnm,19,1,0
177820,HCdbMn],19,1,0
177821,HCdbMm},19,1,0
177822,HCdbMnf,19,1,0
177823,HCdbMnV,19,1,0
177824,HCdbMmv,19,1,0
177825,HCdbMnN,19,1,0
177826,HCdbMmn,19,1,0
177827,HCdbMln,19,1,0
177828,HCdbMn},20,1,0
177829,HCdbMn|,20,1,0
177830,HCdbMnv,20,1,0
177831,HCdbMnn,20,1,0
177832,HCdbMn^,20,1,0
177833,HCdbMm~,20,1,0
177834,HCdbMn~,21,1,0
177835,HCdbK~{,19,1,0
177836,HCdbK~u,19,1,0
177837,HCdbK~],19,1,0
177838,HCdbK~f,19,1,0
177839,HCdbK~V,19,1,0
177840,HCdbK}^,19,1,0
177841,HCdbK~},20,1,0
177842,HCdbK~|,20,1,0
177843,HCdbK~v,20,1,0
177844,HCdbK~^,20,1,0
177845,HCdbK~~,21,1,0
177846,HCdbNz{,20,1,0
177847,HCdbNzy,20,1,0
177848,HCdbNzu,20,1,0
177849,HCdbNz],20,1,0
177850,HCdbNz},21,1,0
177851,HCdbNz|,21,1,0
177852,HCdbNzz,21,1,0
177853,HCdbNzv,21,1,0
177854,HCdbNz^,21,1,0
177855,HCdbNz~,22,1,0
177856,HCdbNnu,20,1,0
177857,HCdbNnm,20,1,0
177858,HCdbNn},21,1,0
177859,HCdbNnv,21,1,0
177860,HCdbNnn,21,1,0
177861,HCdbNn~,22,1,0
177862,HCdbM~u,20,1,0
177863,HCdbM~],20,1,0
177864,HCdbM}},20,1,0
177865,HCdbM~},21,1,0
177866,HCdbM~v,21,1,0
177867,HCdbM~^,21,1,0
177868,HCdbM}~,21,1,0
177869,HCdbM~~,22,1,0
177870,HCdbN~},22,1,0
177871,HCdbN~~,23,1,0
177876,HCdff`f,18,1,0
177908,HCdffPf,18,1,0
178171,HCdev`l,18,1,0
178176,HCdev`f,18,1,0
178210,HCdeupf,18,1,0
178233,HCdetpf,18,1,0
178394,HCdfN`f,18,1,0
178428,HCdfMp{,18,1,0
178429,HCdfMrq,18,1,0
178430,HCdfMrY,18,1,0
178431,HCdfMqy,18,1,0
178432,HCdfMre,18,1,0
178433,HCdfMrU,18,1,0
178434,HCdfMqu,18,1,0
178435,HCdfMpu,18,1,0
178436,HCdfMq],18,1,0
178437,HCdfMp],18,1,0
178438,HCdfMrp,18,1,0
178439,HCdfMrX,18,1,0
178440,HCdfMqx,18,1,0
178441,HCdfMrd,18,1,0
178442,HCdfMrT,18,1,0
178443,HCdfMqt,18,1,0
178444,HCdfMp\,18,1,0
178445,HCdfMo|,18,1,0
178446,HCdfMpr,18,1,0
178447,HCdfMqZ,18,1,0
178448,HCdfMpZ,18,1,0
178449,HCdfMoz,18,1,0
178450,HCdfMpf,18,1,0
178451,HCdfMpV,18,1,0
178452,HCdfMov,18,1,0
178453,HCdfMo^,18,1,0
178454,HCdfMr{,19,1,0
178455,HCdfMry,19,1,0
178456,HCdfMru,19,1,0
178457,HCdfMr],19,1,0
178458,HCdfMq},19,1,0
178459,HCdfMp},19,1,0
178460,HCdfMrx,19,1,0
178461,HCdfMrt,19,1,0
178462,HCdfMr\,19,1,0
178463,HCdfMq|,19,1,0
178464,HCdfMp|,19,1,0
178465,HCdfMrr,19,1,0
178466,HCdfMrZ,19,1,0
178467,HCdfMqz,19,1,0
178468,HCdfMpz,19,1,0
178469,HCdfMrf,19,1,0
178470,HCdfMrV,19,1,0
178471,HCdfMqv,19,1,0
178472,HCdfMpv,19,1,0
178473,HCdfMq^,19,1,0
178474,HCdfMp^,19,1,0
178475,HCdfMo~,19,1,0
178476,HCdfMr},20,1,0
178477,HCdfMr|,20,1,0
178478,HCdfMrz,20,1,0
178479,HCdfMrv,20,1,0
178480,HCdfMr^,20,1,0
178481,HCdfMq~,20,1,0
178482,HCdfMp~,20,1,0
178483,HCdfMr~,21,1,0
178485,HCdfJrW,17,1,0
178498,HCdfJre,18,1,0
178504,HCdfJrX,18,1,0
178517,HCdfJpf,18,1,0
178549,HCdfJjY,18,1,0
178560,HCdfJhf,18,1,0
178588,HCdfKze,18,1,0
178594,HCdfKzX,18,1,0
178634,HCdfIxf,18,1,0
178967,HCden`f,18,1,0
179027,HCdenPf,18,1,0
179072,HCdempf,18,1,0
179103,HCdelpm,18,1,0
179111,HCdelpf,18,1,0
179406,HCdc~`f,18,1,0
179436,HCdc}pf,18,1,0
181394,HCxvRji,20,1,0
181414,HCxvVji,21,1,0
183161,HCvfJre,20,1,0
183171,HCvfJrX,20,1,0
185392,HEhfdYl,19,1,0
185744,HEhetpu,19,1,0
185767,HEhethk,18,1,0
185850,HEherZw,19,1,0
185851,HEherZs,19,1,0
185852,HEherZq,19,1,0
185853,HEherZi,19,1,0
185854,HEherZY,19,1,0
185855,HEherYy,19,1,0
185856,HEherXy,19,1,0
185857,HEherZe,19,1,0
185858,HEherYu,19,1,0
185859,HEherXm,19,1,0
185860,HEherZb,19,1,0
185861,HEherZR,19,1,0
185862,HEherYr,19,1,0
185863,HEherXr,19,1,0
185864,HEherZJ,19,1,0
185865,HEherYj,19,1,0
185866,HEherZ{,20,1,0
185867,HEherZy,20,1,0
185868,HEherZu,20,1,0
185869,HEherZm,20,1,0
185870,HEherZr,20,1,0
185871,HEherZj,20,1,0
185872,HEherZZ,20,1,0
185873,HEherYz,20,1,0
185874,HEherXz,20,1,0
185875,HEherYv,20,1,0
185876,HEherZ},21,1,0
185877,HEherZz,21,1,0
185878,HEherZv,21,1,0
185879,HEherZ~,22,1,0
186627,HEjerZY,20,1,0
187348,HEjejql,20,1,0
188826,HEhuVji,20,1,0
189051,HEhvVji,21,1,0
189604,HEhttZU,20,1,0
190202,HEhtnRh,20,1,0
192350,HEnbvJd,21,1,0
192793,HQhTQjo,16,0,1
192794,HQhTQjg,16,0,1
192795,HQhTQjw,17,0,1
192796,HQhTQji,17,0,1
192797,HQhTQj{,18,0,1
192798,HQhTQjy,18,0,1
192799,HQhTQj},19,0,1
192800,HQhTQj~,20,0,1
192801,HQhTV`Y,17,1,0
192802,HQhTVbs,18,1,0
192803,HQhTVbk,18,1,0
192804,HQhTVbY,18,1,0
192805,HQhTVam,18,1,0
192806,HQhTV`],18,1,0
192807,HQhTVbp,18,1,0
192808,HQhTVbX,18,1,0
192809,HQhTVbd,18,1,0
192810,HQhTVbL,18,1,0
192811,HQhTV`Z,18,1,0
192812,HQhTV`N,18,1,0
192813,HQhTVb{,19,1,0
192814,HQhTVby,19,1,0
192815,HQhTVbm,19,1,0
192816,HQhTVb],19,1,0
192817,HQhTVbx,19,1,0
192818,HQhTVbt,19,1,0
192819,HQhTVbl,19,1,0
192820,HQhTVb\,19,1,0
192821,HQhTVbj,19,1,0
192822,HQhTVbZ,19,1,0
192823,HQhTVbN,19,1,0
192824,HQhTVan,19,1,0
192825,HQhTV`^,19,1,0
192826,HQhTVb},20,1,0
192827,HQhTVb|,20,1,0
192828,HQhTVbz,20,1,0
192829,HQhTVbn,20,1,0
192830,HQhTVb^,20,1,0
192831,HQhTVb~,21,1,0
192832,HQhTVRw,18,1,0
192833,HQhTVQ{,18,1,0
192834,HQhTVRi,18,1,0
192835,HQhTVQy,18,1,0
192836,HQhTVQu,18,1,0
192837,HQhTVRp,18,1,0
192838,HQhTVRh,18,1,0
192839,HQhTVQx,18,1,0
192840,HQhTVQt,18,1,0
192841,HQhTVRb,18,1,0
192842,HQhTVQr,18,1,0
192843,HQhTVR{,19,1,0
192844,HQhTVRy,19,1,0
192845,HQhTVRu,19,1,0
192846,HQhTVQ},19,1,0
192847,HQhTVRx,19,1,0
192848,HQhTVRt,19,1,0
192849,HQhTVQ|,19,1,0
192850,HQhTVRr,19,1,0
192851,HQhTVRj,19,1,0
192852,HQhTVQz,19,1,0
192853,HQhTVRV,19,1,0
192854,HQhTVQv,19,1,0
192855,HQhTVR},20,1,0
192856,HQhTVR|,20,1,0
192857,HQhTVRz,20,1,0
192858,HQhTVRv,20,1,0
192859,HQhTVQ~,20,1,0
192860,HQhTVR~,21,1,0
192861,HQhTUhw,17,1,0
192862,HQhTUhs,17,1,0
192863,HQhTUjw,18,1,0
192864,HQhTUjs,18,1,0
192865,HQhTUh{,18,1,0
192866,HQhTUji,18,1,0
192867,HQhTUjp,18,1,0
192868,HQhTUjT,18,1,0
192869,HQhTUj{,19,1,0
192870,HQhTUjy,19,1,0
192871,HQhTUh},19,1,0
192872,HQhTUjx,19,1,0
192873,HQhTUjt,19,1,0
192874,HQhTUj},20,1,0
192875,HQhTUj|,20,1,0
192876,HQhTUj~,21,1,0
192877,HQhTTVw,18,0,1
192878,HQhTTVi,18,0,1
192879,HQhTTV{,19,0,1
192880,HQhTTVy,19,0,1
192881,HQhTTVj,19,0,1
192882,HQhTTV},20,0,1
192883,HQhTTVz,20,0,1
192884,HQhTTV~,21,0,1
192885,HQhTVr{,20,1,0
192886,HQhTVry,20,1,0
192887,HQhTVru,20,1,0
192888,HQhTVrm,20,1,0
192889,HQhTVrx,20,1,0
192890,HQhTVrl,20,1,0
192891,HQhTVrr,20,1,0
192892,HQhTVrj,20,1,0
192893,HQhTVrf,20,1,0
192894,HQhTVqn,20,1,0
192895,HQhTVr},21,1,0
192896,HQhTVr|,21,1,0
192897,HQhTVrz,21,1,0
192898,HQhTVrv,21,1,0
192899,HQhTVrn,21,1,0
192900,HQhTVr~,22,1,0
192901,HQhTVh],19,1,0
192902,HQhTVj{,20,1,0
192903,HQhTVjy,20,1,0
192904,HQhTVj],20,1,0
192905,HQhTVjx,20,1,0
192906,HQhTVjt,20,1,0
192907,HQhTVj\,20,1,0
192908,HQhTVjj,20,1,0
192909,HQhTVjZ,20,1,0
192910,HQhTVh^,20,1,0
192911,HQhTVj},21,1,0
192912,HQhTVj|,21,1,0
192913,HQhTVjz,21,1,0
192914,HQhTVj^,21,1,0
192915,HQhTVj~,22,1,0
192916,HQhTVV{,20,1,0
192917,HQhTVVy,20,1,0
192918,HQhTVU},20,1,0
192919,HQhTVVj,20,1,0
192920,HQhTVUz,20,1,0
192921,HQhTVV},21,1,0
192922,HQhTVV|,21,1,0
192923,HQhTVVz,21,1,0
192924,HQhTVU~,21,1,0
192925,HQhTVV~,22,1,0
192926,HQhTVz{,21,1,0
192927,HQhTVzy,21,1,0
192928,HQhTVzu,21,1,0
192929,HQhTVz},22,1,0
192930,HQhTVz|,22,1,0
192931,HQhTVzz,22,1,0
192932,HQhTVzv,22,1,0
192933,HQhTVz~,23,1,0
192934,HQhTVvy,21,1,0
192935,HQhTVvm,21,1,0
192936,HQhTVv},22,1,0
192937,HQhTVvz,22,1,0
192938,HQhTVvn,22,1,0
192939,HQhTVv~,23,1,0
192940,HQhTV~},23,1,0
192941,HQhTV~~,24,1,0
192942,HQhVfrw,20,1,0
192943,HQhVfrs,20,1,0
192944,HQhVfrq,20,1,0
192945,HQhVfrY,20,1,0
192946,HQhVfr{,21,1,0
192947,HQhVfry,21,1,0
192948,HQhVfru,21,1,0
192949,HQhVfrm,21,1,0
192950,HQhVfr],21,1,0
192951,HQhVfrx,21,1,0
192952,HQhVfrt,21,1,0
192953,HQhVfr},22,1,0
192954,HQhVfr|,22,1,0
192955,HQhVfrz,22,1,0
192956,HQhVfrv,22,1,0
192957,HQhVfrn,22,1,0
192958,HQhVfr^,22,1,0
192959,HQhVfr~,23,1,0
192960,HQhVfZq,20,1,0
192961,HQhVfZY,20,1,0
192962,HQhVfZe,20,1,0
192963,HQhVfZM,20,1,0
192964,HQhVfZ{,21,1,0
192965,HQhVfZy,21,1,0
192966,HQhVfZu,21,1,0
192967,HQhVfZm,21,1,0
192968,HQhVfZ],21,1,0
192969,HQhVfY},21,1,0
192970,HQhVfZx,21,1,0
192971,HQhVfZt,21,1,0
192972,HQhVfZl,21,1,0
192973,HQhVfZ\,21,1,0
192974,HQhVfY|,21,1,0
192975,HQhVfZr,21,1,0
192976,HQhVfZ},22,1,0
192977,HQhVfZ|,22,1,0
192978,HQhVfZz,22,1,0
192979,HQhVfZv,22,1,0
192980,HQhVfZn,22,1,0
192981,HQhVfZ^,22,1,0
192982,HQhVfY~,22,1,0
192983,HQhVfZ~,23,1,0
192984,HQhVff{,21,1,0
192985,HQhVffy,21,1,0
192986,HQhVffr,21,1,0
192987,HQhVff},22,1,0
192988,HQhVffz,22,1,0
192989,HQhVffn,22,1,0
192990,HQhVff~,23,1,0
192991,HQhVev{,21,1,0
192992,HQhVevy,21,1,0
192993,HQhVevu,21,1,0
192994,HQhVevm,21,1,0
192995,HQhVev],21,1,0
192996,HQhVet},21,1,0
192997,HQhVevr,21,1,0
192998,HQhVevj,21,1,0
192999,HQhVetz,21,1,0
193000,HQhVev},22,1,0
193001,HQhVevz,22,1,0
193002,HQhVevv,22,1,0
193003,HQhVevn,22,1,0
193004,HQhVet~,22,1,0
193005,HQhVev~,23,1,0
193006,HQhVe^{,21,1,0
193007,HQhVe^y,21,1,0
193008,HQhVe^m,21,1,0
193009,HQhVe]},21,1,0
193010,HQhVe^r,21,1,0
193011,HQhVe^j,21,1,0
193012,HQhVe^Z,21,1,0
193013,HQhVe\z,21,1,0
193014,HQhVe[~,21,1,0
193015,HQhVe^},22,1,0
193016,HQhVe^z,22,1,0
193017,HQhVe]~,22,1,0
193018,HQhVe^~,23,1,0
193019,HQhVfz{,22,1,0
193020,HQhVfz},23,1,0
193021,HQhVfz|,23,1,0
193022,HQhVfz~,24,1,0
193023,HQhVfv{,22,1,0
193024,HQhVfv},23,1,0
193025,HQhVfv|,23,1,0
193026,HQhVfvz,23,1,0
193027,HQhVfvv,23,1,0
193028,HQhVfv~,24,1,0
193029,HQhVf^{,22,1,0
193030,HQhVf^},23,1,0
193031,HQhVf^|,23,1,0
193032,HQhVf^z,23,1,0
193033,HQhVf^v,23,1,0
193034,HQhVf^n,23,1,0
193035,HQhVf^^,23,1,0
193036,HQhVf]~,23,1,0
193037,HQhVf^~,24,1,0
193038,HQhVf~},24,1,0
193039,HQhVf~~,25,1,0
193040,HQhVTrw,19,1,0
193041,HQhVTrs,19,1,0
193042,HQhVTri,19,1,0
193043,HQhVTre,19,1,0
193044,HQhVTqm,19,1,0
193045,HQhVTrb,19,1,0
193046,HQhVTrR,19,1,0
193047,HQhVTqj,19,1,0
193048,HQhVTrF,19,1,0
193049,HQhVTqf,19,1,0
193050,HQhVTpV,19,1,0
193051,HQhVTr{,20,1,0
193052,HQhVTry,20,1,0
193053,HQhVTru,20,1,0
193054,HQhVTrm,20,1,0
193055,HQhVTq},20,1,0
193056,HQhVTrr,20,1,0
193057,HQhVTrj,20,1,0
193058,HQhVTrf,20,1,0
193059,HQhVTrV,20,1,0
193060,HQhVTqn,20,1,0
193061,HQhVTr},21,1,0
193062,HQhVTrz,21,1,0
193063,HQhVTrv,21,1,0
193064,HQhVTrn,21,1,0
193065,HQhVTr~,22,1,0
193066,HQhVUjw,19,1,0
193067,HQhVUi{,19,1,0
193068,HQhVUjq,19,1,0
193069,HQhVUji,19,1,0
193070,HQhVUiy,19,1,0
193071,HQhVUjU,19,1,0
193072,HQhVUiu,19,1,0
193073,HQhVUjb,19,1,0
193074,HQhVUj{,20,1,0
193075,HQhVUjy,20,1,0
193076,HQhVUju,20,1,0
193077,HQhVUi},20,1,0
193078,HQhVUh},20,1,0
193079,HQhVUjr,20,1,0
193080,HQhVUjj,20,1,0
193081,HQhVUj},21,1,0
193082,HQhVUjz,21,1,0
193083,HQhVUj~,22,1,0
193084,HQhVTh[,18,1,0
193085,HQhVTj[,19,1,0
193086,HQhVTjq,19,1,0
193087,HQhVTji,19,1,0
193088,HQhVTh],19,1,0
193089,HQhVTjX,19,1,0
193090,HQhVTjT,19,1,0
193091,HQhVTit,19,1,0
193092,HQhVTjb,19,1,0
193093,HQhVTjR,19,1,0
193094,HQhVTir,19,1,0
193095,HQhVTjJ,19,1,0
193096,HQhVTij,19,1,0
193097,HQhVTiZ,19,1,0
193098,HQhVThZ,19,1,0
193099,HQhVTiV,19,1,0
193100,HQhVThV,19,1,0
193101,HQhVTg^,19,1,0
193102,HQhVTj{,20,1,0
193103,HQhVTjy,20,1,0
193104,HQhVTju,20,1,0
193105,HQhVTj],20,1,0
193106,HQhVTi},20,1,0
193107,HQhVTjx,20,1,0
193108,HQhVTjt,20,1,0
193109,HQhVTj\,20,1,0
193110,HQhVTi|,20,1,0
193111,HQhVTjr,20,1,0
193112,HQhVTjj,20,1,0
193113,HQhVTjZ,20,1,0
193114,HQhVTiz,20,1,0
193115,HQhVTjV,20,1,0
193116,HQhVTiv,20,1,0
193117,HQhVTi^,20,1,0
193118,HQhVTh^,20,1,0
193119,HQhVTj},21,1,0
193120,HQhVTj|,21,1,0
193121,HQhVTjz,21,1,0
193122,HQhVTjv,21,1,0
193123,HQhVTj^,21,1,0
193124,HQhVTi~,21,1,0
193125,HQhVTj~,22,1,0
193126,HQhVVrw,20,1,0
193127,HQhVVrk,20,1,0
193128,HQhVVrq,20,1,0
193129,HQhVVri,20,1,0
193130,HQhVVre,20,1,0
193131,HQhVVr{,21,1,0
193132,HQhVVry,21,1,0
193133,HQhVVru,21,1,0
193134,HQhVVrm,21,1,0
193135,HQhVVq},21,1,0
193136,HQhVVrx,21,1,0
193137,HQhVVrl,21,1,0
193138,HQhVVr},22,1,0
193139,HQhVVr|,22,1,0
193140,HQhVVrz,22,1,0
193141,HQhVVrv,22,1,0
193142,HQhVVrn,22,1,0
193143,HQhVVq~,22,1,0
193144,HQhVVr~,23,1,0
193145,HQhVVjq,20,1,0
193146,HQhVVji,20,1,0
193147,HQhVVjY,20,1,0
193148,HQhVVjU,20,1,0
193149,HQhVVj{,21,1,0
193150,HQhVVjy,21,1,0
193151,HQhVVju,21,1,0
193152,HQhVVj],21,1,0
193153,HQhVVi},21,1,0
193154,HQhVVjx,21,1,0
193155,HQhVVjt,21,1,0
193156,HQhVVj\,21,1,0
193157,HQhVVi|,21,1,0
193158,HQhVVjj,21,1,0
193159,HQhVViz,21,1,0
193160,HQhVVj},22,1,0
193161,HQhVVj|,22,1,0
193162,HQhVVjz,22,1,0
193163,HQhVVjv,22,1,0
193164,HQhVVj^,22,1,0
193165,HQhVVi~,22,1,0
193166,HQhVVj~,23,1,0
193167,HQhVTz{,21,1,0
193168,HQhVTzy,21,1,0
193169,HQhVTzu,21,1,0
193170,HQhVTy},21,1,0
193171,HQhVTzx,21,1,0
193172,HQhVTy|,21,1,0
193173,HQhVTzj,21,1,0
193174,HQhVTz},22,1,0
193175,HQhVTz|,22,1,0
193176,HQhVTzz,22,1,0
193177,HQhVTzv,22,1,0
193178,HQhVTy~,22,1,0
193179,HQhVTz~,23,1,0
193180,HQhVVf{,21,1,0
193181,HQhVVfy,21,1,0
193182,HQhVVfu,21,1,0
193183,HQhVVfm,21,1,0
193184,HQhVVf],21,1,0
193185,HQhVVe},21,1,0
193186,HQhVVfx,21,1,0
193187,HQhVVft,21,1,0
193188,HQhVVfl,21,1,0
193189,HQhVVf\,21,1,0
193190,HQhVVe|,21,1,0
193191,HQhVVfr,21,1,0
193192,HQhVVfj,21,1,0
193193,HQhVVff,21,1,0
193194,HQhVVf},22,1,0
193195,HQhVVf|,22,1,0
193196,HQhVVfz,22,1,0
193197,HQhVVfv,22,1,0
193198,HQhVVfn,22,1,0
193199,HQhVVf^,22,1,0
193200,HQhVVe~,22,1,0
193201,HQhVVf~,23,1,0
193202,HQhVVV{,21,1,0
193203,HQhVVVy,21,1,0
193204,HQhVVVj,21,1,0
193205,HQhVVV},22,1,0
193206,HQhVVVz,22,1,0
193207,HQhVVVv,22,1,0
193208,HQhVVU~,22,1,0
193209,HQhVVV~,23,1,0
193210,HQhVTv{,21,1,0
193211,HQhVTvy,21,1,0
193212,HQhVTvm,21,1,0
193213,HQhVTu},21,1,0
193214,HQhVTvr,21,1,0
193215,HQhVTvj,21,1,0
193216,HQhVTun,21,1,0
193217,HQhVTv},22,1,0
193218,HQhVTvz,22,1,0
193219,HQhVTvv,22,1,0
193220,HQhVTvn,22,1,0
193221,HQhVTv~,23,1,0
193222,HQhVUn{,21,1,0
193223,HQhVUny,21,1,0
193224,HQhVUnu,21,1,0
193225,HQhVUm},21,1,0
193226,HQhVUl},21,1,0
193227,HQhVUnr,21,1,0
193228,HQhVUnj,21,1,0
193229,HQhVUmz,21,1,0
193230,HQhVUk~,21,1,0
193231,HQhVUn},22,1,0
193232,HQhVUnz,22,1,0
193233,HQhVUm~,22,1,0
193234,HQhVUn~,23,1,0
193235,HQhVTn{,21,1,0
193236,HQhVTny,21,1,0
193237,HQhVTnu,21,1,0
193238,HQhVTn],21,1,0
193239,HQhVTm},21,1,0
193240,HQhVTnx,21,1,0
193241,HQhVTnt,21,1,0
193242,HQhVTn\,21,1,0
193243,HQhVTm|,21,1,0
193244,HQhVTnr,21,1,0
193245,HQhVTnj,21,1,0
193246,HQhVTnZ,21,1,0
193247,HQhVTmz,21,1,0
193248,HQhVTnV,21,1,0
193249,HQhVTmv,21,1,0
193250,HQhVTm^,21,1,0
193251,HQhVTn},22,1,0
193252,HQhVTn|,22,1,0
193253,HQhVTnz,22,1,0
193254,HQhVTnv,22,1,0
193255,HQhVTn^,22,1,0
193256,HQhVTm~,22,1,0
193257,HQhVTn~,23,1,0
193258,HQhVVz{,22,1,0
193259,HQhVVz},23,1,0
193260,HQhVVz|,23,1,0
193261,HQhVVz~,24,1,0
193262,HQhVVv{,22,1,0
193263,HQhVVv},23,1,0
193264,HQhVVv|,23,1,0
193265,HQhVVvz,23,1,0
193266,HQhVVvn,23,1,0
193267,HQhVVv~,24,1,0
193268,HQhVVn{,22,1,0
193269,HQhVVn},23,1,0
193270,HQhVVn|,23,1,0
193271,HQhVVnz,23,1,0
193272,HQhVVnv,23,1,0
193273,HQhVVn^,23,1,0
193274,HQhVVm~,23,1,0
193275,HQhVVn~,24,1,0
193276,HQhVT~{,22,1,0
193277,HQhVT~},23,1,0
193278,HQhVT~|,23,1,0
193279,HQhVT~z,23,1,0
193280,HQhVT}~,23,1,0
193281,HQhVT~~,24,1,0
193282,HQhVV~},24,1,0
193283,HQhVV~~,25,1,0
193284,HQhVvrw,21,1,0
193285,HQhVvr{,22,1,0
193286,HQhVvry,22,1,0
193287,HQhVvrr,22,1,0
193288,HQhVvrj,22,1,0
193289,HQhVvrf,22,1,0
193290,HQhVvrV,22,1,0
193291,HQhVvqn,22,1,0
193292,HQhVvr},23,1,0
193293,HQhVvrz,23,1,0
193294,HQhVvrv,23,1,0
193295,HQhVvrn,23,1,0
193296,HQhVvr~,24,1,0
193297,HQhVvj{,22,1,0
193298,HQhVvjy,22,1,0
193299,HQhVvju,22,1,0
193300,HQhVvjm,22,1,0
193301,HQhVvj],22,1,0
193302,HQhVvjr,22,1,0
193303,HQhVvjj,22,1,0
193304,HQhVvjZ,22,1,0
193305,HQhVvjN,22,1,0
193306,HQhVvin,22,1,0
193307,HQhVvj},23,1,0
193308,HQhVvjz,23,1,0
193309,HQhVvjn,23,1,0
193310,HQhVvj~,24,1,0
193311,HQhVvZ{,22,1,0
193312,HQhVvZy,22,1,0
193313,HQhVvZm,22,1,0
193314,HQhVvY},22,1,0
193315,HQhVvZr,22,1,0
193316,HQhVvZj,22,1,0
193317,HQhVvYz,22,1,0
193318,HQhVvZV,22,1,0
193319,HQhVvYv,22,1,0
193320,HQhVvZ},23,1,0
193321,HQhVvZz,23,1,0
193322,HQhVvZv,23,1,0
193323,HQhVvY~,23,1,0
193324,HQhVvZ~,24,1,0
193325,HQhVvz{,23,1,0
193326,HQhVvzy,23,1,0
193327,HQhVvzu,23,1,0
193328,HQhVvzm,23,1,0
193329,HQhVvz},24,1,0
193330,HQhVvz|,24,1,0
193331,HQhVvz~,25,1,0
193332,HQhVvv},24,1,0
193333,HQhVvvz,24,1,0
193334,HQhVvvv,24,1,0
193335,HQhVvvn,24,1,0
193336,HQhVvv~,25,1,0
193337,HQhVvn},24,1,0
193338,HQhVvn~,25,1,0
193339,HQhVv^},24,1,0
193340,HQhVv^v,24,1,0
193341,HQhVv]~,24,1,0
193342,HQhVv^~,25,1,0
193343,HQhVv~~,26,1,0
193344,HQhV~z{,24,1,0
193345,HQhV~z},25,1,0
193346,HQhV~zz,25,1,0
193347,HQhV~z~,26,1,0
193348,HQhV~~~,27,1,0
193357,HQjdqym,20,1,0
193369,HQjdqx\,20,1,0
193378,HQjdqxV,20,1,0
194043,HQjRayl,19,1,0
194289,HQjRa}m,20,1,0
194503,HQjVRji,20,1,0
194528,HQjVRZT,20,1,0
194535,HQjVRYj,20,1,0
194918,HQjVJqj,20,1,0
195062,HQjUjrU,20,1,0
195066,HQjUjrh,20,1,0
