(1, 'G??F~{', 8, 13, 8, 0, 6)
(2, 'G?ABvw', 8, 11, 8, 0, 1)
(3, 'G?ABv{', 8, 12, 8, 0, 5)
(4, 'G?AFrw', 8, 11, 8, 0, 0)
(5, 'G?AFvw', 8, 12, 8, 0, 1)
(6, 'G?AFr{', 8, 12, 8, 0, 4)
(7, 'G?AFv{', 8, 13, 8, 0, 6)
(8, 'G?AF~w', 8, 13, 8, 0, 2)
(9, 'G?AF~{', 8, 14, 8, 0, 8)
(10, 'G?B@vw', 8, 11, 8, 0, 2)
(11, 'G?B@vs', 8, 11, 8, 0, 3)
(12, 'G?B@v{', 8, 12, 8, 0, 5)
(13, 'G?BDrw', 8, 11, 8, 0, 1)
(14, 'G?BDrs', 8, 11, 8, 0, 3)
(15, 'G?BDvw', 8, 12, 8, 0, 2)
(16, 'G?BDvs', 8, 12, 8, 0, 4)
(17, 'G?BDr{', 8, 12, 8, 0, 4)
(18, 'G?BDv{', 8, 13, 8, 0, 6)
(19, 'G?B@~o', 8, 11, 8, 0, 0)
(20, 'G?B@~w', 8, 12, 8, 0, 2)
(21, 'G?B@~s', 8, 12, 8, 0, 3)
(22, 'G?B@~{', 8, 13, 8, 0, 6)
(23, 'G?BFvw', 8, 13, 8, 0, 2)
(24, 'G?BFvs', 8, 13, 8, 0, 5)
(25, 'G?BFv{', 8, 14, 8, 0, 7)
(26, 'G?BD~o', 8, 12, 8, 0, 1)
(27, 'G?BDzw', 8, 12, 8, 0, 2)
(28, 'G?BD~w', 8, 13, 8, 0, 3)
(29, 'G?BD~s', 8, 13, 8, 0, 5)
(30, 'G?BDz{', 8, 13, 8, 0, 6)
(31, 'G?BD~{', 8, 14, 8, 0, 8)
(32, 'G?BF~w', 8, 14, 8, 0, 4)
(33, 'G?BF~{', 8, 15, 8, 0, 10)
(34, 'G?Bcrw', 8, 11, 8, 0, 2)
(35, 'G?Bcvw', 8, 12, 8, 0, 3)
(36, 'G?Bcr{', 8, 12, 8, 0, 4)
(37, 'G?Bcv{', 8, 13, 8, 0, 6)
(38, 'G?Bepw', 8, 11, 8, 0, 1)
(39, 'G?Betw', 8, 12, 8, 0, 2)
(40, 'G?Bets', 8, 12, 8, 0, 3)
(41, 'G?Bevw', 8, 13, 8, 0, 3)
(42, 'G?Bevs', 8, 13, 8, 0, 4)
(43, 'G?Bet{', 8, 13, 8, 0, 5)
(44, 'G?Bev{', 8, 14, 8, 0, 7)
(45, 'G?Bc~o', 8, 12, 8, 0, 1)
(46, 'G?Bczw', 8, 12, 8, 0, 3)
(47, 'G?Bc~w', 8, 13, 8, 0, 4)
(48, 'G?Bcz{', 8, 13, 8, 0, 6)
(49, 'G?Bc~{', 8, 14, 8, 0, 8)
(50, 'G?Bfvw', 8, 14, 8, 0, 3)
(51, 'G?Bfvs', 8, 14, 8, 0, 5)
(52, 'G?Bfv{', 8, 15, 8, 0, 8)
(53, 'G?Be~o', 8, 13, 8, 0, 2)
(54, 'G?Be~w', 8, 14, 8, 0, 5)
(55, 'G?Be~s', 8, 14, 8, 0, 6)
(56, 'G?Be|{', 8, 14, 8, 0, 8)
(57, 'G?Be~{', 8, 15, 8, 0, 10)
(58, 'G?Bf~w', 8, 15, 8, 0, 6)
(59, 'G?Bf~{', 8, 16, 8, 0, 12)
(60, 'G?BvUw', 8, 13, 8, 0, 3)
(61, 'G?BvS{', 8, 13, 8, 0, 4)
(62, 'G?BvVw', 8, 14, 8, 0, 4)
(63, 'G?BvU{', 8, 14, 8, 0, 6)
(64, 'G?BvV{', 8, 15, 8, 0, 8)
(65, 'G?BvvW', 8, 14, 8, 0, 3)
(66, 'G?Bvvw', 8, 15, 8, 0, 4)
(67, 'G?Bvvs', 8, 15, 8, 0, 5)
(68, 'G?Bvv{', 8, 16, 8, 0, 9)
(69, 'G?Bv^w', 8, 15, 8, 0, 7)
(70, 'G?Bv]{', 8, 15, 8, 0, 10)
(71, 'G?Bv^{', 8, 16, 8, 0, 12)
(72, 'G?Bv~{', 8, 17, 8, 0, 14)
(73, 'G?B~vw', 8, 16, 8, 0, 5)
(74, 'G?B~vk', 8, 16, 8, 0, 8)
(75, 'G?B~v{', 8, 17, 8, 0, 10)
(76, 'G?B~~{', 8, 18, 8, 0, 16)
(77, 'G?`@fw', 8, 10, 8, 0, 2)
(78, 'G?`@f{', 8, 11, 8, 0, 4)
(79, 'G?`Dbw', 8, 10, 8, 0, 1)
(80, 'G?`Dfw', 8, 11, 8, 0, 2)
(81, 'G?`Db{', 8, 11, 8, 0, 3)
(82, 'G?`Df{', 8, 12, 8, 0, 5)
(83, 'G?`F`w', 8, 10, 8, 0, 0)
(84, 'G?`Fdw', 8, 11, 8, 0, 1)
(85, 'G?`F`{', 8, 11, 8, 0, 2)
(86, 'G?`Ffw', 8, 12, 8, 0, 2)
(87, 'G?`Fd{', 8, 12, 8, 0, 4)
(88, 'G?`Ff{', 8, 13, 8, 0, 6)
(90, 'G?`Dvg', 8, 11, 8, 0, 2)
(91, 'G?`Drk', 8, 11, 8, 0, 4)
(92, 'G?`Dvw', 8, 12, 8, 0, 3)
(93, 'G?`Dvk', 8, 12, 8, 0, 5)
(94, 'G?`Dv{', 8, 13, 8, 0, 7)
(95, 'G?`Fvg', 8, 12, 8, 0, 2)
(96, 'G?`Ftw', 8, 12, 8, 0, 2)
(97, 'G?`Fvw', 8, 13, 8, 0, 3)
(98, 'G?`Fvk', 8, 13, 8, 0, 6)
(99, 'G?`Ft{', 8, 13, 8, 0, 6)
(100, 'G?`Fv{', 8, 14, 8, 0, 8)
(101, 'G?`F~w', 8, 14, 8, 0, 4)
(102, 'G?`F~{', 8, 15, 8, 0, 10)
(103, 'G?b@bo', 8, 9, 8, 0, 0)
(104, 'G?b@fo', 8, 10, 8, 0, 1)
(105, 'G?b@bs', 8, 10, 8, 0, 2)
(106, 'G?b@fw', 8, 11, 8, 0, 3)
(107, 'G?b@fs', 8, 11, 8, 0, 3)
(108, 'G?b@f{', 8, 12, 8, 0, 5)
(109, 'G?bB`o', 8, 9, 8, 0, 0)
(110, 'G?bBdo', 8, 10, 8, 0, 1)
(111, 'G?bBbo', 8, 10, 8, 0, 0)
(112, 'G?bB`w', 8, 10, 8, 0, 0)
(113, 'G?bB`s', 8, 10, 8, 0, 2)
(114, 'G?bBfo', 8, 11, 8, 0, 1)
(115, 'G?bBdw', 8, 11, 8, 0, 2)
(116, 'G?bBbw', 8, 11, 8, 0, 1)
(117, 'G?bBds', 8, 11, 8, 0, 3)
(118, 'G?bBbs', 8, 11, 8, 0, 3)
(119, 'G?bB`{', 8, 11, 8, 0, 2)
(120, 'G?bBfw', 8, 12, 8, 0, 3)
(121, 'G?bBfs', 8, 12, 8, 0, 4)
(122, 'G?bBd{', 8, 12, 8, 0, 4)
(123, 'G?bBb{', 8, 12, 8, 0, 4)
(124, 'G?bBf{', 8, 13, 8, 0, 6)
(125, 'G?bFbo', 8, 11, 8, 0, 0)
(126, 'G?bF`w', 8, 11, 8, 0, 0)
(127, 'G?bFfo', 8, 12, 8, 0, 1)
(128, 'G?bFdw', 8, 12, 8, 0, 2)
(129, 'G?bFbw', 8, 12, 8, 0, 1)
(130, 'G?bFds', 8, 12, 8, 0, 4)
(131, 'G?bFbs', 8, 12, 8, 0, 3)
(132, 'G?bF`{', 8, 12, 8, 0, 2)
(133, 'G?bFfw', 8, 13, 8, 0, 3)
(134, 'G?bFfs', 8, 13, 8, 0, 5)
(135, 'G?bFd{', 8, 13, 8, 0, 5)
(136, 'G?bFb{', 8, 13, 8, 0, 4)
(137, 'G?bFf{', 8, 14, 8, 0, 7)
(138, 'G?bDro', 8, 11, 8, 0, 1)
(139, 'G?bDrg', 8, 11, 8, 0, 2)
(140, 'G?bDvo', 8, 12, 8, 0, 2)
(141, 'G?bDvg', 8, 12, 8, 0, 3)
(142, 'G?bDrw', 8, 12, 8, 0, 2)
(143, 'G?bDrs', 8, 12, 8, 0, 4)
(144, 'G?bDrk', 8, 12, 8, 0, 4)
(145, 'G?bDvw', 8, 13, 8, 0, 4)
(146, 'G?bDvs', 8, 13, 8, 0, 6)
(147, 'G?bDvk', 8, 13, 8, 0, 6)
(148, 'G?bDr{', 8, 13, 8, 0, 5)
(149, 'G?bDv{', 8, 14, 8, 0, 8)
(150, 'G?bBro', 8, 11, 8, 0, 0)
(151, 'G?bBvo', 8, 12, 8, 0, 1)
(152, 'G?bBvg', 8, 12, 8, 0, 2)
(153, 'G?bBrs', 8, 12, 8, 0, 4)
(154, 'G?bBvw', 8, 13, 8, 0, 3)
(155, 'G?bBvs', 8, 13, 8, 0, 5)
(156, 'G?bBvk', 8, 13, 8, 0, 5)
(157, 'G?bBv{', 8, 14, 8, 0, 7)
(158, 'G?bDjo', 8, 11, 8, 0, 1)
(159, 'G?bDno', 8, 12, 8, 0, 2)
(160, 'G?bDjs', 8, 12, 8, 0, 3)
(161, 'G?bDnw', 8, 13, 8, 0, 4)
(162, 'G?bDns', 8, 13, 8, 0, 5)
(163, 'G?bDn{', 8, 14, 8, 0, 8)
(164, 'G?bFvo', 8, 13, 8, 0, 2)
(165, 'G?bFrw', 8, 13, 8, 0, 2)
(166, 'G?bFvw', 8, 14, 8, 0, 4)
(167, 'G?bFvs', 8, 14, 8, 0, 7)
(168, 'G?bFr{', 8, 14, 8, 0, 6)
(169, 'G?bFv{', 8, 15, 8, 0, 9)
(170, 'G?bFno', 8, 13, 8, 0, 3)
(171, 'G?bFlw', 8, 13, 8, 0, 4)
(172, 'G?bFjw', 8, 13, 8, 0, 3)
(173, 'G?bFnw', 8, 14, 8, 0, 5)
(174, 'G?bFns', 8, 14, 8, 0, 7)
(175, 'G?bFl{', 8, 14, 8, 0, 8)
(176, 'G?bFj{', 8, 14, 8, 0, 7)
(177, 'G?bFn{', 8, 15, 8, 0, 10)
(178, 'G?bF~w', 8, 15, 8, 0, 6)
(179, 'G?bF~{', 8, 16, 8, 0, 12)
(180, 'G?`ado', 8, 9, 8, 0, 1)
(181, 'G?`afo', 8, 10, 8, 0, 1)
(182, 'G?`adw', 8, 10, 8, 0, 2)
(183, 'G?`afw', 8, 11, 8, 0, 3)
(184, 'G?`ad{', 8, 11, 8, 0, 3)
(185, 'G?`af{', 8, 12, 8, 0, 5)
(186, 'G?`e`o', 8, 9, 8, 0, 0)
(187, 'G?`edo', 8, 10, 8, 0, 1)
(188, 'G?`ebo', 8, 10, 8, 0, 0)
(189, 'G?`e`w', 8, 10, 8, 0, 1)
(190, 'G?`e`s', 8, 10, 8, 0, 1)
(191, 'G?`efo', 8, 11, 8, 0, 1)
(192, 'G?`edw', 8, 11, 8, 0, 2)
(193, 'G?`ebw', 8, 11, 8, 0, 2)
(194, 'G?`eds', 8, 11, 8, 0, 3)
(195, 'G?`ebs', 8, 11, 8, 0, 2)
(196, 'G?`e`{', 8, 11, 8, 0, 2)
(197, 'G?`efw', 8, 12, 8, 0, 3)
(198, 'G?`efs', 8, 12, 8, 0, 4)
(199, 'G?`ed{', 8, 12, 8, 0, 4)
(200, 'G?`eb{', 8, 12, 8, 0, 4)
(201, 'G?`ef{', 8, 13, 8, 0, 6)
(202, 'G?`bco', 8, 9, 8, 0, 1)
(203, 'G?`beo', 8, 10, 8, 0, 1)
(204, 'G?`bcw', 8, 10, 8, 0, 1)
(205, 'G?`bcs', 8, 10, 8, 0, 2)
(206, 'G?`bfo', 8, 11, 8, 0, 1)
(207, 'G?`bew', 8, 11, 8, 0, 2)
(208, 'G?`bes', 8, 11, 8, 0, 3)
(209, 'G?`bc{', 8, 11, 8, 0, 2)
(210, 'G?`bfw', 8, 12, 8, 0, 3)
(211, 'G?`bfs', 8, 12, 8, 0, 4)
(212, 'G?`be{', 8, 12, 8, 0, 4)
(213, 'G?`bf{', 8, 13, 8, 0, 6)
(214, 'G?`cv_', 8, 10, 8, 0, 1)
(215, 'G?`crg', 8, 10, 8, 0, 3)
(216, 'G?`cvo', 8, 11, 8, 0, 2)
(217, 'G?`cvg', 8, 11, 8, 0, 3)
(218, 'G?`cvc', 8, 11, 8, 0, 3)
(219, 'G?`crk', 8, 11, 8, 0, 4)
(220, 'G?`cvw', 8, 12, 8, 0, 4)
(221, 'G?`cvs', 8, 12, 8, 0, 5)
(222, 'G?`cvk', 8, 12, 8, 0, 5)
(223, 'G?`cv{', 8, 13, 8, 0, 7)
(224, 'G?`cjo', 8, 10, 8, 0, 0)
(225, 'G?`cno', 8, 11, 8, 0, 1)
(226, 'G?`cjw', 8, 11, 8, 0, 2)
(227, 'G?`cjs', 8, 11, 8, 0, 1)
(228, 'G?`cnw', 8, 12, 8, 0, 3)
(229, 'G?`cns', 8, 12, 8, 0, 3)
(230, 'G?`cj{', 8, 12, 8, 0, 4)
(231, 'G?`cn{', 8, 13, 8, 0, 6)
(233, 'G?`ano', 8, 11, 8, 0, 2)
(234, 'G?`alw', 8, 11, 8, 0, 3)
(235, 'G?`anw', 8, 12, 8, 0, 4)
(236, 'G?`al{', 8, 12, 8, 0, 5)
(237, 'G?`an{', 8, 13, 8, 0, 7)
(238, 'G?`feo', 8, 11, 8, 0, 1)
(239, 'G?`fbo', 8, 11, 8, 0, 0)
(240, 'G?`ffo', 8, 12, 8, 0, 1)
(241, 'G?`few', 8, 12, 8, 0, 2)
(242, 'G?`fbw', 8, 12, 8, 0, 2)
(243, 'G?`fes', 8, 12, 8, 0, 4)
(244, 'G?`fbs', 8, 12, 8, 0, 3)
(245, 'G?`ffw', 8, 13, 8, 0, 3)
(246, 'G?`ffs', 8, 13, 8, 0, 5)
(247, 'G?`fe{', 8, 13, 8, 0, 5)
(248, 'G?`fb{', 8, 13, 8, 0, 5)
(249, 'G?`ff{', 8, 14, 8, 0, 7)
(250, 'G?`eto', 8, 11, 8, 0, 2)
(251, 'G?`evo', 8, 12, 8, 0, 2)
(252, 'G?`evg', 8, 12, 8, 0, 3)
(253, 'G?`etw', 8, 12, 8, 0, 3)
(254, 'G?`ets', 8, 12, 8, 0, 5)
(255, 'G?`evw', 8, 13, 8, 0, 4)
(256, 'G?`evs', 8, 13, 8, 0, 6)
(257, 'G?`evk', 8, 13, 8, 0, 6)
(258, 'G?`et{', 8, 13, 8, 0, 6)
(259, 'G?`ev{', 8, 14, 8, 0, 8)
(260, 'G?`elo', 8, 11, 8, 0, 2)
(261, 'G?`ejo', 8, 11, 8, 0, 1)
(262, 'G?`eno', 8, 12, 8, 0, 2)
(263, 'G?`elw', 8, 12, 8, 0, 3)
(264, 'G?`ejw', 8, 12, 8, 0, 3)
(265, 'G?`els', 8, 12, 8, 0, 4)
(266, 'G?`ejs', 8, 12, 8, 0, 3)
(267, 'G?`eh{', 8, 12, 8, 0, 4)
(268, 'G?`enw', 8, 13, 8, 0, 4)
(269, 'G?`ens', 8, 13, 8, 0, 5)
(270, 'G?`el{', 8, 13, 8, 0, 6)
(271, 'G?`ej{', 8, 13, 8, 0, 6)
(272, 'G?`en{', 8, 14, 8, 0, 8)
(274, 'G?`bno', 8, 12, 8, 0, 3)
(275, 'G?`bmw', 8, 12, 8, 0, 4)
(276, 'G?`bms', 8, 12, 8, 0, 5)
(277, 'G?`bk{', 8, 12, 8, 0, 5)
(278, 'G?`bnw', 8, 13, 8, 0, 5)
(279, 'G?`bns', 8, 13, 8, 0, 6)
(280, 'G?`bm{', 8, 13, 8, 0, 7)
(281, 'G?`bn{', 8, 14, 8, 0, 9)
(282, 'G?`c~_', 8, 11, 8, 0, 1)
(283, 'G?`c~o', 8, 12, 8, 0, 2)
(284, 'G?`c~g', 8, 12, 8, 0, 3)
(285, 'G?`c~c', 8, 12, 8, 0, 3)
(286, 'G?`c~w', 8, 13, 8, 0, 4)
(287, 'G?`c~s', 8, 13, 8, 0, 5)
(288, 'G?`c~k', 8, 13, 8, 0, 6)
(289, 'G?`c~{', 8, 14, 8, 0, 8)
(290, 'G?`fvo', 8, 13, 8, 0, 2)
(291, 'G?`fvw', 8, 14, 8, 0, 4)
(292, 'G?`fvs', 8, 14, 8, 0, 7)
(293, 'G?`fv{', 8, 15, 8, 0, 9)
(294, 'G?`fno', 8, 13, 8, 0, 3)
(295, 'G?`fmw', 8, 13, 8, 0, 4)
(296, 'G?`fjw', 8, 13, 8, 0, 4)
(297, 'G?`fnw', 8, 14, 8, 0, 5)
(298, 'G?`fns', 8, 14, 8, 0, 7)
(299, 'G?`fm{', 8, 14, 8, 0, 8)
(300, 'G?`fj{', 8, 14, 8, 0, 8)
(301, 'G?`fn{', 8, 15, 8, 0, 10)
(302, 'G?`e~o', 8, 13, 8, 0, 3)
(303, 'G?`e|w', 8, 13, 8, 0, 4)
(304, 'G?`e~w', 8, 14, 8, 0, 5)
(305, 'G?`e~s', 8, 14, 8, 0, 7)
(306, 'G?`e|{', 8, 14, 8, 0, 8)
(307, 'G?`e~{', 8, 15, 8, 0, 10)
(308, 'G?`f~w', 8, 15, 8, 0, 6)
(309, 'G?`f~{', 8, 16, 8, 0, 12)
(310, 'G?aJf_', 8, 10, 8, 0, 1)
(311, 'G?aJfo', 8, 11, 8, 0, 2)
(312, 'G?aJfc', 8, 11, 8, 0, 4)
(313, 'G?aJfw', 8, 12, 8, 0, 4)
(314, 'G?aJfs', 8, 12, 8, 0, 5)
(315, 'G?aJf{', 8, 13, 8, 0, 7)
(316, 'G?aNbo', 8, 11, 8, 0, 1)
(317, 'G?aNfo', 8, 12, 8, 0, 2)
(318, 'G?aNbw', 8, 12, 8, 0, 2)
(319, 'G?aNfc', 8, 12, 8, 0, 5)
(320, 'G?aNbs', 8, 12, 8, 0, 4)
(321, 'G?aNfw', 8, 13, 8, 0, 4)
(322, 'G?aNfs', 8, 13, 8, 0, 6)
(323, 'G?aNb{', 8, 13, 8, 0, 5)
(324, 'G?aNf{', 8, 14, 8, 0, 8)
(325, 'G?aNvo', 8, 13, 8, 0, 3)
(326, 'G?aNvg', 8, 13, 8, 0, 3)
(327, 'G?aNvw', 8, 14, 8, 0, 5)
(328, 'G?aNvs', 8, 14, 8, 0, 8)
(329, 'G?aNvk', 8, 14, 8, 0, 7)
(330, 'G?aNv{', 8, 15, 8, 0, 10)
(331, 'G?aN~w', 8, 15, 8, 0, 7)
(332, 'G?aN~{', 8, 16, 8, 0, 13)
(333, 'G?bedo', 8, 11, 8, 0, 1)
(334, 'G?bebo', 8, 11, 8, 0, 0)
(335, 'G?be`w', 8, 11, 8, 0, 1)
(336, 'G?befo', 8, 12, 8, 0, 1)
(337, 'G?bedw', 8, 12, 8, 0, 3)
(338, 'G?bebw', 8, 12, 8, 0, 2)
(339, 'G?be`{', 8, 12, 8, 0, 2)
(340, 'G?befw', 8, 13, 8, 0, 4)
(341, 'G?bed{', 8, 13, 8, 0, 5)
(342, 'G?beb{', 8, 13, 8, 0, 4)
(343, 'G?bef{', 8, 14, 8, 0, 7)
(344, 'G?bav_', 8, 11, 8, 0, 0)
(345, 'G?bato', 8, 11, 8, 0, 1)
(346, 'G?batg', 8, 11, 8, 0, 2)
(347, 'G?barg', 8, 11, 8, 0, 2)
(348, 'G?bapk', 8, 11, 8, 0, 2)
(349, 'G?bavo', 8, 12, 8, 0, 1)
(350, 'G?bavg', 8, 12, 8, 0, 3)
(351, 'G?batw', 8, 12, 8, 0, 3)
(352, 'G?barw', 8, 12, 8, 0, 2)
(353, 'G?batk', 8, 12, 8, 0, 3)
(354, 'G?bark', 8, 12, 8, 0, 4)
(355, 'G?bavw', 8, 13, 8, 0, 4)
(356, 'G?bavk', 8, 13, 8, 0, 5)
(357, 'G?bat{', 8, 13, 8, 0, 5)
(358, 'G?bav{', 8, 14, 8, 0, 7)
(359, 'G?bfbo', 8, 12, 8, 0, 0)
(360, 'G?bffo', 8, 13, 8, 0, 1)
(361, 'G?bfew', 8, 13, 8, 0, 3)
(362, 'G?bfbw', 8, 13, 8, 0, 2)
(363, 'G?bfbs', 8, 13, 8, 0, 3)
(364, 'G?bfa{', 8, 13, 8, 0, 3)
(365, 'G?bffw', 8, 14, 8, 0, 4)
(366, 'G?bffs', 8, 14, 8, 0, 5)
(367, 'G?bfe{', 8, 14, 8, 0, 6)
(368, 'G?bfb{', 8, 14, 8, 0, 5)
(369, 'G?bff{', 8, 15, 8, 0, 8)
(370, 'G?bero', 8, 12, 8, 0, 1)
(371, 'G?bepw', 8, 12, 8, 0, 2)
(372, 'G?bevo', 8, 13, 8, 0, 2)
(373, 'G?bevg', 8, 13, 8, 0, 4)
(374, 'G?betw', 8, 13, 8, 0, 4)
(375, 'G?berw', 8, 13, 8, 0, 3)
(376, 'G?bevc', 8, 13, 8, 0, 4)
(377, 'G?bets', 8, 13, 8, 0, 5)
(378, 'G?bers', 8, 13, 8, 0, 4)
(379, 'G?berk', 8, 13, 8, 0, 5)
(380, 'G?bep{', 8, 13, 8, 0, 4)
(381, 'G?bevw', 8, 14, 8, 0, 5)
(382, 'G?bevs', 8, 14, 8, 0, 6)
(383, 'G?bevk', 8, 14, 8, 0, 7)
(384, 'G?bet{', 8, 14, 8, 0, 7)
(385, 'G?ber{', 8, 14, 8, 0, 6)
(386, 'G?bev{', 8, 15, 8, 0, 9)
(387, 'G?bbro', 8, 12, 8, 0, 0)
(388, 'G?bbug', 8, 12, 8, 0, 2)
(389, 'G?bbsw', 8, 12, 8, 0, 2)
(390, 'G?bbqw', 8, 12, 8, 0, 1)
(391, 'G?bbvo', 8, 13, 8, 0, 1)
(392, 'G?bbvg', 8, 13, 8, 0, 3)
(393, 'G?bbuw', 8, 13, 8, 0, 3)
(394, 'G?bbrw', 8, 13, 8, 0, 2)
(395, 'G?bbrs', 8, 13, 8, 0, 4)
(396, 'G?bbvw', 8, 14, 8, 0, 4)
(397, 'G?bbvs', 8, 14, 8, 0, 5)
(398, 'G?bbvk', 8, 14, 8, 0, 6)
(399, 'G?bbu{', 8, 14, 8, 0, 6)
(400, 'G?bbr{', 8, 14, 8, 0, 6)
(401, 'G?bbv{', 8, 15, 8, 0, 8)
(402, 'G?beno', 8, 13, 8, 0, 3)
(403, 'G?belw', 8, 13, 8, 0, 5)
(404, 'G?bejw', 8, 13, 8, 0, 4)
(405, 'G?beh{', 8, 13, 8, 0, 5)
(406, 'G?benw', 8, 14, 8, 0, 6)
(407, 'G?bel{', 8, 14, 8, 0, 8)
(408, 'G?bej{', 8, 14, 8, 0, 7)
(409, 'G?ben{', 8, 15, 8, 0, 10)
(410, 'G?bc~o', 8, 13, 8, 0, 3)
(411, 'G?bc~c', 8, 13, 8, 0, 4)
(412, 'G?bczs', 8, 13, 8, 0, 4)
(413, 'G?bc~w', 8, 14, 8, 0, 6)
(414, 'G?bc~s', 8, 14, 8, 0, 6)
(415, 'G?bc~k', 8, 14, 8, 0, 8)
(416, 'G?bcz{', 8, 14, 8, 0, 7)
(417, 'G?bc~{', 8, 15, 8, 0, 10)
(418, 'G?ba~o', 8, 13, 8, 0, 2)
(419, 'G?ba~g', 8, 13, 8, 0, 4)
(420, 'G?ba~w', 8, 14, 8, 0, 5)
(421, 'G?ba~k', 8, 14, 8, 0, 7)
(422, 'G?ba|{', 8, 14, 8, 0, 7)
(423, 'G?ba~{', 8, 15, 8, 0, 9)
(424, 'G?bfvo', 8, 14, 8, 0, 2)
(425, 'G?bfrw', 8, 14, 8, 0, 3)
(426, 'G?bfvw', 8, 15, 8, 0, 5)
(427, 'G?bfvs', 8, 15, 8, 0, 7)
(428, 'G?bfr{', 8, 15, 8, 0, 7)
(429, 'G?bfv{', 8, 16, 8, 0, 10)
(430, 'G?bfno', 8, 14, 8, 0, 4)
(431, 'G?bfnw', 8, 15, 8, 0, 7)
(432, 'G?bfns', 8, 15, 8, 0, 8)
(433, 'G?bfj{', 8, 15, 8, 0, 9)
(434, 'G?bfn{', 8, 16, 8, 0, 12)
(435, 'G?be~o', 8, 14, 8, 0, 4)
(436, 'G?be~w', 8, 15, 8, 0, 7)
(437, 'G?be~s', 8, 15, 8, 0, 8)
(438, 'G?be~k', 8, 15, 8, 0, 10)
(439, 'G?be|{', 8, 15, 8, 0, 10)
(440, 'G?bez{', 8, 15, 8, 0, 9)
(441, 'G?be~{', 8, 16, 8, 0, 12)
(442, 'G?bb~w', 8, 15, 8, 0, 6)
(443, 'G?bbz{', 8, 15, 8, 0, 9)
(444, 'G?bb~{', 8, 16, 8, 0, 11)
(445, 'G?bf~w', 8, 16, 8, 0, 8)
(446, 'G?bf~{', 8, 17, 8, 0, 14)
(447, 'G?`vEo', 8, 11, 8, 0, 1)
(448, 'G?`vBo', 8, 11, 8, 0, 0)
(449, 'G?`vCs', 8, 11, 8, 0, 2)
(450, 'G?`vAs', 8, 11, 8, 0, 1)
(451, 'G?`v?{', 8, 11, 8, 0, 1)
(452, 'G?`vFo', 8, 12, 8, 0, 1)
(453, 'G?`vEw', 8, 12, 8, 0, 3)
(454, 'G?`vBw', 8, 12, 8, 0, 3)
(455, 'G?`vEs', 8, 12, 8, 0, 3)
(456, 'G?`vBs', 8, 12, 8, 0, 2)
(457, 'G?`vC{', 8, 12, 8, 0, 3)
(458, 'G?`vA{', 8, 12, 8, 0, 3)
(459, 'G?`vFw', 8, 13, 8, 0, 4)
(460, 'G?`vFs', 8, 13, 8, 0, 4)
(461, 'G?`vE{', 8, 13, 8, 0, 5)
(462, 'G?`vB{', 8, 13, 8, 0, 5)
(463, 'G?`vF{', 8, 14, 8, 0, 7)
(464, 'G?`rfO', 8, 11, 8, 0, 1)
(465, 'G?`reW', 8, 11, 8, 0, 2)
(466, 'G?`rc[', 8, 11, 8, 0, 1)
(467, 'G?`rfo', 8, 12, 8, 0, 1)
(468, 'G?`rfW', 8, 12, 8, 0, 3)
(469, 'G?`re[', 8, 12, 8, 0, 3)
(470, 'G?`rfw', 8, 13, 8, 0, 4)
(471, 'G?`rf[', 8, 13, 8, 0, 5)
(472, 'G?`rf{', 8, 14, 8, 0, 7)
(473, 'G?`uV_', 8, 11, 8, 0, 1)
(474, 'G?`uTo', 8, 11, 8, 0, 2)
(475, 'G?`uTg', 8, 11, 8, 0, 3)
(476, 'G?`uRg', 8, 11, 8, 0, 4)
(477, 'G?`uPk', 8, 11, 8, 0, 3)
(478, 'G?`uVo', 8, 12, 8, 0, 2)
(479, 'G?`uVg', 8, 12, 8, 0, 4)
(480, 'G?`uTw', 8, 12, 8, 0, 4)
(481, 'G?`uVc', 8, 12, 8, 0, 3)
(482, 'G?`uTs', 8, 12, 8, 0, 4)
(483, 'G?`uTk', 8, 12, 8, 0, 4)
(484, 'G?`uRk', 8, 12, 8, 0, 5)
(485, 'G?`uVw', 8, 13, 8, 0, 5)
(486, 'G?`uVs', 8, 13, 8, 0, 5)
(487, 'G?`uVk', 8, 13, 8, 0, 6)
(488, 'G?`uT{', 8, 13, 8, 0, 6)
(489, 'G?`uV{', 8, 14, 8, 0, 8)
(490, 'G?`vfO', 8, 12, 8, 0, 1)
(491, 'G?`vbo', 8, 12, 8, 0, 0)
(492, 'G?`veW', 8, 12, 8, 0, 2)
(493, 'G?`vbW', 8, 12, 8, 0, 2)
(494, 'G?`vfo', 8, 13, 8, 0, 1)
(495, 'G?`vfW', 8, 13, 8, 0, 3)
(496, 'G?`vbw', 8, 13, 8, 0, 3)
(497, 'G?`vfS', 8, 13, 8, 0, 4)
(498, 'G?`vbs', 8, 13, 8, 0, 3)
(499, 'G?`vfw', 8, 14, 8, 0, 4)
(500, 'G?`vfs', 8, 14, 8, 0, 5)
(501, 'G?`vf[', 8, 14, 8, 0, 6)
(502, 'G?`vb{', 8, 14, 8, 0, 6)
(503, 'G?`vf{', 8, 15, 8, 0, 8)
(504, 'G?`vUo', 8, 12, 8, 0, 2)
(505, 'G?`vUg', 8, 12, 8, 0, 3)
(507, 'G?`vSw', 8, 12, 8, 0, 3)
(508, 'G?`vVo', 8, 13, 8, 0, 2)
(509, 'G?`vVg', 8, 13, 8, 0, 4)
(510, 'G?`vUw', 8, 13, 8, 0, 4)
(511, 'G?`vUs', 8, 13, 8, 0, 5)
(512, 'G?`vVw', 8, 14, 8, 0, 5)
(513, 'G?`vVs', 8, 14, 8, 0, 6)
(514, 'G?`vVk', 8, 14, 8, 0, 7)
(515, 'G?`vU{', 8, 14, 8, 0, 7)
(516, 'G?`vV{', 8, 15, 8, 0, 9)
(517, 'G?`vNo', 8, 13, 8, 0, 3)
(518, 'G?`vJw', 8, 13, 8, 0, 5)
(519, 'G?`vMs', 8, 13, 8, 0, 5)
(520, 'G?`vJs', 8, 13, 8, 0, 4)
(521, 'G?`vK{', 8, 13, 8, 0, 6)
(522, 'G?`vI{', 8, 13, 8, 0, 6)
(523, 'G?`vNw', 8, 14, 8, 0, 6)
(524, 'G?`vNs', 8, 14, 8, 0, 6)
(525, 'G?`vM{', 8, 14, 8, 0, 8)
(526, 'G?`vJ{', 8, 14, 8, 0, 8)
(527, 'G?`vN{', 8, 15, 8, 0, 10)
(528, 'G?`rno', 8, 13, 8, 0, 4)
(529, 'G?`rnW', 8, 13, 8, 0, 6)
(530, 'G?`rm[', 8, 13, 8, 0, 7)
(531, 'G?`rnw', 8, 14, 8, 0, 7)
(532, 'G?`rn[', 8, 14, 8, 0, 9)
(533, 'G?`rn{', 8, 15, 8, 0, 11)
(534, 'G?`u^o', 8, 13, 8, 0, 3)
(535, 'G?`u^g', 8, 13, 8, 0, 5)
(536, 'G?`u\\w', 8, 13, 8, 0, 5)
(537, 'G?`u^c', 8, 13, 8, 0, 4)
(538, 'G?`u\\s', 8, 13, 8, 0, 5)
(539, 'G?`u^w', 8, 14, 8, 0, 6)
(540, 'G?`u^s', 8, 14, 8, 0, 6)
(541, 'G?`u^k', 8, 14, 8, 0, 8)
(542, 'G?`u\\{', 8, 14, 8, 0, 8)
(543, 'G?`u^{', 8, 15, 8, 0, 10)
(544, 'G?`vvo', 8, 14, 8, 0, 2)
(545, 'G?`vvw', 8, 15, 8, 0, 5)
(546, 'G?`vvs', 8, 15, 8, 0, 7)
(547, 'G?`vv{', 8, 16, 8, 0, 10)
(548, 'G?`vno', 8, 14, 8, 0, 4)
(549, 'G?`vnw', 8, 15, 8, 0, 7)
(550, 'G?`vns', 8, 15, 8, 0, 8)
(551, 'G?`vn[', 8, 15, 8, 0, 10)
(552, 'G?`vj{', 8, 15, 8, 0, 10)
(553, 'G?`vn{', 8, 16, 8, 0, 12)
(554, 'G?`v^o', 8, 14, 8, 0, 4)
(555, 'G?`v^w', 8, 15, 8, 0, 7)
(556, 'G?`v^s', 8, 15, 8, 0, 8)
(557, 'G?`v]{', 8, 15, 8, 0, 10)
(558, 'G?`v^{', 8, 16, 8, 0, 12)
(559, 'G?`v~w', 8, 16, 8, 0, 8)
(560, 'G?`v~{', 8, 17, 8, 0, 14)
(561, 'G?bLbo', 8, 11, 8, 0, 1)
(562, 'G?bLbg', 8, 11, 8, 0, 2)
(563, 'G?bLfo', 8, 12, 8, 0, 2)
(564, 'G?bLfg', 8, 12, 8, 0, 3)
(565, 'G?bLbw', 8, 12, 8, 0, 3)
(566, 'G?bLfc', 8, 12, 8, 0, 4)
(567, 'G?bLbs', 8, 12, 8, 0, 3)
(568, 'G?bLbk', 8, 12, 8, 0, 4)
(569, 'G?bLfw', 8, 13, 8, 0, 5)
(570, 'G?bLfs', 8, 13, 8, 0, 5)
(571, 'G?bLfk', 8, 13, 8, 0, 6)
(572, 'G?bLb{', 8, 13, 8, 0, 5)
(573, 'G?bLf{', 8, 14, 8, 0, 8)
(574, 'G?bNbo', 8, 12, 8, 0, 1)
(575, 'G?bNfo', 8, 13, 8, 0, 2)
(576, 'G?bNfg', 8, 13, 8, 0, 3)
(577, 'G?bNdw', 8, 13, 8, 0, 4)
(578, 'G?bNbw', 8, 13, 8, 0, 3)
(579, 'G?bNfc', 8, 13, 8, 0, 5)
(580, 'G?bNds', 8, 13, 8, 0, 5)
(581, 'G?bNbs', 8, 13, 8, 0, 4)
(582, 'G?bNdk', 8, 13, 8, 0, 5)
(583, 'G?bN`{', 8, 13, 8, 0, 4)
(584, 'G?bNfw', 8, 14, 8, 0, 5)
(585, 'G?bNfs', 8, 14, 8, 0, 6)
(586, 'G?bNfk', 8, 14, 8, 0, 7)
(587, 'G?bNd{', 8, 14, 8, 0, 7)
(588, 'G?bNb{', 8, 14, 8, 0, 6)
(589, 'G?bNf{', 8, 15, 8, 0, 9)
(590, 'G?bLvo', 8, 13, 8, 0, 3)
(591, 'G?bLvg', 8, 13, 8, 0, 4)
(592, 'G?bLvw', 8, 14, 8, 0, 6)
(593, 'G?bLvs', 8, 14, 8, 0, 7)
(594, 'G?bLvk', 8, 14, 8, 0, 7)
(595, 'G?bLv{', 8, 15, 8, 0, 10)
(596, 'G?bNvo', 8, 14, 8, 0, 3)
(597, 'G?bNtw', 8, 14, 8, 0, 5)
(598, 'G?bNvw', 8, 15, 8, 0, 6)
(599, 'G?bNvs', 8, 15, 8, 0, 8)
(600, 'G?bNt{', 8, 15, 8, 0, 9)
(601, 'G?bNv{', 8, 16, 8, 0, 11)
(602, 'G?bNno', 8, 14, 8, 0, 4)
(603, 'G?bNnw', 8, 15, 8, 0, 7)
(604, 'G?bNns', 8, 15, 8, 0, 8)
(605, 'G?bNnk', 8, 15, 8, 0, 10)
(606, 'G?bNl{', 8, 15, 8, 0, 10)
(607, 'G?bNj{', 8, 15, 8, 0, 9)
(608, 'G?bNn{', 8, 16, 8, 0, 12)
(609, 'G?bL~w', 8, 15, 8, 0, 8)
(610, 'G?bL~{', 8, 16, 8, 0, 13)
(611, 'G?bN~w', 8, 16, 8, 0, 9)
(612, 'G?bN~{', 8, 17, 8, 0, 15)
(613, 'G?bvbo', 8, 13, 8, 0, 0)
(614, 'G?bvfo', 8, 14, 8, 0, 1)
(615, 'G?bvbw', 8, 14, 8, 0, 3)
(616, 'G?bve[', 8, 14, 8, 0, 5)
(617, 'G?bvb[', 8, 14, 8, 0, 4)
(618, 'G?bvfw', 8, 15, 8, 0, 5)
(619, 'G?bvf[', 8, 15, 8, 0, 7)
(620, 'G?bvb{', 8, 15, 8, 0, 6)
(621, 'G?bvf{', 8, 16, 8, 0, 9)
(622, 'G?bvVo', 8, 14, 8, 0, 2)
(623, 'G?bvVg', 8, 14, 8, 0, 5)
(624, 'G?bvRw', 8, 14, 8, 0, 4)
(625, 'G?bvVc', 8, 14, 8, 0, 4)
(626, 'G?bvUs', 8, 14, 8, 0, 5)
(627, 'G?bvRs', 8, 14, 8, 0, 4)
(628, 'G?bvUk', 8, 14, 8, 0, 6)
(629, 'G?bvRk', 8, 14, 8, 0, 6)
(630, 'G?bvS{', 8, 14, 8, 0, 6)
(631, 'G?bvQ{', 8, 14, 8, 0, 5)
(632, 'G?bvVw', 8, 15, 8, 0, 6)
(633, 'G?bvVs', 8, 15, 8, 0, 6)
(634, 'G?bvVk', 8, 15, 8, 0, 8)
(635, 'G?bvU{', 8, 15, 8, 0, 8)
(636, 'G?bvR{', 8, 15, 8, 0, 7)
(637, 'G?bvV{', 8, 16, 8, 0, 10)
(638, 'G?brvO', 8, 13, 8, 0, 1)
(639, 'G?brvo', 8, 14, 8, 0, 1)
(640, 'G?brvg', 8, 14, 8, 0, 4)
(641, 'G?brvK', 8, 14, 8, 0, 5)
(642, 'G?brrk', 8, 14, 8, 0, 6)
(643, 'G?bru[', 8, 14, 8, 0, 5)
(644, 'G?brvw', 8, 15, 8, 0, 5)
(645, 'G?brvk', 8, 15, 8, 0, 7)
(646, 'G?brv[', 8, 15, 8, 0, 7)
(647, 'G?brv{', 8, 16, 8, 0, 9)
(648, 'G?bvvo', 8, 15, 8, 0, 2)
(649, 'G?bvvg', 8, 15, 8, 0, 5)
(650, 'G?bvvW', 8, 15, 8, 0, 5)
(651, 'G?bvrw', 8, 15, 8, 0, 4)
(652, 'G?bvvw', 8, 16, 8, 0, 6)
(653, 'G?bvvs', 8, 16, 8, 0, 7)
(654, 'G?bvr{', 8, 16, 8, 0, 8)
(655, 'G?bvv{', 8, 17, 8, 0, 11)
(656, 'G?bvnw', 8, 16, 8, 0, 9)
(657, 'G?bvn[', 8, 16, 8, 0, 12)
(658, 'G?bvj{', 8, 16, 8, 0, 11)
(659, 'G?bvn{', 8, 17, 8, 0, 14)
(660, 'G?bv^w', 8, 16, 8, 0, 9)
(661, 'G?bv^s', 8, 16, 8, 0, 9)
(662, 'G?bv]{', 8, 16, 8, 0, 12)
(663, 'G?bv^{', 8, 17, 8, 0, 14)
(664, 'G?br~[', 8, 16, 8, 0, 11)
(665, 'G?br~{', 8, 17, 8, 0, 13)
(666, 'G?bv~{', 8, 18, 8, 0, 16)
(667, 'G?bmvo', 8, 14, 8, 0, 3)
(668, 'G?bmvg', 8, 14, 8, 0, 5)
(669, 'G?bmtw', 8, 14, 8, 0, 6)
(670, 'G?bmtk', 8, 14, 8, 0, 6)
(671, 'G?bmrk', 8, 14, 8, 0, 6)
(672, 'G?bmvw', 8, 15, 8, 0, 7)
(673, 'G?bmvk', 8, 15, 8, 0, 8)
(674, 'G?bmt{', 8, 15, 8, 0, 9)
(675, 'G?bmv{', 8, 16, 8, 0, 11)
(676, 'G?bnvo', 8, 15, 8, 0, 3)
(677, 'G?bnuw', 8, 15, 8, 0, 6)
(678, 'G?bnvw', 8, 16, 8, 0, 7)
(679, 'G?bnvs', 8, 16, 8, 0, 8)
(680, 'G?bnv{', 8, 17, 8, 0, 12)
(681, 'G?bm~w', 8, 16, 8, 0, 10)
(682, 'G?bm|{', 8, 16, 8, 0, 13)
(683, 'G?bm~{', 8, 17, 8, 0, 15)
(684, 'G?bn~{', 8, 18, 8, 0, 17)
(685, 'G?b~vo', 8, 16, 8, 0, 3)
(686, 'G?b~vw', 8, 17, 8, 0, 8)
(687, 'G?b~vk', 8, 17, 8, 0, 10)
(688, 'G?b~v[', 8, 17, 8, 0, 11)
(689, 'G?b~v{', 8, 18, 8, 0, 13)
(690, 'G?b~~{', 8, 19, 8, 0, 19)
(691, 'G?r@do', 8, 10, 8, 0, 1)
(692, 'G?r@dc', 8, 10, 8, 0, 2)
(693, 'G?r@fo', 8, 11, 8, 0, 2)
(694, 'G?r@fc', 8, 11, 8, 0, 2)
(695, 'G?r@ds', 8, 11, 8, 0, 3)
(696, 'G?r@fw', 8, 12, 8, 0, 4)
(697, 'G?r@fs', 8, 12, 8, 0, 4)
(698, 'G?r@f{', 8, 13, 8, 0, 6)
(699, 'G?rF`w', 8, 12, 8, 0, 0)
(700, 'G?rFfo', 8, 13, 8, 0, 2)
(701, 'G?rFdw', 8, 13, 8, 0, 2)
(702, 'G?rFfc', 8, 13, 8, 0, 4)
(703, 'G?rFds', 8, 13, 8, 0, 4)
(704, 'G?rF`{', 8, 13, 8, 0, 2)
(705, 'G?rFfw', 8, 14, 8, 0, 4)
(706, 'G?rFfs', 8, 14, 8, 0, 6)
(707, 'G?rFd{', 8, 14, 8, 0, 5)
(708, 'G?rFf{', 8, 15, 8, 0, 8)
(709, 'G?rDrg', 8, 12, 8, 0, 2)
(710, 'G?rDvo', 8, 13, 8, 0, 3)
(711, 'G?rDvg', 8, 13, 8, 0, 3)
(712, 'G?rDts', 8, 13, 8, 0, 6)
(713, 'G?rDrs', 8, 13, 8, 0, 5)
(714, 'G?rDrk', 8, 13, 8, 0, 4)
(715, 'G?rDvw', 8, 14, 8, 0, 5)
(716, 'G?rDvs', 8, 14, 8, 0, 7)
(717, 'G?rDvk', 8, 14, 8, 0, 6)
(718, 'G?rDv{', 8, 15, 8, 0, 9)
(719, 'G?rFvo', 8, 14, 8, 0, 4)
(720, 'G?rFvg', 8, 14, 8, 0, 4)
(721, 'G?rFtw', 8, 14, 8, 0, 4)
(722, 'G?rFvw', 8, 15, 8, 0, 6)
(723, 'G?rFvs', 8, 15, 8, 0, 9)
(724, 'G?rFvk', 8, 15, 8, 0, 8)
(725, 'G?rFt{', 8, 15, 8, 0, 8)
(726, 'G?rFv{', 8, 16, 8, 0, 11)
(727, 'G?rF~w', 8, 16, 8, 0, 8)
(728, 'G?rF~{', 8, 17, 8, 0, 14)
(729, 'G?qa`o', 8, 9, 8, 0, 0)
(730, 'G?qa`g', 8, 9, 8, 0, 1)
(731, 'G?qado', 8, 10, 8, 0, 1)
(732, 'G?qadg', 8, 10, 8, 0, 2)
(733, 'G?qabg', 8, 10, 8, 0, 1)
(734, 'G?qa`w', 8, 10, 8, 0, 1)
(735, 'G?qa`k', 8, 10, 8, 0, 2)
(736, 'G?qafo', 8, 11, 8, 0, 2)
(737, 'G?qafg', 8, 11, 8, 0, 2)
(738, 'G?qadw', 8, 11, 8, 0, 3)
(739, 'G?qabw', 8, 11, 8, 0, 2)
(740, 'G?qadk', 8, 11, 8, 0, 3)
(741, 'G?qa`{', 8, 11, 8, 0, 2)
(742, 'G?qafw', 8, 12, 8, 0, 4)
(743, 'G?qafk', 8, 12, 8, 0, 4)
(744, 'G?qad{', 8, 12, 8, 0, 4)
(745, 'G?qaf{', 8, 13, 8, 0, 6)
(746, 'G?qb_w', 8, 10, 8, 0, 0)
(747, 'G?qbeo', 8, 11, 8, 0, 2)
(748, 'G?qbdo', 8, 11, 8, 0, 1)
(749, 'G?qbbo', 8, 11, 8, 0, 1)
(750, 'G?qbcw', 8, 11, 8, 0, 2)
(751, 'G?qbaw', 8, 11, 8, 0, 1)
(752, 'G?qbbc', 8, 11, 8, 0, 3)
(753, 'G?qbfo', 8, 12, 8, 0, 2)
(754, 'G?qbew', 8, 12, 8, 0, 3)
(755, 'G?qbbw', 8, 12, 8, 0, 2)
(756, 'G?qbfc', 8, 12, 8, 0, 3)
(757, 'G?qbes', 8, 12, 8, 0, 4)
(758, 'G?qbds', 8, 12, 8, 0, 3)
(759, 'G?qbbs', 8, 12, 8, 0, 4)
(760, 'G?qbc{', 8, 12, 8, 0, 3)
(761, 'G?qba{', 8, 12, 8, 0, 3)
(762, 'G?qbfw', 8, 13, 8, 0, 4)
(763, 'G?qbfs', 8, 13, 8, 0, 5)
(764, 'G?qbe{', 8, 13, 8, 0, 5)
(765, 'G?qbb{', 8, 13, 8, 0, 5)
(766, 'G?qbf{', 8, 14, 8, 0, 7)
(767, 'G?q`qg', 8, 10, 8, 0, 0)
(768, 'G?q`v_', 8, 11, 8, 0, 0)
(769, 'G?q`uo', 8, 11, 8, 0, 2)
(770, 'G?q`ug', 8, 11, 8, 0, 1)
(771, 'G?q`qw', 8, 11, 8, 0, 1)
(772, 'G?q`vo', 8, 12, 8, 0, 2)
(773, 'G?q`vg', 8, 12, 8, 0, 2)
(774, 'G?q`uw', 8, 12, 8, 0, 3)
(775, 'G?q`rw', 8, 12, 8, 0, 2)
(776, 'G?q`us', 8, 12, 8, 0, 4)
(777, 'G?q`q{', 8, 12, 8, 0, 3)
(778, 'G?q`vw', 8, 13, 8, 0, 4)
(779, 'G?q`vs', 8, 13, 8, 0, 5)
(780, 'G?q`u{', 8, 13, 8, 0, 5)
(781, 'G?q`v{', 8, 14, 8, 0, 7)
(782, 'G?qfbo', 8, 12, 8, 0, 1)
(783, 'G?qffo', 8, 13, 8, 0, 2)
(784, 'G?qfew', 8, 13, 8, 0, 3)
(785, 'G?qfbw', 8, 13, 8, 0, 2)
(786, 'G?qffc', 8, 13, 8, 0, 4)
(787, 'G?qfbs', 8, 13, 8, 0, 4)
(788, 'G?qffw', 8, 14, 8, 0, 4)
(789, 'G?qffs', 8, 14, 8, 0, 6)
(790, 'G?qfe{', 8, 14, 8, 0, 6)
(791, 'G?qfb{', 8, 14, 8, 0, 5)
(792, 'G?qff{', 8, 15, 8, 0, 8)
(793, 'G?qerg', 8, 12, 8, 0, 3)
(794, 'G?qevo', 8, 13, 8, 0, 4)
(795, 'G?qevg', 8, 13, 8, 0, 4)
(796, 'G?qetw', 8, 13, 8, 0, 5)
(797, 'G?qerw', 8, 13, 8, 0, 4)
(798, 'G?qevc', 8, 13, 8, 0, 5)
(799, 'G?qers', 8, 13, 8, 0, 6)
(800, 'G?qetk', 8, 13, 8, 0, 6)
(801, 'G?qerk', 8, 13, 8, 0, 5)
(802, 'G?qep{', 8, 13, 8, 0, 5)
(803, 'G?qevw', 8, 14, 8, 0, 6)
(804, 'G?qevs', 8, 14, 8, 0, 8)
(805, 'G?qevk', 8, 14, 8, 0, 7)
(806, 'G?qet{', 8, 14, 8, 0, 8)
(807, 'G?qer{', 8, 14, 8, 0, 7)
(808, 'G?qev{', 8, 15, 8, 0, 10)
(809, 'G?qdrg', 8, 12, 8, 0, 2)
(810, 'G?qdvo', 8, 13, 8, 0, 3)
(811, 'G?qdvg', 8, 13, 8, 0, 3)
(812, 'G?qduw', 8, 13, 8, 0, 4)
(813, 'G?qdrw', 8, 13, 8, 0, 3)
(814, 'G?qdvc', 8, 13, 8, 0, 4)
(815, 'G?qdus', 8, 13, 8, 0, 6)
(816, 'G?qdrs', 8, 13, 8, 0, 5)
(817, 'G?qduk', 8, 13, 8, 0, 4)
(818, 'G?qdrk', 8, 13, 8, 0, 4)
(819, 'G?qdq{', 8, 13, 8, 0, 4)
(820, 'G?qdvw', 8, 14, 8, 0, 5)
(821, 'G?qdvs', 8, 14, 8, 0, 7)
(822, 'G?qdvk', 8, 14, 8, 0, 6)
(823, 'G?qdu{', 8, 14, 8, 0, 7)
(824, 'G?qdr{', 8, 14, 8, 0, 6)
(825, 'G?qdv{', 8, 15, 8, 0, 9)
(826, 'G?qbrg', 8, 12, 8, 0, 2)
(827, 'G?qbvo', 8, 13, 8, 0, 3)
(828, 'G?qbvg', 8, 13, 8, 0, 3)
(829, 'G?qbuw', 8, 13, 8, 0, 4)
(830, 'G?qbtw', 8, 13, 8, 0, 4)
(831, 'G?qbrw', 8, 13, 8, 0, 3)
(832, 'G?qbrs', 8, 13, 8, 0, 6)
(833, 'G?qbrk', 8, 13, 8, 0, 5)
(834, 'G?qbvw', 8, 14, 8, 0, 5)
(835, 'G?qbvs', 8, 14, 8, 0, 7)
(836, 'G?qbvk', 8, 14, 8, 0, 6)
(837, 'G?qbu{', 8, 14, 8, 0, 7)
(838, 'G?qbt{', 8, 14, 8, 0, 7)
(839, 'G?qbr{', 8, 14, 8, 0, 7)
(840, 'G?qbv{', 8, 15, 8, 0, 9)
(841, 'G?qc~o', 8, 13, 8, 0, 4)
(842, 'G?qczw', 8, 13, 8, 0, 4)
(843, 'G?qc~c', 8, 13, 8, 0, 4)
(844, 'G?qczs', 8, 13, 8, 0, 5)
(845, 'G?qc~w', 8, 14, 8, 0, 6)
(846, 'G?qc~s', 8, 14, 8, 0, 7)
(847, 'G?qcz{', 8, 14, 8, 0, 7)
(848, 'G?qc~{', 8, 15, 8, 0, 10)
(849, 'G?qa~_', 8, 12, 8, 0, 1)
(850, 'G?qaxw', 8, 12, 8, 0, 2)
(851, 'G?qa~o', 8, 13, 8, 0, 3)
(852, 'G?qa~g', 8, 13, 8, 0, 3)
(853, 'G?qa|w', 8, 13, 8, 0, 4)
(854, 'G?qazw', 8, 13, 8, 0, 3)
(855, 'G?qa~c', 8, 13, 8, 0, 3)
(856, 'G?qazs', 8, 13, 8, 0, 5)
(857, 'G?qazk', 8, 13, 8, 0, 5)
(858, 'G?qax{', 8, 13, 8, 0, 5)
(859, 'G?qa~w', 8, 14, 8, 0, 5)
(860, 'G?qa~s', 8, 14, 8, 0, 6)
(861, 'G?qa~k', 8, 14, 8, 0, 6)
(862, 'G?qa|{', 8, 14, 8, 0, 7)
(863, 'G?qaz{', 8, 14, 8, 0, 7)
(864, 'G?qa~{', 8, 15, 8, 0, 9)
(865, 'G?qfvo', 8, 14, 8, 0, 4)
(866, 'G?qfvg', 8, 14, 8, 0, 4)
(867, 'G?qfrw', 8, 14, 8, 0, 4)
(868, 'G?qfvw', 8, 15, 8, 0, 6)
(869, 'G?qfvs', 8, 15, 8, 0, 9)
(870, 'G?qfvk', 8, 15, 8, 0, 8)
(871, 'G?qfr{', 8, 15, 8, 0, 8)
(872, 'G?qfv{', 8, 16, 8, 0, 11)
(873, 'G?qe~o', 8, 14, 8, 0, 5)
(874, 'G?qe~g', 8, 14, 8, 0, 5)
(875, 'G?qe|w', 8, 14, 8, 0, 6)
(876, 'G?qezw', 8, 14, 8, 0, 5)
(877, 'G?qe~w', 8, 15, 8, 0, 7)
(878, 'G?qe~s', 8, 15, 8, 0, 9)
(879, 'G?qe~k', 8, 15, 8, 0, 9)
(880, 'G?qe|{', 8, 15, 8, 0, 10)
(881, 'G?qez{', 8, 15, 8, 0, 9)
(882, 'G?qe~{', 8, 16, 8, 0, 12)
(883, 'G?qbzw', 8, 14, 8, 0, 4)
(884, 'G?qb~w', 8, 15, 8, 0, 6)
(885, 'G?qbz{', 8, 15, 8, 0, 9)
(886, 'G?qb~{', 8, 16, 8, 0, 11)
(887, 'G?qf~w', 8, 16, 8, 0, 8)
(888, 'G?qf~{', 8, 17, 8, 0, 14)
(889, 'G?ov@o', 8, 10, 8, 0, 0)
(890, 'G?ov?w', 8, 10, 8, 0, 1)
(891, 'G?ovEo', 8, 11, 8, 0, 2)
(892, 'G?ovDo', 8, 11, 8, 0, 1)
(893, 'G?ovEg', 8, 11, 8, 0, 1)
(894, 'G?ovDg', 8, 11, 8, 0, 2)
(895, 'G?ovCw', 8, 11, 8, 0, 2)
(896, 'G?ov@w', 8, 11, 8, 0, 2)
(897, 'G?ovEc', 8, 11, 8, 0, 2)
(898, 'G?ovDc', 8, 11, 8, 0, 2)
(899, 'G?ovCs', 8, 11, 8, 0, 2)
(900, 'G?ov@s', 8, 11, 8, 0, 1)
(901, 'G?ovCk', 8, 11, 8, 0, 2)
(902, 'G?ov@k', 8, 11, 8, 0, 3)
(903, 'G?ov?{', 8, 11, 8, 0, 1)
(904, 'G?ovFo', 8, 12, 8, 0, 2)
(905, 'G?ovFg', 8, 12, 8, 0, 2)
(906, 'G?ovEw', 8, 12, 8, 0, 3)
(907, 'G?ovDw', 8, 12, 8, 0, 3)
(908, 'G?ovFc', 8, 12, 8, 0, 3)
(909, 'G?ovEs', 8, 12, 8, 0, 4)
(910, 'G?ovDs', 8, 12, 8, 0, 3)
(911, 'G?ovEk', 8, 12, 8, 0, 3)
(912, 'G?ovDk', 8, 12, 8, 0, 4)
(913, 'G?ovC{', 8, 12, 8, 0, 3)
(914, 'G?ov@{', 8, 12, 8, 0, 3)
(915, 'G?ovFw', 8, 13, 8, 0, 4)
(916, 'G?ovFs', 8, 13, 8, 0, 5)
(917, 'G?ovFk', 8, 13, 8, 0, 5)
(918, 'G?ovE{', 8, 13, 8, 0, 5)
(919, 'G?ovD{', 8, 13, 8, 0, 5)
(920, 'G?ovF{', 8, 14, 8, 0, 7)
(921, 'G?ouV_', 8, 11, 8, 0, 2)
(922, 'G?ouTg', 8, 11, 8, 0, 4)
(923, 'G?ouPw', 8, 11, 8, 0, 4)
(924, 'G?ouPs', 8, 11, 8, 0, 3)
(925, 'G?ouVo', 8, 12, 8, 0, 4)
(926, 'G?ouVg', 8, 12, 8, 0, 4)
(927, 'G?ouTw', 8, 12, 8, 0, 5)
(928, 'G?ouTs', 8, 12, 8, 0, 5)
(929, 'G?ouP{', 8, 12, 8, 0, 5)
(930, 'G?ouVw', 8, 13, 8, 0, 6)
(931, 'G?ouVs', 8, 13, 8, 0, 7)
(932, 'G?ouT{', 8, 13, 8, 0, 7)
(933, 'G?ouV{', 8, 14, 8, 0, 9)
(935, 'G?otV_', 8, 11, 8, 0, 1)
(936, 'G?otUo', 8, 11, 8, 0, 3)
(937, 'G?otUg', 8, 11, 8, 0, 2)
(939, 'G?otQw', 8, 11, 8, 0, 3)
(940, 'G?otQs', 8, 11, 8, 0, 3)
(941, 'G?otQk', 8, 11, 8, 0, 2)
(942, 'G?otVo', 8, 12, 8, 0, 3)
(943, 'G?otVg', 8, 12, 8, 0, 3)
(944, 'G?otUw', 8, 12, 8, 0, 4)
(945, 'G?otRw', 8, 12, 8, 0, 4)
(946, 'G?otVc', 8, 12, 8, 0, 3)
(947, 'G?otUs', 8, 12, 8, 0, 5)
(948, 'G?otRs', 8, 12, 8, 0, 4)
(949, 'G?otUk', 8, 12, 8, 0, 3)
(950, 'G?otRk', 8, 12, 8, 0, 4)
(951, 'G?otQ{', 8, 12, 8, 0, 4)
(952, 'G?otVw', 8, 13, 8, 0, 5)
(953, 'G?otVs', 8, 13, 8, 0, 6)
(954, 'G?otVk', 8, 13, 8, 0, 5)
(955, 'G?otU{', 8, 13, 8, 0, 6)
(956, 'G?otR{', 8, 13, 8, 0, 6)
(957, 'G?otV{', 8, 14, 8, 0, 8)
(958, 'G?opv_', 8, 11, 8, 0, 0)
(959, 'G?opvO', 8, 11, 8, 0, 2)
(960, 'G?opvG', 8, 11, 8, 0, 1)
(961, 'G?opuW', 8, 11, 8, 0, 2)
(962, 'G?opvo', 8, 12, 8, 0, 2)
(963, 'G?opvg', 8, 12, 8, 0, 2)
(964, 'G?opvW', 8, 12, 8, 0, 3)
(965, 'G?opvc', 8, 12, 8, 0, 2)
(966, 'G?opvS', 8, 12, 8, 0, 4)
(967, 'G?opvK', 8, 12, 8, 0, 2)
(968, 'G?opu[', 8, 12, 8, 0, 3)
(969, 'G?opvw', 8, 13, 8, 0, 4)
(970, 'G?opvs', 8, 13, 8, 0, 5)
(971, 'G?opvk', 8, 13, 8, 0, 4)
(972, 'G?opv[', 8, 13, 8, 0, 5)
(973, 'G?opv{', 8, 14, 8, 0, 7)
(974, 'G?ovfO', 8, 12, 8, 0, 2)
(975, 'G?ovdo', 8, 12, 8, 0, 1)
(976, 'G?oveW', 8, 12, 8, 0, 2)
(977, 'G?ovdW', 8, 12, 8, 0, 2)
(978, 'G?ovfo', 8, 13, 8, 0, 2)
(979, 'G?ovfW', 8, 13, 8, 0, 3)
(980, 'G?ovfc', 8, 13, 8, 0, 4)
(981, 'G?ovfS', 8, 13, 8, 0, 5)
(982, 'G?ovds', 8, 13, 8, 0, 4)
(983, 'G?ove[', 8, 13, 8, 0, 4)
(984, 'G?ovd[', 8, 13, 8, 0, 4)
(985, 'G?ovfw', 8, 14, 8, 0, 4)
(986, 'G?ovfs', 8, 14, 8, 0, 6)
(987, 'G?ovf[', 8, 14, 8, 0, 6)
(988, 'G?ovf{', 8, 15, 8, 0, 8)
(989, 'G?ovUg', 8, 12, 8, 0, 3)
(991, 'G?ovVo', 8, 13, 8, 0, 4)
(992, 'G?ovVg', 8, 13, 8, 0, 4)
(993, 'G?ovUw', 8, 13, 8, 0, 5)
(994, 'G?ovTw', 8, 13, 8, 0, 5)
(995, 'G?ovUs', 8, 13, 8, 0, 7)
(996, 'G?ovUk', 8, 13, 8, 0, 5)
(997, 'G?ovTk', 8, 13, 8, 0, 6)
(998, 'G?ovS{', 8, 13, 8, 0, 6)
(999, 'G?ovP{', 8, 13, 8, 0, 6)
(1000, 'G?ovVw', 8, 14, 8, 0, 6)
(1001, 'G?ovVs', 8, 14, 8, 0, 8)
(1002, 'G?ovVk', 8, 14, 8, 0, 7)
(1003, 'G?ovU{', 8, 14, 8, 0, 8)
(1004, 'G?ovT{', 8, 14, 8, 0, 8)
(1005, 'G?ovV{', 8, 15, 8, 0, 10)
(1006, 'G?otvG', 8, 12, 8, 0, 2)
(1007, 'G?otvo', 8, 13, 8, 0, 3)
(1008, 'G?otvg', 8, 13, 8, 0, 3)
(1009, 'G?otvW', 8, 13, 8, 0, 4)
(1010, 'G?otrw', 8, 13, 8, 0, 4)
(1011, 'G?otvS', 8, 13, 8, 0, 6)
(1012, 'G?otrs', 8, 13, 8, 0, 5)
(1013, 'G?otvK', 8, 13, 8, 0, 4)
(1014, 'G?otu[', 8, 13, 8, 0, 5)
(1015, 'G?otr[', 8, 13, 8, 0, 5)
(1016, 'G?otvw', 8, 14, 8, 0, 5)
(1017, 'G?otvs', 8, 14, 8, 0, 7)
(1018, 'G?otvk', 8, 14, 8, 0, 6)
(1019, 'G?otv[', 8, 14, 8, 0, 7)
(1020, 'G?otr{', 8, 14, 8, 0, 7)
(1021, 'G?otv{', 8, 15, 8, 0, 9)
(1022, 'G?ouXw', 8, 12, 8, 0, 4)
(1023, 'G?ou^o', 8, 13, 8, 0, 4)
(1024, 'G?ou^g', 8, 13, 8, 0, 4)
(1025, 'G?ou\\w', 8, 13, 8, 0, 5)
(1026, 'G?ouX{', 8, 13, 8, 0, 6)
(1027, 'G?ou^w', 8, 14, 8, 0, 6)
(1028, 'G?ou^s', 8, 14, 8, 0, 7)
(1029, 'G?ou^k', 8, 14, 8, 0, 7)
(1030, 'G?ou\\{', 8, 14, 8, 0, 8)
(1031, 'G?ou^{', 8, 15, 8, 0, 10)
(1032, 'G?otYw', 8, 12, 8, 0, 4)
(1033, 'G?ot^o', 8, 13, 8, 0, 4)
(1034, 'G?ot]w', 8, 13, 8, 0, 5)
(1035, 'G?otY{', 8, 13, 8, 0, 6)
(1036, 'G?ot^w', 8, 14, 8, 0, 6)
(1037, 'G?ot^s', 8, 14, 8, 0, 7)
(1038, 'G?ot]{', 8, 14, 8, 0, 8)
(1039, 'G?ot^{', 8, 15, 8, 0, 10)
(1040, 'G?ovvo', 8, 14, 8, 0, 4)
(1041, 'G?ovvg', 8, 14, 8, 0, 4)
(1042, 'G?ovvW', 8, 14, 8, 0, 5)
(1043, 'G?ovtw', 8, 14, 8, 0, 5)
(1044, 'G?ovvw', 8, 15, 8, 0, 6)
(1045, 'G?ovvs', 8, 15, 8, 0, 9)
(1046, 'G?ovvk', 8, 15, 8, 0, 8)
(1047, 'G?ovv[', 8, 15, 8, 0, 9)
(1048, 'G?ovt{', 8, 15, 8, 0, 9)
(1049, 'G?ovv{', 8, 16, 8, 0, 11)
(1050, 'G?ov]w', 8, 14, 8, 0, 6)
(1051, 'G?ov\\w', 8, 14, 8, 0, 6)
(1052, 'G?ov^w', 8, 15, 8, 0, 7)
(1053, 'G?ov]{', 8, 15, 8, 0, 10)
(1054, 'G?ov\\{', 8, 15, 8, 0, 10)
(1055, 'G?ov^{', 8, 16, 8, 0, 12)
(1056, 'G?ov~w', 8, 16, 8, 0, 8)
(1057, 'G?ov~{', 8, 17, 8, 0, 14)
(1058, 'G?re`k', 8, 12, 8, 0, 2)
(1059, 'G?refo', 8, 13, 8, 0, 2)
(1060, 'G?refg', 8, 13, 8, 0, 3)
(1061, 'G?redw', 8, 13, 8, 0, 3)
(1062, 'G?redk', 8, 13, 8, 0, 4)
(1063, 'G?re`{', 8, 13, 8, 0, 2)
(1064, 'G?refw', 8, 14, 8, 0, 5)
(1065, 'G?refk', 8, 14, 8, 0, 6)
(1066, 'G?red{', 8, 14, 8, 0, 5)
(1067, 'G?ref{', 8, 15, 8, 0, 8)
(1068, 'G?rfeg', 8, 13, 8, 0, 2)
(1069, 'G?rffo', 8, 14, 8, 0, 2)
(1070, 'G?rffg', 8, 14, 8, 0, 3)
(1071, 'G?rfew', 8, 14, 8, 0, 4)
(1072, 'G?rfdw', 8, 14, 8, 0, 3)
(1073, 'G?rffc', 8, 14, 8, 0, 4)
(1074, 'G?rfes', 8, 14, 8, 0, 5)
(1075, 'G?rfek', 8, 14, 8, 0, 5)
(1076, 'G?rfc{', 8, 14, 8, 0, 4)
(1077, 'G?rffw', 8, 15, 8, 0, 5)
(1078, 'G?rffs', 8, 15, 8, 0, 6)
(1079, 'G?rffk', 8, 15, 8, 0, 7)
(1080, 'G?rfe{', 8, 15, 8, 0, 7)
(1081, 'G?rfd{', 8, 15, 8, 0, 6)
(1082, 'G?rff{', 8, 16, 8, 0, 9)
(1083, 'G?rev_', 8, 13, 8, 0, 2)
(1084, 'G?revo', 8, 14, 8, 0, 4)
(1085, 'G?revg', 8, 14, 8, 0, 5)
(1086, 'G?retw', 8, 14, 8, 0, 5)
(1087, 'G?revw', 8, 15, 8, 0, 7)
(1088, 'G?revs', 8, 15, 8, 0, 8)
(1089, 'G?revk', 8, 15, 8, 0, 8)
(1090, 'G?ret{', 8, 15, 8, 0, 8)
(1091, 'G?rev{', 8, 16, 8, 0, 11)
(1092, 'G?rdpw', 8, 13, 8, 0, 2)
(1093, 'G?rdvo', 8, 14, 8, 0, 3)
(1094, 'G?rdvg', 8, 14, 8, 0, 4)
(1095, 'G?rduw', 8, 14, 8, 0, 5)
(1096, 'G?rdtw', 8, 14, 8, 0, 4)
(1097, 'G?rdrw', 8, 14, 8, 0, 4)
(1098, 'G?rdvc', 8, 14, 8, 0, 4)
(1099, 'G?rdus', 8, 14, 8, 0, 6)
(1100, 'G?rdts', 8, 14, 8, 0, 6)
(1101, 'G?rdrs', 8, 14, 8, 0, 5)
(1102, 'G?rduk', 8, 14, 8, 0, 5)
(1103, 'G?rds{', 8, 14, 8, 0, 6)
(1104, 'G?rdq{', 8, 14, 8, 0, 5)
(1105, 'G?rdvw', 8, 15, 8, 0, 6)
(1106, 'G?rdvs', 8, 15, 8, 0, 7)
(1107, 'G?rdvk', 8, 15, 8, 0, 7)
(1108, 'G?rdu{', 8, 15, 8, 0, 8)
(1109, 'G?rdt{', 8, 15, 8, 0, 8)
(1110, 'G?rdr{', 8, 15, 8, 0, 7)
(1111, 'G?rdv{', 8, 16, 8, 0, 10)
(1112, 'G?reno', 8, 14, 8, 0, 4)
(1113, 'G?renw', 8, 15, 8, 0, 7)
(1114, 'G?renk', 8, 15, 8, 0, 9)
(1115, 'G?rel{', 8, 15, 8, 0, 8)
(1116, 'G?ren{', 8, 16, 8, 0, 11)
(1117, 'G?rfvo', 8, 15, 8, 0, 4)
(1118, 'G?rfuw', 8, 15, 8, 0, 6)
(1119, 'G?rfvw', 8, 16, 8, 0, 7)
(1120, 'G?rfvs', 8, 16, 8, 0, 9)
(1121, 'G?rfu{', 8, 16, 8, 0, 10)
(1122, 'G?rfv{', 8, 17, 8, 0, 12)
(1123, 'G?rfno', 8, 15, 8, 0, 5)
(1124, 'G?rfnw', 8, 16, 8, 0, 8)
(1125, 'G?rfns', 8, 16, 8, 0, 9)
(1126, 'G?rfnk', 8, 16, 8, 0, 11)
(1127, 'G?rfm{', 8, 16, 8, 0, 11)
(1128, 'G?rfn{', 8, 17, 8, 0, 13)
(1129, 'G?re~w', 8, 16, 8, 0, 9)
(1130, 'G?re~{', 8, 17, 8, 0, 14)
(1131, 'G?rd~o', 8, 15, 8, 0, 5)
(1132, 'G?rd~w', 8, 16, 8, 0, 8)
(1133, 'G?rd~s', 8, 16, 8, 0, 9)
(1134, 'G?rd~k', 8, 16, 8, 0, 10)
(1135, 'G?rd}{', 8, 16, 8, 0, 11)
(1136, 'G?rd|{', 8, 16, 8, 0, 11)
(1137, 'G?rdz{', 8, 16, 8, 0, 10)
(1138, 'G?rd~{', 8, 17, 8, 0, 13)
(1139, 'G?rf~w', 8, 17, 8, 0, 10)
(1140, 'G?rf~{', 8, 18, 8, 0, 16)
(1141, 'G?qvBo', 8, 12, 8, 0, 1)
(1142, 'G?qvBg', 8, 12, 8, 0, 2)
(1143, 'G?qvAw', 8, 12, 8, 0, 2)
(1144, 'G?qvEc', 8, 12, 8, 0, 2)
(1145, 'G?qvCs', 8, 12, 8, 0, 2)
(1146, 'G?qvAs', 8, 12, 8, 0, 2)
(1147, 'G?qv@s', 8, 12, 8, 0, 1)
(1148, 'G?qvAk', 8, 12, 8, 0, 2)
(1149, 'G?qv@k', 8, 12, 8, 0, 3)
(1150, 'G?qv?{', 8, 12, 8, 0, 1)
(1151, 'G?qvFo', 8, 13, 8, 0, 2)
(1152, 'G?qvFg', 8, 13, 8, 0, 3)
(1153, 'G?qvEw', 8, 13, 8, 0, 4)
(1154, 'G?qvDw', 8, 13, 8, 0, 4)
(1155, 'G?qvBw', 8, 13, 8, 0, 3)
(1156, 'G?qvFc', 8, 13, 8, 0, 3)
(1157, 'G?qvEs', 8, 13, 8, 0, 4)
(1158, 'G?qvDs', 8, 13, 8, 0, 3)
(1159, 'G?qvBs', 8, 13, 8, 0, 3)
(1160, 'G?qvEk', 8, 13, 8, 0, 4)
(1161, 'G?qvDk', 8, 13, 8, 0, 5)
(1162, 'G?qvBk', 8, 13, 8, 0, 4)
(1163, 'G?qvC{', 8, 13, 8, 0, 4)
(1164, 'G?qvA{', 8, 13, 8, 0, 3)
(1165, 'G?qv@{', 8, 13, 8, 0, 3)
(1166, 'G?qvFw', 8, 14, 8, 0, 5)
(1167, 'G?qvFs', 8, 14, 8, 0, 5)
(1168, 'G?qvFk', 8, 14, 8, 0, 6)
(1169, 'G?qvE{', 8, 14, 8, 0, 6)
(1170, 'G?qvD{', 8, 14, 8, 0, 6)
(1171, 'G?qvB{', 8, 14, 8, 0, 5)
(1172, 'G?qvF{', 8, 15, 8, 0, 8)
(1173, 'G?qtbo', 8, 12, 8, 0, 1)
(1174, 'G?qtfG', 8, 12, 8, 0, 2)
(1175, 'G?qteW', 8, 12, 8, 0, 3)
(1176, 'G?qteK', 8, 12, 8, 0, 2)
(1177, 'G?qtbK', 8, 12, 8, 0, 2)
(1178, 'G?qta[', 8, 12, 8, 0, 1)
(1179, 'G?qtfo', 8, 13, 8, 0, 2)
(1180, 'G?qtfg', 8, 13, 8, 0, 3)
(1181, 'G?qtfW', 8, 13, 8, 0, 4)
(1182, 'G?qtbw', 8, 13, 8, 0, 3)
(1183, 'G?qtfK', 8, 13, 8, 0, 4)
(1184, 'G?qtbk', 8, 13, 8, 0, 4)
(1185, 'G?qte[', 8, 13, 8, 0, 4)
(1186, 'G?qtb[', 8, 13, 8, 0, 3)
(1187, 'G?qtfw', 8, 14, 8, 0, 5)
(1188, 'G?qtfk', 8, 14, 8, 0, 6)
(1189, 'G?qtf[', 8, 14, 8, 0, 6)
(1190, 'G?qtb{', 8, 14, 8, 0, 5)
(1191, 'G?qtf{', 8, 15, 8, 0, 8)
(1192, 'G?qrfO', 8, 12, 8, 0, 2)
(1193, 'G?qrdo', 8, 12, 8, 0, 1)
(1194, 'G?qrfG', 8, 12, 8, 0, 2)
(1195, 'G?qrdg', 8, 12, 8, 0, 3)
(1196, 'G?qrbg', 8, 12, 8, 0, 2)
(1197, 'G?qreW', 8, 12, 8, 0, 3)
(1198, 'G?qrdW', 8, 12, 8, 0, 3)
(1199, 'G?qrbW', 8, 12, 8, 0, 2)
(1200, 'G?qr`w', 8, 12, 8, 0, 2)
(1201, 'G?qreK', 8, 12, 8, 0, 2)
(1202, 'G?qrdK', 8, 12, 8, 0, 3)
(1203, 'G?qr`k', 8, 12, 8, 0, 4)
(1204, 'G?qrc[', 8, 12, 8, 0, 2)
(1205, 'G?qr`[', 8, 12, 8, 0, 2)
(1206, 'G?qrfo', 8, 13, 8, 0, 2)
(1207, 'G?qrfg', 8, 13, 8, 0, 3)
(1208, 'G?qrfW', 8, 13, 8, 0, 4)
(1209, 'G?qrdw', 8, 13, 8, 0, 4)
(1210, 'G?qrbw', 8, 13, 8, 0, 3)
(1211, 'G?qrfK', 8, 13, 8, 0, 4)
(1212, 'G?qrdk', 8, 13, 8, 0, 5)
(1213, 'G?qre[', 8, 13, 8, 0, 4)
(1214, 'G?qrd[', 8, 13, 8, 0, 4)
(1215, 'G?qr`{', 8, 13, 8, 0, 4)
(1216, 'G?qrfw', 8, 14, 8, 0, 5)
(1217, 'G?qrfk', 8, 14, 8, 0, 6)
(1218, 'G?qrf[', 8, 14, 8, 0, 6)
(1219, 'G?qrd{', 8, 14, 8, 0, 6)
(1220, 'G?qrf{', 8, 15, 8, 0, 8)
(1221, 'G?qvbo', 8, 13, 8, 0, 1)
(1222, 'G?qvbg', 8, 13, 8, 0, 2)
(1223, 'G?qvfo', 8, 14, 8, 0, 2)
(1224, 'G?qvfg', 8, 14, 8, 0, 3)
(1225, 'G?qvfW', 8, 14, 8, 0, 4)
(1226, 'G?qvdw', 8, 14, 8, 0, 4)
(1227, 'G?qvbw', 8, 14, 8, 0, 3)
(1228, 'G?qvfc', 8, 14, 8, 0, 4)
(1229, 'G?qvfS', 8, 14, 8, 0, 5)
(1230, 'G?qvds', 8, 14, 8, 0, 4)
(1231, 'G?qvbs', 8, 14, 8, 0, 4)
(1232, 'G?qvdk', 8, 14, 8, 0, 6)
(1233, 'G?qve[', 8, 14, 8, 0, 5)
(1234, 'G?qvd[', 8, 14, 8, 0, 5)
(1235, 'G?qvb[', 8, 14, 8, 0, 4)
(1236, 'G?qv`{', 8, 14, 8, 0, 4)
(1237, 'G?qvfw', 8, 15, 8, 0, 5)
(1238, 'G?qvfs', 8, 15, 8, 0, 6)
(1239, 'G?qvfk', 8, 15, 8, 0, 7)
(1240, 'G?qvf[', 8, 15, 8, 0, 7)
(1241, 'G?qvd{', 8, 15, 8, 0, 7)
(1242, 'G?qvb{', 8, 15, 8, 0, 6)
(1243, 'G?qvf{', 8, 16, 8, 0, 9)
(1244, 'G?qvRg', 8, 13, 8, 0, 4)
(1245, 'G?qvPw', 8, 13, 8, 0, 4)
(1246, 'G?qvVo', 8, 14, 8, 0, 4)
(1247, 'G?qvVg', 8, 14, 8, 0, 5)
(1248, 'G?qvUw', 8, 14, 8, 0, 6)
(1249, 'G?qvTw', 8, 14, 8, 0, 6)
(1250, 'G?qvRw', 8, 14, 8, 0, 5)
(1251, 'G?qvUs', 8, 14, 8, 0, 7)
(1252, 'G?qvTs', 8, 14, 8, 0, 6)
(1253, 'G?qvS{', 8, 14, 8, 0, 7)
(1254, 'G?qvVw', 8, 15, 8, 0, 7)
(1255, 'G?qvVs', 8, 15, 8, 0, 8)
(1256, 'G?qvVk', 8, 15, 8, 0, 8)
(1257, 'G?qvU{', 8, 15, 8, 0, 9)
(1258, 'G?qvT{', 8, 15, 8, 0, 9)
(1259, 'G?qvR{', 8, 15, 8, 0, 8)
(1260, 'G?qvV{', 8, 16, 8, 0, 11)
(1261, 'G?qtrW', 8, 13, 8, 0, 3)
(1262, 'G?qtvo', 8, 14, 8, 0, 3)
(1263, 'G?qtvg', 8, 14, 8, 0, 4)
(1264, 'G?qtvW', 8, 14, 8, 0, 5)
(1265, 'G?qtrw', 8, 14, 8, 0, 4)
(1266, 'G?qtvw', 8, 15, 8, 0, 6)
(1267, 'G?qtvs', 8, 15, 8, 0, 7)
(1268, 'G?qtvk', 8, 15, 8, 0, 7)
(1269, 'G?qtv[', 8, 15, 8, 0, 8)
(1270, 'G?qtr{', 8, 15, 8, 0, 7)
(1271, 'G?qtv{', 8, 16, 8, 0, 10)
(1272, 'G?qrvG', 8, 13, 8, 0, 3)
(1273, 'G?qrtg', 8, 13, 8, 0, 4)
(1274, 'G?qrrg', 8, 13, 8, 0, 3)
(1275, 'G?qruW', 8, 13, 8, 0, 4)
(1276, 'G?qrtW', 8, 13, 8, 0, 4)
(1277, 'G?qrrW', 8, 13, 8, 0, 3)
(1278, 'G?qrpw', 8, 13, 8, 0, 3)
(1279, 'G?qrvo', 8, 14, 8, 0, 3)
(1280, 'G?qrvg', 8, 14, 8, 0, 4)
(1281, 'G?qrvW', 8, 14, 8, 0, 5)
(1282, 'G?qrtw', 8, 14, 8, 0, 5)
(1283, 'G?qrrw', 8, 14, 8, 0, 4)
(1284, 'G?qrvS', 8, 14, 8, 0, 6)
(1285, 'G?qrts', 8, 14, 8, 0, 5)
(1286, 'G?qrrs', 8, 14, 8, 0, 6)
(1287, 'G?qrtk', 8, 14, 8, 0, 6)
(1288, 'G?qru[', 8, 14, 8, 0, 6)
(1289, 'G?qrt[', 8, 14, 8, 0, 6)
(1290, 'G?qrp{', 8, 14, 8, 0, 6)
(1291, 'G?qrvw', 8, 15, 8, 0, 6)
(1292, 'G?qrvs', 8, 15, 8, 0, 7)
(1293, 'G?qrvk', 8, 15, 8, 0, 7)
(1294, 'G?qrv[', 8, 15, 8, 0, 8)
(1295, 'G?qrt{', 8, 15, 8, 0, 8)
(1296, 'G?qrr{', 8, 15, 8, 0, 8)
(1297, 'G?qrv{', 8, 16, 8, 0, 10)
(1298, 'G?qvNo', 8, 14, 8, 0, 4)
(1299, 'G?qvNg', 8, 14, 8, 0, 5)
(1300, 'G?qvMw', 8, 14, 8, 0, 6)
(1301, 'G?qvLw', 8, 14, 8, 0, 6)
(1302, 'G?qvJw', 8, 14, 8, 0, 5)
(1303, 'G?qvNc', 8, 14, 8, 0, 5)
(1304, 'G?qvMs', 8, 14, 8, 0, 6)
(1305, 'G?qvLs', 8, 14, 8, 0, 5)
(1306, 'G?qvJs', 8, 14, 8, 0, 5)
(1307, 'G?qvMk', 8, 14, 8, 0, 7)
(1308, 'G?qvNw', 8, 15, 8, 0, 7)
(1309, 'G?qvNs', 8, 15, 8, 0, 7)
(1310, 'G?qvNk', 8, 15, 8, 0, 9)
(1311, 'G?qvM{', 8, 15, 8, 0, 9)
(1312, 'G?qvL{', 8, 15, 8, 0, 9)
(1313, 'G?qvJ{', 8, 15, 8, 0, 8)
(1314, 'G?qvN{', 8, 16, 8, 0, 11)
(1315, 'G?qtno', 8, 14, 8, 0, 5)
(1316, 'G?qtnW', 8, 14, 8, 0, 7)
(1317, 'G?qtnK', 8, 14, 8, 0, 8)
(1318, 'G?qtjk', 8, 14, 8, 0, 8)
(1319, 'G?qtm[', 8, 14, 8, 0, 8)
(1320, 'G?qtnw', 8, 15, 8, 0, 8)
(1321, 'G?qtnk', 8, 15, 8, 0, 10)
(1322, 'G?qtn[', 8, 15, 8, 0, 10)
(1323, 'G?qtj{', 8, 15, 8, 0, 9)
(1324, 'G?qtn{', 8, 16, 8, 0, 12)
(1325, 'G?qrno', 8, 14, 8, 0, 4)
(1326, 'G?qrng', 8, 14, 8, 0, 5)
(1327, 'G?qrnW', 8, 14, 8, 0, 6)
(1328, 'G?qrlw', 8, 14, 8, 0, 6)
(1329, 'G?qrjw', 8, 14, 8, 0, 5)
(1330, 'G?qrnK', 8, 14, 8, 0, 7)
(1331, 'G?qrm[', 8, 14, 8, 0, 7)
(1332, 'G?qrnw', 8, 15, 8, 0, 7)
(1333, 'G?qrnk', 8, 15, 8, 0, 9)
(1334, 'G?qrn[', 8, 15, 8, 0, 9)
(1335, 'G?qrl{', 8, 15, 8, 0, 9)
(1336, 'G?qrn{', 8, 16, 8, 0, 11)
(1337, 'G?qu^o', 8, 14, 8, 0, 5)
(1338, 'G?qu^g', 8, 14, 8, 0, 6)
(1339, 'G?qu\\w', 8, 14, 8, 0, 7)
(1340, 'G?quZw', 8, 14, 8, 0, 6)
(1341, 'G?qu\\s', 8, 14, 8, 0, 6)
(1342, 'G?qu^w', 8, 15, 8, 0, 8)
(1343, 'G?qu^s', 8, 15, 8, 0, 8)
(1344, 'G?qu^k', 8, 15, 8, 0, 9)
(1345, 'G?qu\\{', 8, 15, 8, 0, 10)
(1346, 'G?quZ{', 8, 15, 8, 0, 9)
(1347, 'G?qu^{', 8, 16, 8, 0, 12)
(1348, 'G?qvvo', 8, 15, 8, 0, 4)
(1349, 'G?qvtw', 8, 15, 8, 0, 6)
(1350, 'G?qvvw', 8, 16, 8, 0, 7)
(1351, 'G?qvvs', 8, 16, 8, 0, 9)
(1352, 'G?qvt{', 8, 16, 8, 0, 10)
(1353, 'G?qvv{', 8, 17, 8, 0, 12)
(1354, 'G?qvno', 8, 15, 8, 0, 5)
(1355, 'G?qvnw', 8, 16, 8, 0, 8)
(1356, 'G?qvns', 8, 16, 8, 0, 9)
(1357, 'G?qvnk', 8, 16, 8, 0, 11)
(1358, 'G?qvn[', 8, 16, 8, 0, 11)
(1359, 'G?qvl{', 8, 16, 8, 0, 11)
(1360, 'G?qvj{', 8, 16, 8, 0, 10)
(1361, 'G?qvn{', 8, 17, 8, 0, 13)
(1362, 'G?qv^o', 8, 15, 8, 0, 6)
(1363, 'G?qv^w', 8, 16, 8, 0, 9)
(1364, 'G?qv^s', 8, 16, 8, 0, 10)
(1365, 'G?qv]{', 8, 16, 8, 0, 12)
(1366, 'G?qv\\{', 8, 16, 8, 0, 12)
(1367, 'G?qv^{', 8, 17, 8, 0, 14)
(1368, 'G?qt~w', 8, 16, 8, 0, 9)
(1369, 'G?qt~{', 8, 17, 8, 0, 14)
(1370, 'G?qr~o', 8, 15, 8, 0, 5)
(1371, 'G?qr~w', 8, 16, 8, 0, 8)
(1372, 'G?qr~s', 8, 16, 8, 0, 9)
(1373, 'G?qr~[', 8, 16, 8, 0, 11)
(1374, 'G?qr|{', 8, 16, 8, 0, 11)
(1375, 'G?qrz{', 8, 16, 8, 0, 11)
(1376, 'G?qr~{', 8, 17, 8, 0, 13)
(1377, 'G?qv~w', 8, 17, 8, 0, 10)
(1378, 'G?qv~{', 8, 18, 8, 0, 16)
(1379, 'G?rL`w', 8, 12, 8, 0, 3)
(1380, 'G?rLbc', 8, 12, 8, 0, 4)
(1381, 'G?rL`s', 8, 12, 8, 0, 4)
(1382, 'G?rLfo', 8, 13, 8, 0, 4)
(1383, 'G?rLdw', 8, 13, 8, 0, 5)
(1384, 'G?rLbw', 8, 13, 8, 0, 5)
(1385, 'G?rLfc', 8, 13, 8, 0, 5)
(1386, 'G?rLds', 8, 13, 8, 0, 6)
(1387, 'G?rLbs', 8, 13, 8, 0, 5)
(1388, 'G?rL`{', 8, 13, 8, 0, 5)
(1389, 'G?rLfw', 8, 14, 8, 0, 7)
(1390, 'G?rLfs', 8, 14, 8, 0, 7)
(1391, 'G?rLd{', 8, 14, 8, 0, 8)
(1392, 'G?rLb{', 8, 14, 8, 0, 7)
(1393, 'G?rLf{', 8, 15, 8, 0, 10)
(1394, 'G?rNfo', 8, 14, 8, 0, 4)
(1395, 'G?rNdw', 8, 14, 8, 0, 5)
(1396, 'G?rNfc', 8, 14, 8, 0, 6)
(1397, 'G?rNfw', 8, 15, 8, 0, 7)
(1398, 'G?rNfs', 8, 15, 8, 0, 8)
(1399, 'G?rNd{', 8, 15, 8, 0, 8)
(1400, 'G?rNf{', 8, 16, 8, 0, 11)
(1401, 'G?rNvg', 8, 15, 8, 0, 6)
(1402, 'G?rNvw', 8, 16, 8, 0, 9)
(1403, 'G?rNvs', 8, 16, 8, 0, 11)
(1404, 'G?rNvk', 8, 16, 8, 0, 10)
(1405, 'G?rNv{', 8, 17, 8, 0, 14)
(1406, 'G?rL~w', 8, 16, 8, 0, 10)
(1407, 'G?rL~s', 8, 16, 8, 0, 11)
(1408, 'G?rL|{', 8, 16, 8, 0, 13)
(1409, 'G?rLz{', 8, 16, 8, 0, 12)
(1410, 'G?rL~{', 8, 17, 8, 0, 15)
(1411, 'G?rN~w', 8, 17, 8, 0, 12)
(1412, 'G?rN~{', 8, 18, 8, 0, 18)
(1413, 'G?qmdc', 8, 12, 8, 0, 3)
(1414, 'G?qmbc', 8, 12, 8, 0, 3)
(1415, 'G?qm`s', 8, 12, 8, 0, 2)
(1416, 'G?qm`k', 8, 12, 8, 0, 3)
(1417, 'G?qmfo', 8, 13, 8, 0, 3)
(1418, 'G?qmfg', 8, 13, 8, 0, 3)
(1419, 'G?qmdw', 8, 13, 8, 0, 5)
(1420, 'G?qmbw', 8, 13, 8, 0, 4)
(1421, 'G?qmfc', 8, 13, 8, 0, 4)
(1422, 'G?qmds', 8, 13, 8, 0, 4)
(1423, 'G?qmbs', 8, 13, 8, 0, 4)
(1424, 'G?qmdk', 8, 13, 8, 0, 5)
(1425, 'G?qmbk', 8, 13, 8, 0, 4)
(1426, 'G?qm`{', 8, 13, 8, 0, 4)
(1427, 'G?qmfw', 8, 14, 8, 0, 6)
(1428, 'G?qmfs', 8, 14, 8, 0, 6)
(1429, 'G?qmfk', 8, 14, 8, 0, 6)
(1430, 'G?qmd{', 8, 14, 8, 0, 7)
(1431, 'G?qmb{', 8, 14, 8, 0, 6)
(1432, 'G?qmf{', 8, 15, 8, 0, 9)
(1433, 'G?qjf_', 8, 12, 8, 0, 1)
(1434, 'G?qjbo', 8, 12, 8, 0, 2)
(1435, 'G?qjcw', 8, 12, 8, 0, 4)
(1436, 'G?qjaw', 8, 12, 8, 0, 3)
(1438, 'G?qjcs', 8, 12, 8, 0, 3)
(1439, 'G?qjas', 8, 12, 8, 0, 4)
(1440, 'G?qj`s', 8, 12, 8, 0, 3)
(1441, 'G?qj_{', 8, 12, 8, 0, 3)
(1442, 'G?qjfo', 8, 13, 8, 0, 3)
(1443, 'G?qjew', 8, 13, 8, 0, 5)
(1444, 'G?qjbw', 8, 13, 8, 0, 4)
(1445, 'G?qjfc', 8, 13, 8, 0, 4)
(1446, 'G?qjes', 8, 13, 8, 0, 5)
(1447, 'G?qjds', 8, 13, 8, 0, 4)
(1448, 'G?qjbs', 8, 13, 8, 0, 5)
(1449, 'G?qjc{', 8, 13, 8, 0, 5)
(1450, 'G?qja{', 8, 13, 8, 0, 5)
(1451, 'G?qjfw', 8, 14, 8, 0, 6)
(1452, 'G?qjfs', 8, 14, 8, 0, 6)
(1453, 'G?qje{', 8, 14, 8, 0, 7)
(1454, 'G?qjb{', 8, 14, 8, 0, 7)
(1455, 'G?qjf{', 8, 15, 8, 0, 9)
(1456, 'G?qnbo', 8, 13, 8, 0, 2)
(1457, 'G?qnfo', 8, 14, 8, 0, 3)
(1458, 'G?qnew', 8, 14, 8, 0, 5)
(1459, 'G?qnbw', 8, 14, 8, 0, 4)
(1460, 'G?qnfc', 8, 14, 8, 0, 5)
(1461, 'G?qnbs', 8, 14, 8, 0, 5)
(1462, 'G?qnfw', 8, 15, 8, 0, 6)
(1463, 'G?qnfs', 8, 15, 8, 0, 7)
(1464, 'G?qne{', 8, 15, 8, 0, 8)
(1465, 'G?qnb{', 8, 15, 8, 0, 7)
(1466, 'G?qnf{', 8, 16, 8, 0, 10)
(1467, 'G?qmvg', 8, 14, 8, 0, 5)
(1468, 'G?qmvc', 8, 14, 8, 0, 6)
(1469, 'G?qmts', 8, 14, 8, 0, 7)
(1470, 'G?qmtk', 8, 14, 8, 0, 7)
(1471, 'G?qmrk', 8, 14, 8, 0, 6)
(1472, 'G?qmvw', 8, 15, 8, 0, 8)
(1473, 'G?qmvs', 8, 15, 8, 0, 9)
(1474, 'G?qmvk', 8, 15, 8, 0, 8)
(1475, 'G?qmt{', 8, 15, 8, 0, 10)
(1476, 'G?qmr{', 8, 15, 8, 0, 9)
(1477, 'G?qmv{', 8, 16, 8, 0, 12)
(1478, 'G?qlvg', 8, 14, 8, 0, 4)
(1479, 'G?qlvc', 8, 14, 8, 0, 5)
(1480, 'G?qluk', 8, 14, 8, 0, 5)
(1481, 'G?qlrk', 8, 14, 8, 0, 5)
(1482, 'G?qlvw', 8, 15, 8, 0, 7)
(1483, 'G?qlvs', 8, 15, 8, 0, 8)
(1484, 'G?qlvk', 8, 15, 8, 0, 7)
(1485, 'G?qlu{', 8, 15, 8, 0, 9)
(1486, 'G?qlr{', 8, 15, 8, 0, 8)
(1487, 'G?qlv{', 8, 16, 8, 0, 11)
(1488, 'G?qjvg', 8, 14, 8, 0, 4)
(1489, 'G?qjuw', 8, 14, 8, 0, 6)
(1490, 'G?qjtw', 8, 14, 8, 0, 6)
(1491, 'G?qjrw', 8, 14, 8, 0, 5)
(1492, 'G?qjus', 8, 14, 8, 0, 7)
(1493, 'G?qjts', 8, 14, 8, 0, 6)
(1494, 'G?qjrs', 8, 14, 8, 0, 7)
(1495, 'G?qjrk', 8, 14, 8, 0, 6)
(1496, 'G?qjvw', 8, 15, 8, 0, 7)
(1497, 'G?qjvs', 8, 15, 8, 0, 8)
(1498, 'G?qjvk', 8, 15, 8, 0, 7)
(1499, 'G?qju{', 8, 15, 8, 0, 9)
(1500, 'G?qjt{', 8, 15, 8, 0, 9)
(1501, 'G?qjr{', 8, 15, 8, 0, 9)
(1502, 'G?qjv{', 8, 16, 8, 0, 11)
(1503, 'G?qk~o', 8, 14, 8, 0, 6)
(1504, 'G?qkzw', 8, 14, 8, 0, 7)
(1505, 'G?qk~w', 8, 15, 8, 0, 9)
(1506, 'G?qkz{', 8, 15, 8, 0, 10)
(1507, 'G?qk~{', 8, 16, 8, 0, 13)
(1508, 'G?qnvg', 8, 15, 8, 0, 5)
(1509, 'G?qnvw', 8, 16, 8, 0, 8)
(1510, 'G?qnvs', 8, 16, 8, 0, 10)
(1511, 'G?qnvk', 8, 16, 8, 0, 9)
(1512, 'G?qnr{', 8, 16, 8, 0, 10)
(1513, 'G?qnv{', 8, 17, 8, 0, 13)
(1514, 'G?qm~w', 8, 16, 8, 0, 10)
(1515, 'G?qm~s', 8, 16, 8, 0, 11)
(1516, 'G?qm~k', 8, 16, 8, 0, 11)
(1517, 'G?qm|{', 8, 16, 8, 0, 13)
(1518, 'G?qmz{', 8, 16, 8, 0, 12)
(1519, 'G?qm~{', 8, 17, 8, 0, 15)
(1520, 'G?qj~w', 8, 16, 8, 0, 9)
(1521, 'G?qjz{', 8, 16, 8, 0, 12)
(1522, 'G?qj~{', 8, 17, 8, 0, 14)
(1523, 'G?qn~w', 8, 17, 8, 0, 11)
(1524, 'G?qn~{', 8, 18, 8, 0, 17)
(1525, 'G?o~F_', 8, 12, 8, 0, 0)
(1526, 'G?o~Eg', 8, 12, 8, 0, 1)
(1527, 'G?o~Dg', 8, 12, 8, 0, 2)
(1528, 'G?o~Ec', 8, 12, 8, 0, 2)
(1529, 'G?o~Dc', 8, 12, 8, 0, 2)
(1530, 'G?o~Cs', 8, 12, 8, 0, 2)
(1531, 'G?o~@s', 8, 12, 8, 0, 1)
(1532, 'G?o~Ck', 8, 12, 8, 0, 2)
(1533, 'G?o~@k', 8, 12, 8, 0, 3)
(1534, 'G?o~?{', 8, 12, 8, 0, 2)
(1535, 'G?o~Fo', 8, 13, 8, 0, 2)
(1536, 'G?o~Fg', 8, 13, 8, 0, 2)
(1537, 'G?o~Ew', 8, 13, 8, 0, 4)
(1538, 'G?o~Dw', 8, 13, 8, 0, 4)
(1539, 'G?o~Fc', 8, 13, 8, 0, 3)
(1540, 'G?o~Es', 8, 13, 8, 0, 4)
(1541, 'G?o~Ds', 8, 13, 8, 0, 3)
(1542, 'G?o~Ek', 8, 13, 8, 0, 3)
(1543, 'G?o~Dk', 8, 13, 8, 0, 4)
(1544, 'G?o~C{', 8, 13, 8, 0, 4)
(1545, 'G?o~@{', 8, 13, 8, 0, 4)
(1546, 'G?o~Fw', 8, 14, 8, 0, 5)
(1547, 'G?o~Fs', 8, 14, 8, 0, 5)
(1548, 'G?o~Fk', 8, 14, 8, 0, 5)
(1549, 'G?o~E{', 8, 14, 8, 0, 6)
(1550, 'G?o~D{', 8, 14, 8, 0, 6)
(1551, 'G?o~F{', 8, 15, 8, 0, 8)
(1552, 'G?o~f_', 8, 13, 8, 0, 0)
(1553, 'G?o~fO', 8, 13, 8, 0, 2)
(1554, 'G?o~do', 8, 13, 8, 0, 1)
(1555, 'G?o~eW', 8, 13, 8, 0, 3)
(1556, 'G?o~dW', 8, 13, 8, 0, 3)
(1557, 'G?o~fo', 8, 14, 8, 0, 2)
(1558, 'G?o~fW', 8, 14, 8, 0, 4)
(1559, 'G?o~fc', 8, 14, 8, 0, 4)
(1560, 'G?o~fS', 8, 14, 8, 0, 5)
(1561, 'G?o~ds', 8, 14, 8, 0, 4)
(1562, 'G?o~e[', 8, 14, 8, 0, 5)
(1563, 'G?o~d[', 8, 14, 8, 0, 5)
(1564, 'G?o~fw', 8, 15, 8, 0, 5)
(1565, 'G?o~fs', 8, 15, 8, 0, 6)
(1566, 'G?o~f[', 8, 15, 8, 0, 7)
(1567, 'G?o~f{', 8, 16, 8, 0, 9)
(1568, 'G?o~Vg', 8, 14, 8, 0, 4)
(1569, 'G?o~Tw', 8, 14, 8, 0, 6)
(1570, 'G?o~Us', 8, 14, 8, 0, 7)
(1571, 'G?o~Ts', 8, 14, 8, 0, 6)
(1572, 'G?o~Uk', 8, 14, 8, 0, 5)
(1573, 'G?o~Tk', 8, 14, 8, 0, 6)
(1574, 'G?o~P{', 8, 14, 8, 0, 7)
(1575, 'G?o~Vw', 8, 15, 8, 0, 7)
(1576, 'G?o~Vs', 8, 15, 8, 0, 8)
(1577, 'G?o~Vk', 8, 15, 8, 0, 7)
(1578, 'G?o~U{', 8, 15, 8, 0, 9)
(1579, 'G?o~T{', 8, 15, 8, 0, 9)
(1580, 'G?o~V{', 8, 16, 8, 0, 11)
(1581, 'G?o|vo', 8, 14, 8, 0, 3)
(1582, 'G?o|vg', 8, 14, 8, 0, 3)
(1583, 'G?o|vW', 8, 14, 8, 0, 5)
(1584, 'G?o|rw', 8, 14, 8, 0, 5)
(1585, 'G?o|rs', 8, 14, 8, 0, 5)
(1586, 'G?o|vK', 8, 14, 8, 0, 4)
(1587, 'G?o|vw', 8, 15, 8, 0, 6)
(1588, 'G?o|vs', 8, 15, 8, 0, 7)
(1589, 'G?o|vk', 8, 15, 8, 0, 6)
(1590, 'G?o|v[', 8, 15, 8, 0, 8)
(1591, 'G?o|r{', 8, 15, 8, 0, 8)
(1592, 'G?o|v{', 8, 16, 8, 0, 10)
(1593, 'G?o}^g', 8, 14, 8, 0, 5)
(1594, 'G?o}\\s', 8, 14, 8, 0, 6)
(1595, 'G?o}X{', 8, 14, 8, 0, 8)
(1596, 'G?o}^w', 8, 15, 8, 0, 8)
(1597, 'G?o}^s', 8, 15, 8, 0, 8)
(1598, 'G?o}\\{', 8, 15, 8, 0, 10)
(1599, 'G?o}^{', 8, 16, 8, 0, 12)
(1600, 'G?o|^o', 8, 14, 8, 0, 5)
(1601, 'G?o|]w', 8, 14, 8, 0, 7)
(1602, 'G?o|]s', 8, 14, 8, 0, 7)
(1603, 'G?o|Zs', 8, 14, 8, 0, 6)
(1604, 'G?o|Y{', 8, 14, 8, 0, 8)
(1605, 'G?o|^w', 8, 15, 8, 0, 8)
(1606, 'G?o|^s', 8, 15, 8, 0, 8)
(1607, 'G?o|]{', 8, 15, 8, 0, 10)
(1608, 'G?o|^{', 8, 16, 8, 0, 12)
(1609, 'G?o~vg', 8, 15, 8, 0, 4)
(1610, 'G?o~vw', 8, 16, 8, 0, 7)
(1611, 'G?o~vs', 8, 16, 8, 0, 9)
(1612, 'G?o~vk', 8, 16, 8, 0, 8)
(1613, 'G?o~v[', 8, 16, 8, 0, 10)
(1614, 'G?o~t{', 8, 16, 8, 0, 10)
(1615, 'G?o~v{', 8, 17, 8, 0, 12)
(1616, 'G?o~^w', 8, 16, 8, 0, 9)
(1617, 'G?o~]{', 8, 16, 8, 0, 12)
(1618, 'G?o~\\{', 8, 16, 8, 0, 12)
(1619, 'G?o~^{', 8, 17, 8, 0, 14)
(1620, 'G?o~~w', 8, 17, 8, 0, 10)
(1621, 'G?o~~{', 8, 18, 8, 0, 16)
(1622, 'G?rvfo', 8, 15, 8, 0, 2)
(1623, 'G?rvfg', 8, 15, 8, 0, 4)
(1624, 'G?rvfW', 8, 15, 8, 0, 5)
(1625, 'G?rvfK', 8, 15, 8, 0, 6)
(1626, 'G?rvdk', 8, 15, 8, 0, 6)
(1627, 'G?rve[', 8, 15, 8, 0, 6)
(1628, 'G?rvd[', 8, 15, 8, 0, 5)
(1629, 'G?rv`{', 8, 15, 8, 0, 4)
(1630, 'G?rvfw', 8, 16, 8, 0, 6)
(1631, 'G?rvfk', 8, 16, 8, 0, 8)
(1632, 'G?rvf[', 8, 16, 8, 0, 8)
(1633, 'G?rvd{', 8, 16, 8, 0, 7)
(1634, 'G?rvf{', 8, 17, 8, 0, 10)
(1635, 'G?rvvo', 8, 16, 8, 0, 4)
(1636, 'G?rvvg', 8, 16, 8, 0, 6)
(1637, 'G?rvvw', 8, 17, 8, 0, 8)
(1638, 'G?rvvs', 8, 17, 8, 0, 9)
(1639, 'G?rvv{', 8, 18, 8, 0, 13)
(1640, 'G?rvnw', 8, 17, 8, 0, 10)
(1641, 'G?rvnk', 8, 17, 8, 0, 13)
(1642, 'G?rvn{', 8, 18, 8, 0, 15)
(1643, 'G?rv~{', 8, 19, 8, 0, 18)
(1644, 'G?rnfo', 8, 15, 8, 0, 4)
(1645, 'G?rnew', 8, 15, 8, 0, 7)
(1646, 'G?rnfc', 8, 15, 8, 0, 6)
(1647, 'G?rnes', 8, 15, 8, 0, 7)
(1648, 'G?rnek', 8, 15, 8, 0, 7)
(1649, 'G?rndk', 8, 15, 8, 0, 7)
(1650, 'G?rnc{', 8, 15, 8, 0, 7)
(1651, 'G?rn`{', 8, 15, 8, 0, 6)
(1652, 'G?rnfw', 8, 16, 8, 0, 8)
(1653, 'G?rnfs', 8, 16, 8, 0, 8)
(1654, 'G?rnfk', 8, 16, 8, 0, 9)
(1655, 'G?rne{', 8, 16, 8, 0, 10)
(1656, 'G?rnd{', 8, 16, 8, 0, 9)
(1657, 'G?rnf{', 8, 17, 8, 0, 12)
(1658, 'G?rmtk', 8, 15, 8, 0, 8)
(1659, 'G?rmvw', 8, 16, 8, 0, 10)
(1660, 'G?rmvk', 8, 16, 8, 0, 10)
(1661, 'G?rmt{', 8, 16, 8, 0, 11)
(1662, 'G?rmv{', 8, 17, 8, 0, 14)
(1663, 'G?rlvo', 8, 15, 8, 0, 5)
(1664, 'G?rlvg', 8, 15, 8, 0, 6)
(1665, 'G?rluw', 8, 15, 8, 0, 8)
(1666, 'G?rltw', 8, 15, 8, 0, 7)
(1667, 'G?rlrw', 8, 15, 8, 0, 7)
(1668, 'G?rlvc', 8, 15, 8, 0, 6)
(1669, 'G?rlus', 8, 15, 8, 0, 8)
(1670, 'G?rlts', 8, 15, 8, 0, 8)
(1671, 'G?rlrs', 8, 15, 8, 0, 7)
(1672, 'G?rluk', 8, 15, 8, 0, 7)
(1673, 'G?rltk', 8, 15, 8, 0, 8)
(1674, 'G?rlrk', 8, 15, 8, 0, 7)
(1675, 'G?rls{', 8, 15, 8, 0, 9)
(1676, 'G?rlp{', 8, 15, 8, 0, 8)
(1677, 'G?rlvw', 8, 16, 8, 0, 9)
(1678, 'G?rlvs', 8, 16, 8, 0, 9)
(1679, 'G?rlvk', 8, 16, 8, 0, 9)
(1680, 'G?rlu{', 8, 16, 8, 0, 11)
(1681, 'G?rlt{', 8, 16, 8, 0, 11)
(1682, 'G?rlr{', 8, 16, 8, 0, 10)
(1683, 'G?rlv{', 8, 17, 8, 0, 13)
(1684, 'G?rnvg', 8, 16, 8, 0, 7)
(1685, 'G?rnvw', 8, 17, 8, 0, 10)
(1686, 'G?rnvs', 8, 17, 8, 0, 11)
(1687, 'G?rnvk', 8, 17, 8, 0, 11)
(1688, 'G?rnu{', 8, 17, 8, 0, 13)
(1689, 'G?rnv{', 8, 18, 8, 0, 15)
(1690, 'G?rnnw', 8, 17, 8, 0, 11)
(1691, 'G?rnnk', 8, 17, 8, 0, 13)
(1692, 'G?rnn{', 8, 18, 8, 0, 16)
(1693, 'G?rm~k', 8, 17, 8, 0, 14)
(1694, 'G?rm~{', 8, 18, 8, 0, 18)
(1695, 'G?rn~{', 8, 19, 8, 0, 20)
(1696, 'G?q~fo', 8, 15, 8, 0, 3)
(1697, 'G?q~fg', 8, 15, 8, 0, 4)
(1698, 'G?q~fW', 8, 15, 8, 0, 6)
(1699, 'G?q~dw', 8, 15, 8, 0, 6)
(1700, 'G?q~bw', 8, 15, 8, 0, 5)
(1701, 'G?q~fc', 8, 15, 8, 0, 5)
(1702, 'G?q~bs', 8, 15, 8, 0, 5)
(1703, 'G?q~fK', 8, 15, 8, 0, 6)
(1704, 'G?q~dk', 8, 15, 8, 0, 7)
(1705, 'G?q~bk', 8, 15, 8, 0, 6)
(1706, 'G?q~e[', 8, 15, 8, 0, 7)
(1707, 'G?q~d[', 8, 15, 8, 0, 7)
(1708, 'G?q~b[', 8, 15, 8, 0, 6)
(1709, 'G?q~`{', 8, 15, 8, 0, 6)
(1710, 'G?q~fw', 8, 16, 8, 0, 7)
(1711, 'G?q~fs', 8, 16, 8, 0, 7)
(1712, 'G?q~fk', 8, 16, 8, 0, 8)
(1713, 'G?q~f[', 8, 16, 8, 0, 9)
(1714, 'G?q~d{', 8, 16, 8, 0, 9)
(1715, 'G?q~b{', 8, 16, 8, 0, 8)
(1716, 'G?q~f{', 8, 17, 8, 0, 11)
(1717, 'G?q|vo', 8, 15, 8, 0, 4)
(1718, 'G?q|vg', 8, 15, 8, 0, 5)
(1719, 'G?q|vK', 8, 15, 8, 0, 6)
(1720, 'G?q|rk', 8, 15, 8, 0, 6)
(1721, 'G?q|u[', 8, 15, 8, 0, 8)
(1722, 'G?q|r[', 8, 15, 8, 0, 7)
(1723, 'G?q|vw', 8, 16, 8, 0, 8)
(1724, 'G?q|vk', 8, 16, 8, 0, 8)
(1725, 'G?q|v[', 8, 16, 8, 0, 10)
(1726, 'G?q|r{', 8, 16, 8, 0, 9)
(1727, 'G?q|v{', 8, 17, 8, 0, 12)
(1728, 'G?qzvo', 8, 15, 8, 0, 4)
(1729, 'G?qztw', 8, 15, 8, 0, 7)
(1730, 'G?qzrw', 8, 15, 8, 0, 6)
(1731, 'G?qzvK', 8, 15, 8, 0, 6)
(1732, 'G?qztk', 8, 15, 8, 0, 7)
(1733, 'G?qzu[', 8, 15, 8, 0, 8)
(1734, 'G?qzt[', 8, 15, 8, 0, 8)
(1735, 'G?qzp{', 8, 15, 8, 0, 8)
(1736, 'G?qzvw', 8, 16, 8, 0, 8)
(1737, 'G?qzvk', 8, 16, 8, 0, 8)
(1738, 'G?qzv[', 8, 16, 8, 0, 10)
(1739, 'G?qzt{', 8, 16, 8, 0, 10)
(1740, 'G?qzv{', 8, 17, 8, 0, 12)
(1741, 'G?q~vg', 8, 16, 8, 0, 6)
(1742, 'G?q~vw', 8, 17, 8, 0, 9)
(1743, 'G?q~vs', 8, 17, 8, 0, 10)
(1744, 'G?q~vk', 8, 17, 8, 0, 10)
(1745, 'G?q~r{', 8, 17, 8, 0, 11)
(1746, 'G?q~v{', 8, 18, 8, 0, 14)
(1747, 'G?q~nw', 8, 17, 8, 0, 10)
(1748, 'G?q~nk', 8, 17, 8, 0, 12)
(1749, 'G?q~n{', 8, 18, 8, 0, 15)
(1750, 'G?q~^w', 8, 17, 8, 0, 12)
(1751, 'G?q~^s', 8, 17, 8, 0, 12)
(1752, 'G?q~^k', 8, 17, 8, 0, 13)
(1753, 'G?q~]{', 8, 17, 8, 0, 15)
(1754, 'G?q~^{', 8, 18, 8, 0, 17)
(1755, 'G?q|~w', 8, 17, 8, 0, 12)
(1756, 'G?q|~k', 8, 17, 8, 0, 13)
(1757, 'G?q|~[', 8, 17, 8, 0, 15)
(1758, 'G?q|z{', 8, 17, 8, 0, 14)
(1759, 'G?q|~{', 8, 18, 8, 0, 17)
(1760, 'G?qz~k', 8, 17, 8, 0, 12)
(1761, 'G?qz~[', 8, 17, 8, 0, 14)
(1762, 'G?qz~{', 8, 18, 8, 0, 16)
(1763, 'G?q~~{', 8, 19, 8, 0, 19)
(1764, 'G?r~vw', 8, 18, 8, 0, 11)
(1765, 'G?r~vk', 8, 18, 8, 0, 12)
(1766, 'G?r~v[', 8, 18, 8, 0, 14)
(1767, 'G?r~t{', 8, 18, 8, 0, 13)
(1768, 'G?r~v{', 8, 19, 8, 0, 16)
(1769, 'G?zeeo', 8, 13, 8, 0, 2)
(1770, 'G?zecw', 8, 13, 8, 0, 2)
(1771, 'G?ze`w', 8, 13, 8, 0, 2)
(1772, 'G?zeec', 8, 13, 8, 0, 3)
(1773, 'G?zecs', 8, 13, 8, 0, 3)
(1774, 'G?ze`s', 8, 13, 8, 0, 2)
(1775, 'G?ze_{', 8, 13, 8, 0, 1)
(1776, 'G?zefo', 8, 14, 8, 0, 3)
(1777, 'G?zeew', 8, 14, 8, 0, 4)
(1778, 'G?zedw', 8, 14, 8, 0, 4)
(1779, 'G?zefc', 8, 14, 8, 0, 3)
(1780, 'G?zees', 8, 14, 8, 0, 5)
(1781, 'G?zeds', 8, 14, 8, 0, 4)
(1782, 'G?zec{', 8, 14, 8, 0, 4)
(1783, 'G?ze`{', 8, 14, 8, 0, 3)
(1784, 'G?zefw', 8, 15, 8, 0, 6)
(1785, 'G?zefs', 8, 15, 8, 0, 6)
(1786, 'G?zee{', 8, 15, 8, 0, 7)
(1787, 'G?zed{', 8, 15, 8, 0, 6)
(1788, 'G?zef{', 8, 16, 8, 0, 9)
(1789, 'G?zffo', 8, 15, 8, 0, 3)
(1790, 'G?zfew', 8, 15, 8, 0, 4)
(1791, 'G?zffc', 8, 15, 8, 0, 4)
(1792, 'G?zffw', 8, 16, 8, 0, 6)
(1793, 'G?zffs', 8, 16, 8, 0, 7)
(1794, 'G?zfe{', 8, 16, 8, 0, 7)
(1795, 'G?zff{', 8, 17, 8, 0, 10)
(1796, 'G?zfvg', 8, 16, 8, 0, 6)
(1797, 'G?zfvw', 8, 17, 8, 0, 9)
(1798, 'G?zfvs', 8, 17, 8, 0, 11)
(1799, 'G?zfvk', 8, 17, 8, 0, 10)
(1800, 'G?zfv{', 8, 18, 8, 0, 14)
(1801, 'G?ze}w', 8, 16, 8, 0, 8)
(1802, 'G?ze~w', 8, 17, 8, 0, 10)
(1803, 'G?ze~s', 8, 17, 8, 0, 11)
(1804, 'G?ze}{', 8, 17, 8, 0, 13)
(1805, 'G?ze|{', 8, 17, 8, 0, 12)
(1806, 'G?ze~{', 8, 18, 8, 0, 15)
(1807, 'G?zf~w', 8, 18, 8, 0, 12)
(1808, 'G?zf~{', 8, 19, 8, 0, 18)
(1809, 'G?zTbo', 8, 13, 8, 0, 2)
(1810, 'G?zTeW', 8, 13, 8, 0, 4)
(1811, 'G?zTdW', 8, 13, 8, 0, 3)
(1812, 'G?zTbW', 8, 13, 8, 0, 3)
(1813, 'G?zT`w', 8, 13, 8, 0, 2)
(1814, 'G?zTc[', 8, 13, 8, 0, 3)
(1815, 'G?zTa[', 8, 13, 8, 0, 2)
(1816, 'G?zTfo', 8, 14, 8, 0, 3)
(1817, 'G?zTfW', 8, 14, 8, 0, 5)
(1818, 'G?zTdw', 8, 14, 8, 0, 4)
(1819, 'G?zTbw', 8, 14, 8, 0, 4)
(1820, 'G?zTe[', 8, 14, 8, 0, 5)
(1821, 'G?zTb[', 8, 14, 8, 0, 4)
(1822, 'G?zTfw', 8, 15, 8, 0, 6)
(1823, 'G?zTf[', 8, 15, 8, 0, 7)
(1824, 'G?zTb{', 8, 15, 8, 0, 6)
(1825, 'G?zTf{', 8, 16, 8, 0, 9)
(1826, 'G?zVeo', 8, 14, 8, 0, 2)
(1827, 'G?zVeW', 8, 14, 8, 0, 4)
(1828, 'G?zV`w', 8, 14, 8, 0, 2)
(1829, 'G?zVfo', 8, 15, 8, 0, 3)
(1830, 'G?zVfW', 8, 15, 8, 0, 5)
(1831, 'G?zVdw', 8, 15, 8, 0, 4)
(1832, 'G?zVfc', 8, 15, 8, 0, 4)
(1833, 'G?zVfS', 8, 15, 8, 0, 6)
(1834, 'G?zVes', 8, 15, 8, 0, 5)
(1835, 'G?zVe[', 8, 15, 8, 0, 6)
(1836, 'G?zVfw', 8, 16, 8, 0, 6)
(1837, 'G?zVfs', 8, 16, 8, 0, 7)
(1838, 'G?zVf[', 8, 16, 8, 0, 8)
(1839, 'G?zVd{', 8, 16, 8, 0, 7)
(1840, 'G?zVf{', 8, 17, 8, 0, 10)
(1841, 'G?zVVg', 8, 15, 8, 0, 6)
(1842, 'G?zVUw', 8, 15, 8, 0, 8)
(1843, 'G?zVUs', 8, 15, 8, 0, 8)
(1844, 'G?zVTs', 8, 15, 8, 0, 8)
(1845, 'G?zVVw', 8, 16, 8, 0, 9)
(1846, 'G?zVVs', 8, 16, 8, 0, 10)
(1847, 'G?zVU{', 8, 16, 8, 0, 11)
(1848, 'G?zVT{', 8, 16, 8, 0, 10)
(1849, 'G?zVV{', 8, 17, 8, 0, 13)
(1850, 'G?zUvo', 8, 15, 8, 0, 5)
(1851, 'G?zUvg', 8, 15, 8, 0, 5)
(1852, 'G?zUvW', 8, 15, 8, 0, 7)
(1853, 'G?zUtw', 8, 15, 8, 0, 6)
(1854, 'G?zUvK', 8, 15, 8, 0, 6)
(1855, 'G?zUvw', 8, 16, 8, 0, 8)
(1856, 'G?zUvs', 8, 16, 8, 0, 9)
(1857, 'G?zUvk', 8, 16, 8, 0, 8)
(1858, 'G?zUv[', 8, 16, 8, 0, 10)
(1859, 'G?zUt{', 8, 16, 8, 0, 9)
(1860, 'G?zUv{', 8, 17, 8, 0, 12)
(1861, 'G?zTrg', 8, 14, 8, 0, 4)
(1862, 'G?zTvo', 8, 15, 8, 0, 5)
(1863, 'G?zTvg', 8, 15, 8, 0, 5)
(1864, 'G?zTvW', 8, 15, 8, 0, 7)
(1865, 'G?zTuw', 8, 15, 8, 0, 7)
(1866, 'G?zTtw', 8, 15, 8, 0, 6)
(1867, 'G?zTrw', 8, 15, 8, 0, 6)
(1868, 'G?zTus', 8, 15, 8, 0, 7)
(1869, 'G?zTrs', 8, 15, 8, 0, 7)
(1870, 'G?zTvw', 8, 16, 8, 0, 8)
(1871, 'G?zTvs', 8, 16, 8, 0, 9)
(1872, 'G?zTv[', 8, 16, 8, 0, 10)
(1873, 'G?zTu{', 8, 16, 8, 0, 10)
(1874, 'G?zTr{', 8, 16, 8, 0, 9)
(1875, 'G?zTv{', 8, 17, 8, 0, 12)
(1876, 'G?zVvg', 8, 16, 8, 0, 6)
(1877, 'G?zVvw', 8, 17, 8, 0, 9)
(1878, 'G?zVvs', 8, 17, 8, 0, 11)
(1879, 'G?zVvk', 8, 17, 8, 0, 10)
(1880, 'G?zVv[', 8, 17, 8, 0, 12)
(1881, 'G?zVu{', 8, 17, 8, 0, 12)
(1882, 'G?zVv{', 8, 18, 8, 0, 14)
(1883, 'G?zV]w', 8, 16, 8, 0, 10)
(1884, 'G?zV^w', 8, 17, 8, 0, 11)
(1885, 'G?zV]{', 8, 17, 8, 0, 14)
(1886, 'G?zV^{', 8, 18, 8, 0, 16)
(1887, 'G?zT~W', 8, 16, 8, 0, 9)
(1888, 'G?zT|w', 8, 16, 8, 0, 8)
(1889, 'G?zTzw', 8, 16, 8, 0, 8)
(1890, 'G?zT~w', 8, 17, 8, 0, 10)
(1891, 'G?zT~s', 8, 17, 8, 0, 11)
(1892, 'G?zT~[', 8, 17, 8, 0, 13)
(1893, 'G?zT|{', 8, 17, 8, 0, 13)
(1894, 'G?zTz{', 8, 17, 8, 0, 12)
(1895, 'G?zT~{', 8, 18, 8, 0, 15)
(1896, 'G?zV~w', 8, 18, 8, 0, 12)
(1897, 'G?zV~{', 8, 19, 8, 0, 18)
(1898, 'G?zvfo', 8, 16, 8, 0, 3)
(1899, 'G?zvfg', 8, 16, 8, 0, 4)
(1900, 'G?zvfK', 8, 16, 8, 0, 6)
(1901, 'G?zvek', 8, 16, 8, 0, 6)
(1902, 'G?zve[', 8, 16, 8, 0, 6)
(1903, 'G?zvc{', 8, 16, 8, 0, 5)
(1904, 'G?zvfw', 8, 17, 8, 0, 7)
(1905, 'G?zvfk', 8, 17, 8, 0, 8)
(1906, 'G?zvf[', 8, 17, 8, 0, 9)
(1907, 'G?zve{', 8, 17, 8, 0, 8)
(1908, 'G?zvf{', 8, 18, 8, 0, 11)
(1909, 'G?zvvg', 8, 17, 8, 0, 7)
(1910, 'G?zvvW', 8, 17, 8, 0, 9)
(1911, 'G?zvuw', 8, 17, 8, 0, 8)
(1912, 'G?zvvw', 8, 18, 8, 0, 10)
(1913, 'G?zvvs', 8, 18, 8, 0, 11)
(1914, 'G?zvvk', 8, 18, 8, 0, 11)
(1915, 'G?zvv{', 8, 19, 8, 0, 15)
(1916, 'G?zvnk', 8, 18, 8, 0, 13)
(1917, 'G?zvn{', 8, 19, 8, 0, 16)
(1918, 'G?znfo', 8, 16, 8, 0, 6)
(1919, 'G?znew', 8, 16, 8, 0, 8)
(1920, 'G?znfc', 8, 16, 8, 0, 7)
(1921, 'G?znes', 8, 16, 8, 0, 8)
(1922, 'G?znc{', 8, 16, 8, 0, 8)
(1923, 'G?znfw', 8, 17, 8, 0, 10)
(1924, 'G?znfs', 8, 17, 8, 0, 10)
(1925, 'G?zne{', 8, 17, 8, 0, 11)
(1926, 'G?znf{', 8, 18, 8, 0, 14)
(1927, 'G?znvw', 8, 18, 8, 0, 13)
(1928, 'G?znvs', 8, 18, 8, 0, 14)
(1929, 'G?znvk', 8, 18, 8, 0, 13)
(1930, 'G?znv{', 8, 19, 8, 0, 18)
(1931, 'G?zm~w', 8, 18, 8, 0, 15)
(1932, 'G?zm~s', 8, 18, 8, 0, 15)
(1933, 'G?zm}{', 8, 18, 8, 0, 18)
(1934, 'G?zm~{', 8, 19, 8, 0, 20)
(1935, 'G?z^fo', 8, 16, 8, 0, 5)
(1936, 'G?z^dw', 8, 16, 8, 0, 7)
(1937, 'G?z^fc', 8, 16, 8, 0, 6)
(1938, 'G?z^fS', 8, 16, 8, 0, 8)
(1939, 'G?z^es', 8, 16, 8, 0, 7)
(1940, 'G?z^ds', 8, 16, 8, 0, 7)
(1941, 'G?z^e[', 8, 16, 8, 0, 9)
(1942, 'G?z^d[', 8, 16, 8, 0, 8)
(1943, 'G?z^`{', 8, 16, 8, 0, 7)
(1944, 'G?z^fw', 8, 17, 8, 0, 9)
(1945, 'G?z^fs', 8, 17, 8, 0, 9)
(1946, 'G?z^f[', 8, 17, 8, 0, 11)
(1947, 'G?z^d{', 8, 17, 8, 0, 10)
(1948, 'G?z^f{', 8, 18, 8, 0, 13)
(1949, 'G?z^vw', 8, 18, 8, 0, 12)
(1950, 'G?z^vs', 8, 18, 8, 0, 13)
(1951, 'G?z^vk', 8, 18, 8, 0, 12)
(1952, 'G?z^v{', 8, 19, 8, 0, 17)
(1953, 'G?z\\~w', 8, 18, 8, 0, 14)
(1954, 'G?z\\~[', 8, 18, 8, 0, 17)
(1955, 'G?z\\z{', 8, 18, 8, 0, 16)
(1956, 'G?z\\~{', 8, 19, 8, 0, 19)
(1957, 'G?z~vw', 8, 19, 8, 0, 14)
(1958, 'G?z~vk', 8, 19, 8, 0, 14)
(1959, 'G?z~v[', 8, 19, 8, 0, 17)
(1960, 'G?z~u{', 8, 19, 8, 0, 16)
(1961, 'G?~vfo', 8, 17, 8, 0, 4)
(1962, 'G?~vfW', 8, 17, 8, 0, 6)
(1963, 'G?~ve[', 8, 17, 8, 0, 6)
(1964, 'G?~vfw', 8, 18, 8, 0, 8)
(1965, 'G?~vf[', 8, 18, 8, 0, 9)
(1966, 'G?~vf{', 8, 19, 8, 0, 12)
(1967, 'G?~vvg', 8, 18, 8, 0, 8)
(1968, 'G?~vvw', 8, 19, 8, 0, 12)
(1969, 'G?~vvs', 8, 19, 8, 0, 13)
(1970, 'GCOcfW', 8, 10, 8, 0, 3)
(1971, 'GCOcfw', 8, 11, 8, 0, 4)
(1972, 'GCOcf{', 8, 12, 8, 0, 6)
(1973, 'GCOfCw', 8, 10, 8, 0, 1)
(1974, 'GCOfEw', 8, 11, 8, 0, 2)
(1975, 'GCOfC{', 8, 11, 8, 0, 2)
(1976, 'GCOfFw', 8, 12, 8, 0, 3)
(1977, 'GCOfE{', 8, 12, 8, 0, 4)
(1978, 'GCOfF{', 8, 13, 8, 0, 6)
(1979, 'GCOe`W', 8, 9, 8, 0, 2)
(1980, 'GCOedW', 8, 10, 8, 0, 2)
(1981, 'GCOebW', 8, 10, 8, 0, 3)
(1982, 'GCOe`[', 8, 10, 8, 0, 2)
(1983, 'GCOefW', 8, 11, 8, 0, 3)
(1984, 'GCOedw', 8, 11, 8, 0, 3)
(1985, 'GCOed[', 8, 11, 8, 0, 3)
(1986, 'GCOeb[', 8, 11, 8, 0, 4)
(1987, 'GCOefw', 8, 12, 8, 0, 4)
(1988, 'GCOef[', 8, 12, 8, 0, 5)
(1989, 'GCOed{', 8, 12, 8, 0, 5)
(1990, 'GCOef{', 8, 13, 8, 0, 7)
(1991, 'GCOfeW', 8, 11, 8, 0, 2)
(1992, 'GCOfbW', 8, 11, 8, 0, 3)
(1993, 'GCOfcw', 8, 11, 8, 0, 2)
(1994, 'GCOffW', 8, 12, 8, 0, 3)
(1995, 'GCOfew', 8, 12, 8, 0, 3)
(1996, 'GCOfe[', 8, 12, 8, 0, 4)
(1997, 'GCOfb[', 8, 12, 8, 0, 5)
(1998, 'GCOfc{', 8, 12, 8, 0, 4)
(1999, 'GCOffw', 8, 13, 8, 0, 4)
(2000, 'GCOff[', 8, 13, 8, 0, 6)
(2001, 'GCOfe{', 8, 13, 8, 0, 6)
(2002, 'GCOff{', 8, 14, 8, 0, 8)
(2004, 'GCOevg', 8, 12, 8, 0, 4)
(2005, 'GCOetk', 8, 12, 8, 0, 6)
(2006, 'GCOevw', 8, 13, 8, 0, 5)
(2007, 'GCOevk', 8, 13, 8, 0, 7)
(2008, 'GCOev{', 8, 14, 8, 0, 9)
(2009, 'GCOfvg', 8, 13, 8, 0, 4)
(2010, 'GCOfuw', 8, 13, 8, 0, 4)
(2011, 'GCOfvw', 8, 14, 8, 0, 5)
(2012, 'GCOfvk', 8, 14, 8, 0, 8)
(2013, 'GCOfu{', 8, 14, 8, 0, 8)
(2014, 'GCOfv{', 8, 15, 8, 0, 10)
(2015, 'GCOf~w', 8, 15, 8, 0, 6)
(2016, 'GCOf~{', 8, 16, 8, 0, 12)
(2017, 'GCQ`fO', 8, 10, 8, 0, 1)
(2018, 'GCQ`eo', 8, 10, 8, 0, 2)
(2019, 'GCQ`fo', 8, 11, 8, 0, 2)
(2020, 'GCQ`fW', 8, 11, 8, 0, 3)
(2021, 'GCQ`fw', 8, 12, 8, 0, 4)
(2022, 'GCQ`f{', 8, 13, 8, 0, 6)
(2023, 'GCQfEo', 8, 11, 8, 0, 2)
(2024, 'GCQfDo', 8, 11, 8, 0, 1)
(2025, 'GCQfBo', 8, 11, 8, 0, 1)
(2026, 'GCQfCw', 8, 11, 8, 0, 2)
(2027, 'GCQfAw', 8, 11, 8, 0, 1)
(2028, 'GCQf@w', 8, 11, 8, 0, 1)
(2029, 'GCQfFo', 8, 12, 8, 0, 2)
(2030, 'GCQfEw', 8, 12, 8, 0, 3)
(2031, 'GCQfDw', 8, 12, 8, 0, 3)
(2032, 'GCQfBw', 8, 12, 8, 0, 2)
(2033, 'GCQfEs', 8, 12, 8, 0, 4)
(2034, 'GCQfDs', 8, 12, 8, 0, 3)
(2035, 'GCQfBs', 8, 12, 8, 0, 3)
(2036, 'GCQfC{', 8, 12, 8, 0, 3)
(2037, 'GCQfA{', 8, 12, 8, 0, 2)
(2038, 'GCQf@{', 8, 12, 8, 0, 2)
(2039, 'GCQfFw', 8, 13, 8, 0, 4)
(2040, 'GCQfFs', 8, 13, 8, 0, 5)
(2041, 'GCQfE{', 8, 13, 8, 0, 5)
(2042, 'GCQfD{', 8, 13, 8, 0, 5)
(2043, 'GCQfB{', 8, 13, 8, 0, 4)
(2044, 'GCQfF{', 8, 14, 8, 0, 7)
(2045, 'GCQefO', 8, 11, 8, 0, 2)
(2046, 'GCQebo', 8, 11, 8, 0, 2)
(2047, 'GCQebW', 8, 11, 8, 0, 3)
(2048, 'GCQedS', 8, 11, 8, 0, 2)
(2049, 'GCQefo', 8, 12, 8, 0, 3)
(2050, 'GCQefW', 8, 12, 8, 0, 4)
(2051, 'GCQedw', 8, 12, 8, 0, 4)
(2052, 'GCQebw', 8, 12, 8, 0, 3)
(2053, 'GCQefS', 8, 12, 8, 0, 4)
(2054, 'GCQeds', 8, 12, 8, 0, 4)
(2055, 'GCQefw', 8, 13, 8, 0, 5)
(2056, 'GCQefs', 8, 13, 8, 0, 6)
(2057, 'GCQef[', 8, 13, 8, 0, 6)
(2058, 'GCQef{', 8, 14, 8, 0, 8)
(2059, 'GCQdbo', 8, 11, 8, 0, 2)
(2061, 'GCQdeS', 8, 11, 8, 0, 3)
(2062, 'GCQdfo', 8, 12, 8, 0, 3)
(2063, 'GCQdfW', 8, 12, 8, 0, 4)
(2064, 'GCQdew', 8, 12, 8, 0, 4)
(2065, 'GCQdbw', 8, 12, 8, 0, 3)
(2066, 'GCQdfS', 8, 12, 8, 0, 4)
(2067, 'GCQdes', 8, 12, 8, 0, 5)
(2068, 'GCQdfw', 8, 13, 8, 0, 5)
(2069, 'GCQdfs', 8, 13, 8, 0, 6)
(2070, 'GCQdf[', 8, 13, 8, 0, 6)
(2071, 'GCQdf{', 8, 14, 8, 0, 8)
(2072, 'GCQbeO', 8, 10, 8, 0, 1)
(2073, 'GCQbdO', 8, 10, 8, 0, 0)
(2074, 'GCQb`o', 8, 10, 8, 0, 0)
(2075, 'GCQbcW', 8, 10, 8, 0, 1)
(2076, 'GCQbfO', 8, 11, 8, 0, 1)
(2077, 'GCQbeo', 8, 11, 8, 0, 2)
(2078, 'GCQbdo', 8, 11, 8, 0, 1)
(2079, 'GCQbbo', 8, 11, 8, 0, 1)
(2080, 'GCQbeW', 8, 11, 8, 0, 2)
(2081, 'GCQbdW', 8, 11, 8, 0, 2)
(2082, 'GCQbeS', 8, 11, 8, 0, 2)
(2083, 'GCQbdS', 8, 11, 8, 0, 1)
(2084, 'GCQbcs', 8, 11, 8, 0, 2)
(2085, 'GCQb`s', 8, 11, 8, 0, 2)
(2086, 'GCQbc[', 8, 11, 8, 0, 1)
(2087, 'GCQbfo', 8, 12, 8, 0, 2)
(2088, 'GCQbfW', 8, 12, 8, 0, 3)
(2089, 'GCQbdw', 8, 12, 8, 0, 3)
(2090, 'GCQbfS', 8, 12, 8, 0, 3)
(2091, 'GCQbes', 8, 12, 8, 0, 4)
(2092, 'GCQbds', 8, 12, 8, 0, 3)
(2093, 'GCQbbs', 8, 12, 8, 0, 4)
(2094, 'GCQbe[', 8, 12, 8, 0, 3)
(2095, 'GCQbd[', 8, 12, 8, 0, 3)
(2096, 'GCQbfw', 8, 13, 8, 0, 4)
(2097, 'GCQbfs', 8, 13, 8, 0, 5)
(2098, 'GCQbf[', 8, 13, 8, 0, 5)
(2099, 'GCQbd{', 8, 13, 8, 0, 5)
(2100, 'GCQbf{', 8, 14, 8, 0, 7)
(2101, 'GCQeV_', 8, 11, 8, 0, 2)
(2102, 'GCQeRo', 8, 11, 8, 0, 2)
(2103, 'GCQeTg', 8, 11, 8, 0, 4)
(2104, 'GCQeRg', 8, 11, 8, 0, 2)
(2105, 'GCQePk', 8, 11, 8, 0, 2)
(2106, 'GCQeVo', 8, 12, 8, 0, 3)
(2107, 'GCQeVg', 8, 12, 8, 0, 4)
(2108, 'GCQeRw', 8, 12, 8, 0, 3)
(2109, 'GCQeVc', 8, 12, 8, 0, 4)
(2110, 'GCQeRs', 8, 12, 8, 0, 4)
(2111, 'GCQeTk', 8, 12, 8, 0, 5)
(2112, 'GCQeRk', 8, 12, 8, 0, 3)
(2113, 'GCQeVw', 8, 13, 8, 0, 5)
(2114, 'GCQeVs', 8, 13, 8, 0, 6)
(2115, 'GCQeVk', 8, 13, 8, 0, 6)
(2116, 'GCQeR{', 8, 13, 8, 0, 5)
(2117, 'GCQeV{', 8, 14, 8, 0, 8)
(2118, 'GCQbU_', 8, 10, 8, 0, 2)
(2119, 'GCQbR_', 8, 10, 8, 0, 1)
(2120, 'GCQbQg', 8, 10, 8, 0, 1)
(2121, 'GCQbV_', 8, 11, 8, 0, 2)
(2122, 'GCQbUo', 8, 11, 8, 0, 3)
(2123, 'GCQbRo', 8, 11, 8, 0, 2)
(2124, 'GCQbUg', 8, 11, 8, 0, 3)
(2125, 'GCQbTg', 8, 11, 8, 0, 4)
(2126, 'GCQbRg', 8, 11, 8, 0, 2)
(2127, 'GCQbQw', 8, 11, 8, 0, 2)
(2128, 'GCQbUc', 8, 11, 8, 0, 3)
(2129, 'GCQbTc', 8, 11, 8, 0, 3)
(2130, 'GCQbRc', 8, 11, 8, 0, 3)
(2131, 'GCQbQs', 8, 11, 8, 0, 4)
(2132, 'GCQbSk', 8, 11, 8, 0, 3)
(2133, 'GCQbQk', 8, 11, 8, 0, 2)
(2134, 'GCQbPk', 8, 11, 8, 0, 3)
(2135, 'GCQbVo', 8, 12, 8, 0, 3)
(2136, 'GCQbVg', 8, 12, 8, 0, 4)
(2137, 'GCQbUw', 8, 12, 8, 0, 4)
(2138, 'GCQbRw', 8, 12, 8, 0, 3)
(2139, 'GCQbVc', 8, 12, 8, 0, 4)
(2140, 'GCQbUs', 8, 12, 8, 0, 5)
(2141, 'GCQbRs', 8, 12, 8, 0, 5)
(2142, 'GCQbUk', 8, 12, 8, 0, 4)
(2143, 'GCQbTk', 8, 12, 8, 0, 5)
(2144, 'GCQbRk', 8, 12, 8, 0, 4)
(2145, 'GCQbQ{', 8, 12, 8, 0, 4)
(2146, 'GCQbVw', 8, 13, 8, 0, 5)
(2147, 'GCQbVs', 8, 13, 8, 0, 6)
(2148, 'GCQbVk', 8, 13, 8, 0, 6)
(2149, 'GCQbU{', 8, 13, 8, 0, 6)
(2150, 'GCQbR{', 8, 13, 8, 0, 6)
(2151, 'GCQbV{', 8, 14, 8, 0, 8)
(2152, 'GCQeLo', 8, 11, 8, 0, 2)
(2153, 'GCQeJo', 8, 11, 8, 0, 2)
(2154, 'GCQeNo', 8, 12, 8, 0, 3)
(2155, 'GCQeLw', 8, 12, 8, 0, 4)
(2156, 'GCQeLs', 8, 12, 8, 0, 3)
(2157, 'GCQeJs', 8, 12, 8, 0, 3)
(2158, 'GCQeNw', 8, 13, 8, 0, 5)
(2159, 'GCQeNs', 8, 13, 8, 0, 5)
(2160, 'GCQeL{', 8, 13, 8, 0, 6)
(2161, 'GCQeN{', 8, 14, 8, 0, 8)
(2162, 'GCQf`w', 8, 12, 8, 0, 2)
(2163, 'GCQffo', 8, 13, 8, 0, 3)
(2164, 'GCQffW', 8, 13, 8, 0, 4)
(2165, 'GCQfew', 8, 13, 8, 0, 4)
(2166, 'GCQfdw', 8, 13, 8, 0, 4)
(2167, 'GCQfbw', 8, 13, 8, 0, 3)
(2168, 'GCQfds', 8, 13, 8, 0, 5)
(2169, 'GCQfe[', 8, 13, 8, 0, 5)
(2170, 'GCQfd[', 8, 13, 8, 0, 5)
(2171, 'GCQfc{', 8, 13, 8, 0, 5)
(2172, 'GCQf`{', 8, 13, 8, 0, 4)
(2173, 'GCQffw', 8, 14, 8, 0, 5)
(2174, 'GCQffs', 8, 14, 8, 0, 7)
(2175, 'GCQff[', 8, 14, 8, 0, 7)
(2176, 'GCQfe{', 8, 14, 8, 0, 7)
(2177, 'GCQfd{', 8, 14, 8, 0, 7)
(2178, 'GCQfb{', 8, 14, 8, 0, 6)
(2179, 'GCQff{', 8, 15, 8, 0, 9)
(2180, 'GCQfRg', 8, 12, 8, 0, 2)
(2181, 'GCQfQw', 8, 12, 8, 0, 2)
(2182, 'GCQfVo', 8, 13, 8, 0, 3)
(2183, 'GCQfVg', 8, 13, 8, 0, 4)
(2184, 'GCQfUw', 8, 13, 8, 0, 4)
(2185, 'GCQfRw', 8, 13, 8, 0, 3)
(2186, 'GCQfVc', 8, 13, 8, 0, 5)
(2187, 'GCQfUs', 8, 13, 8, 0, 6)
(2188, 'GCQfUk', 8, 13, 8, 0, 5)
(2189, 'GCQfTk', 8, 13, 8, 0, 6)
(2190, 'GCQfRk', 8, 13, 8, 0, 4)
(2191, 'GCQfQ{', 8, 13, 8, 0, 4)
(2192, 'GCQfVw', 8, 14, 8, 0, 5)
(2193, 'GCQfVs', 8, 14, 8, 0, 7)
(2194, 'GCQfVk', 8, 14, 8, 0, 7)
(2195, 'GCQfU{', 8, 14, 8, 0, 7)
(2196, 'GCQfR{', 8, 14, 8, 0, 6)
(2197, 'GCQfV{', 8, 15, 8, 0, 9)
(2198, 'GCQerg', 8, 12, 8, 0, 3)
(2199, 'GCQerW', 8, 12, 8, 0, 4)
(2200, 'GCQevo', 8, 13, 8, 0, 4)
(2201, 'GCQevg', 8, 13, 8, 0, 5)
(2202, 'GCQevW', 8, 13, 8, 0, 5)
(2203, 'GCQerw', 8, 13, 8, 0, 4)
(2204, 'GCQevc', 8, 13, 8, 0, 6)
(2205, 'GCQevK', 8, 13, 8, 0, 6)
(2206, 'GCQetk', 8, 13, 8, 0, 7)
(2207, 'GCQerk', 8, 13, 8, 0, 5)
(2208, 'GCQer[', 8, 13, 8, 0, 6)
(2209, 'GCQevw', 8, 14, 8, 0, 6)
(2210, 'GCQevs', 8, 14, 8, 0, 8)
(2211, 'GCQevk', 8, 14, 8, 0, 8)
(2212, 'GCQev[', 8, 14, 8, 0, 8)
(2213, 'GCQer{', 8, 14, 8, 0, 7)
(2214, 'GCQev{', 8, 15, 8, 0, 10)
(2215, 'GCQbv_', 8, 12, 8, 0, 2)
(2216, 'GCQbvO', 8, 12, 8, 0, 2)
(2217, 'GCQbuo', 8, 12, 8, 0, 3)
(2218, 'GCQbro', 8, 12, 8, 0, 2)
(2219, 'GCQbvG', 8, 12, 8, 0, 3)
(2221, 'GCQbuW', 8, 12, 8, 0, 3)
(2222, 'GCQbvo', 8, 13, 8, 0, 3)
(2223, 'GCQbvg', 8, 13, 8, 0, 4)
(2224, 'GCQbvW', 8, 13, 8, 0, 4)
(2225, 'GCQbvc', 8, 13, 8, 0, 5)
(2226, 'GCQbvS', 8, 13, 8, 0, 5)
(2227, 'GCQbus', 8, 13, 8, 0, 6)
(2228, 'GCQbrs', 8, 13, 8, 0, 6)
(2229, 'GCQbvK', 8, 13, 8, 0, 5)
(2230, 'GCQbtk', 8, 13, 8, 0, 6)
(2231, 'GCQbu[', 8, 13, 8, 0, 5)
(2232, 'GCQbvw', 8, 14, 8, 0, 5)
(2233, 'GCQbvs', 8, 14, 8, 0, 7)
(2234, 'GCQbvk', 8, 14, 8, 0, 7)
(2235, 'GCQbv[', 8, 14, 8, 0, 7)
(2236, 'GCQbv{', 8, 15, 8, 0, 9)
(2237, 'GCQfNo', 8, 13, 8, 0, 4)
(2238, 'GCQfMw', 8, 13, 8, 0, 5)
(2239, 'GCQfLw', 8, 13, 8, 0, 5)
(2240, 'GCQfJw', 8, 13, 8, 0, 4)
(2241, 'GCQfK{', 8, 13, 8, 0, 6)
(2242, 'GCQfNw', 8, 14, 8, 0, 6)
(2243, 'GCQfNs', 8, 14, 8, 0, 7)
(2244, 'GCQfM{', 8, 14, 8, 0, 8)
(2245, 'GCQfL{', 8, 14, 8, 0, 8)
(2246, 'GCQfJ{', 8, 14, 8, 0, 7)
(2247, 'GCQfN{', 8, 15, 8, 0, 10)
(2248, 'GCQdno', 8, 13, 8, 0, 5)
(2249, 'GCQdnW', 8, 13, 8, 0, 6)
(2250, 'GCQdnw', 8, 14, 8, 0, 7)
(2251, 'GCQdns', 8, 14, 8, 0, 8)
(2252, 'GCQdn[', 8, 14, 8, 0, 9)
(2253, 'GCQdn{', 8, 15, 8, 0, 11)
(2254, 'GCQe^o', 8, 13, 8, 0, 4)
(2255, 'GCQe^g', 8, 13, 8, 0, 5)
(2256, 'GCQe\\k', 8, 13, 8, 0, 7)
(2257, 'GCQe^w', 8, 14, 8, 0, 6)
(2258, 'GCQe^s', 8, 14, 8, 0, 7)
(2259, 'GCQe^k', 8, 14, 8, 0, 8)
(2260, 'GCQe^{', 8, 15, 8, 0, 10)
(2261, 'GCQfvo', 8, 14, 8, 0, 4)
(2262, 'GCQfvg', 8, 14, 8, 0, 5)
(2263, 'GCQfvW', 8, 14, 8, 0, 5)
(2264, 'GCQfuw', 8, 14, 8, 0, 5)
(2265, 'GCQfrw', 8, 14, 8, 0, 4)
(2266, 'GCQfvw', 8, 15, 8, 0, 6)
(2267, 'GCQfvs', 8, 15, 8, 0, 9)
(2268, 'GCQfvk', 8, 15, 8, 0, 9)
(2269, 'GCQfv[', 8, 15, 8, 0, 9)
(2270, 'GCQfu{', 8, 15, 8, 0, 9)
(2271, 'GCQfr{', 8, 15, 8, 0, 8)
(2272, 'GCQfv{', 8, 16, 8, 0, 11)
(2273, 'GCQflw', 8, 14, 8, 0, 6)
(2274, 'GCQfnw', 8, 15, 8, 0, 7)
(2275, 'GCQfl{', 8, 15, 8, 0, 10)
(2276, 'GCQfn{', 8, 16, 8, 0, 12)
(2277, 'GCQf^g', 8, 14, 8, 0, 6)
(2278, 'GCQf]w', 8, 14, 8, 0, 6)
(2279, 'GCQf^w', 8, 15, 8, 0, 7)
(2280, 'GCQf^k', 8, 15, 8, 0, 10)
(2281, 'GCQf]{', 8, 15, 8, 0, 10)
(2282, 'GCQf^{', 8, 16, 8, 0, 12)
(2283, 'GCQf~w', 8, 16, 8, 0, 8)
(2284, 'GCQf~{', 8, 17, 8, 0, 14)
(2285, 'GCQRDO', 8, 9, 8, 0, 1)
(2286, 'GCQRFO', 8, 10, 8, 0, 2)
(2287, 'GCQRDo', 8, 10, 8, 0, 2)
(2288, 'GCQRFo', 8, 11, 8, 0, 3)
(2289, 'GCQRDw', 8, 11, 8, 0, 4)
(2290, 'GCQRFS', 8, 11, 8, 0, 4)
(2291, 'GCQRFw', 8, 12, 8, 0, 5)
(2292, 'GCQRFs', 8, 12, 8, 0, 5)
(2293, 'GCQRF{', 8, 13, 8, 0, 7)
(2295, 'GCQTbS', 8, 11, 8, 0, 4)
(2296, 'GCQTfo', 8, 12, 8, 0, 4)
(2297, 'GCQTfW', 8, 12, 8, 0, 4)
(2298, 'GCQTfS', 8, 12, 8, 0, 5)
(2299, 'GCQTb[', 8, 12, 8, 0, 4)
(2300, 'GCQTfw', 8, 13, 8, 0, 6)
(2301, 'GCQTfs', 8, 13, 8, 0, 7)
(2302, 'GCQTf[', 8, 13, 8, 0, 6)
(2303, 'GCQTf{', 8, 14, 8, 0, 9)
(2304, 'GCQRV?', 8, 10, 8, 0, 2)
(2305, 'GCQRT_', 8, 10, 8, 0, 3)
(2306, 'GCQRV_', 8, 11, 8, 0, 3)
(2307, 'GCQRVO', 8, 11, 8, 0, 3)
(2308, 'GCQRTg', 8, 11, 8, 0, 5)
(2309, 'GCQRVo', 8, 12, 8, 0, 4)
(2310, 'GCQRVg', 8, 12, 8, 0, 5)
(2311, 'GCQRVc', 8, 12, 8, 0, 5)
(2312, 'GCQRVS', 8, 12, 8, 0, 6)
(2313, 'GCQRTk', 8, 12, 8, 0, 6)
(2314, 'GCQRVw', 8, 13, 8, 0, 6)
(2315, 'GCQRVs', 8, 13, 8, 0, 7)
(2316, 'GCQRVk', 8, 13, 8, 0, 7)
(2317, 'GCQRV{', 8, 14, 8, 0, 9)
(2318, 'GCQVbW', 8, 12, 8, 0, 3)
(2319, 'GCQVfo', 8, 13, 8, 0, 4)
(2320, 'GCQVfW', 8, 13, 8, 0, 4)
(2321, 'GCQVdw', 8, 13, 8, 0, 5)
(2322, 'GCQVfS', 8, 13, 8, 0, 6)
(2323, 'GCQVds', 8, 13, 8, 0, 6)
(2324, 'GCQVd[', 8, 13, 8, 0, 5)
(2325, 'GCQVb[', 8, 13, 8, 0, 5)
(2326, 'GCQVfw', 8, 14, 8, 0, 6)
(2327, 'GCQVfs', 8, 14, 8, 0, 8)
(2328, 'GCQVf[', 8, 14, 8, 0, 7)
(2329, 'GCQVd{', 8, 14, 8, 0, 8)
(2330, 'GCQVf{', 8, 15, 8, 0, 10)
(2331, 'GCQVRo', 8, 12, 8, 0, 3)
(2332, 'GCQVVo', 8, 13, 8, 0, 4)
(2333, 'GCQVVg', 8, 13, 8, 0, 5)
(2334, 'GCQVRw', 8, 13, 8, 0, 4)
(2335, 'GCQVVS', 8, 13, 8, 0, 7)
(2336, 'GCQVRs', 8, 13, 8, 0, 6)
(2337, 'GCQVVw', 8, 14, 8, 0, 6)
(2338, 'GCQVVs', 8, 14, 8, 0, 8)
(2339, 'GCQVVk', 8, 14, 8, 0, 8)
(2340, 'GCQVR{', 8, 14, 8, 0, 7)
(2341, 'GCQVV{', 8, 15, 8, 0, 10)
(2342, 'GCQTno', 8, 13, 8, 0, 6)
(2343, 'GCQTnS', 8, 13, 8, 0, 7)
(2344, 'GCQTnw', 8, 14, 8, 0, 8)
(2345, 'GCQTns', 8, 14, 8, 0, 9)
(2346, 'GCQTn{', 8, 15, 8, 0, 12)
(2347, 'GCQVvo', 8, 14, 8, 0, 5)
(2348, 'GCQVvW', 8, 14, 8, 0, 5)
(2349, 'GCQVvw', 8, 15, 8, 0, 7)
(2350, 'GCQVvs', 8, 15, 8, 0, 10)
(2351, 'GCQVv[', 8, 15, 8, 0, 9)
(2352, 'GCQVv{', 8, 16, 8, 0, 12)
(2353, 'GCQVno', 8, 14, 8, 0, 6)
(2354, 'GCQVlw', 8, 14, 8, 0, 7)
(2355, 'GCQVnw', 8, 15, 8, 0, 8)
(2356, 'GCQVns', 8, 15, 8, 0, 10)
(2357, 'GCQVl{', 8, 15, 8, 0, 11)
(2358, 'GCQVn{', 8, 16, 8, 0, 13)
(2359, 'GCQV~w', 8, 16, 8, 0, 9)
(2360, 'GCQV~{', 8, 17, 8, 0, 15)
(2361, 'GCRbfO', 8, 12, 8, 0, 1)
(2362, 'GCRbeo', 8, 12, 8, 0, 2)
(2363, 'GCRbdo', 8, 12, 8, 0, 1)
(2364, 'GCRbcw', 8, 12, 8, 0, 2)
(2365, 'GCRb`w', 8, 12, 8, 0, 1)
(2366, 'GCRbc[', 8, 12, 8, 0, 1)
(2367, 'GCRba[', 8, 12, 8, 0, 3)
(2368, 'GCRb`[', 8, 12, 8, 0, 2)
(2369, 'GCRbfo', 8, 13, 8, 0, 2)
(2370, 'GCRbfW', 8, 13, 8, 0, 4)
(2371, 'GCRbew', 8, 13, 8, 0, 4)
(2372, 'GCRbdw', 8, 13, 8, 0, 3)
(2373, 'GCRbbw', 8, 13, 8, 0, 3)
(2374, 'GCRbe[', 8, 13, 8, 0, 4)
(2375, 'GCRbd[', 8, 13, 8, 0, 3)
(2376, 'GCRbb[', 8, 13, 8, 0, 5)
(2377, 'GCRbc{', 8, 13, 8, 0, 3)
(2378, 'GCRbfw', 8, 14, 8, 0, 5)
(2379, 'GCRbf[', 8, 14, 8, 0, 6)
(2380, 'GCRbe{', 8, 14, 8, 0, 6)
(2381, 'GCRbd{', 8, 14, 8, 0, 5)
(2382, 'GCRbf{', 8, 15, 8, 0, 8)
(2383, 'GCRcvO', 8, 12, 8, 0, 2)
(2384, 'GCRcro', 8, 12, 8, 0, 2)
(2385, 'GCRcrg', 8, 12, 8, 0, 3)
(2386, 'GCRcpw', 8, 12, 8, 0, 2)
(2387, 'GCRcvC', 8, 12, 8, 0, 2)
(2388, 'GCRctS', 8, 12, 8, 0, 3)
(2389, 'GCRctK', 8, 12, 8, 0, 4)
(2390, 'GCRcrK', 8, 12, 8, 0, 3)
(2391, 'GCRcpk', 8, 12, 8, 0, 3)
(2392, 'GCRcp[', 8, 12, 8, 0, 3)
(2393, 'GCRcvo', 8, 13, 8, 0, 3)
(2394, 'GCRcvg', 8, 13, 8, 0, 5)
(2395, 'GCRcvW', 8, 13, 8, 0, 5)
(2396, 'GCRctw', 8, 13, 8, 0, 4)
(2397, 'GCRcrw', 8, 13, 8, 0, 4)
(2398, 'GCRcvc', 8, 13, 8, 0, 4)
(2399, 'GCRcvS', 8, 13, 8, 0, 4)
(2400, 'GCRcts', 8, 13, 8, 0, 5)
(2401, 'GCRcrs', 8, 13, 8, 0, 4)
(2402, 'GCRcvK', 8, 13, 8, 0, 5)
(2403, 'GCRctk', 8, 13, 8, 0, 6)
(2404, 'GCRcrk', 8, 13, 8, 0, 4)
(2405, 'GCRct[', 8, 13, 8, 0, 5)
(2406, 'GCRcr[', 8, 13, 8, 0, 5)
(2407, 'GCRcp{', 8, 13, 8, 0, 4)
(2408, 'GCRcvw', 8, 14, 8, 0, 6)
(2409, 'GCRcvs', 8, 14, 8, 0, 6)
(2410, 'GCRcvk', 8, 14, 8, 0, 7)
(2411, 'GCRcv[', 8, 14, 8, 0, 7)
(2412, 'GCRct{', 8, 14, 8, 0, 7)
(2413, 'GCRcr{', 8, 14, 8, 0, 6)
(2414, 'GCRcv{', 8, 15, 8, 0, 9)
(2415, 'GCR`v?', 8, 11, 8, 0, 0)
(2416, 'GCR`u_', 8, 11, 8, 0, 1)
(2417, 'GCR`r_', 8, 11, 8, 0, 0)
(2418, 'GCR`v_', 8, 12, 8, 0, 1)
(2419, 'GCR`uo', 8, 12, 8, 0, 2)
(2420, 'GCR`vG', 8, 12, 8, 0, 3)
(2421, 'GCR`ug', 8, 12, 8, 0, 3)
(2422, 'GCR`tg', 8, 12, 8, 0, 3)
(2423, 'GCR`rg', 8, 12, 8, 0, 2)
(2424, 'GCR`sw', 8, 12, 8, 0, 2)
(2425, 'GCR`pw', 8, 12, 8, 0, 1)
(2426, 'GCR`uK', 8, 12, 8, 0, 2)
(2427, 'GCR`tK', 8, 12, 8, 0, 3)
(2428, 'GCR`sk', 8, 12, 8, 0, 3)
(2429, 'GCR`qk', 8, 12, 8, 0, 2)
(2430, 'GCR`vo', 8, 13, 8, 0, 2)
(2431, 'GCR`vg', 8, 13, 8, 0, 4)
(2432, 'GCR`uw', 8, 13, 8, 0, 4)
(2433, 'GCR`tw', 8, 13, 8, 0, 3)
(2434, 'GCR`vK', 8, 13, 8, 0, 4)
(2435, 'GCR`uk', 8, 13, 8, 0, 4)
(2436, 'GCR`tk', 8, 13, 8, 0, 5)
(2437, 'GCR`rk', 8, 13, 8, 0, 4)
(2438, 'GCR`vw', 8, 14, 8, 0, 5)
(2439, 'GCR`vk', 8, 14, 8, 0, 6)
(2440, 'GCR`u{', 8, 14, 8, 0, 6)
(2441, 'GCR`v{', 8, 15, 8, 0, 8)
(2442, 'GCRffO', 8, 13, 8, 0, 2)
(2443, 'GCRffo', 8, 14, 8, 0, 3)
(2444, 'GCRffW', 8, 14, 8, 0, 5)
(2445, 'GCRfew', 8, 14, 8, 0, 5)
(2446, 'GCRfdw', 8, 14, 8, 0, 4)
(2447, 'GCRfbw', 8, 14, 8, 0, 4)
(2448, 'GCRffS', 8, 14, 8, 0, 5)
(2449, 'GCRfes', 8, 14, 8, 0, 6)
(2450, 'GCRffw', 8, 15, 8, 0, 6)
(2451, 'GCRffs', 8, 15, 8, 0, 7)
(2452, 'GCRff[', 8, 15, 8, 0, 8)
(2453, 'GCRfe{', 8, 15, 8, 0, 8)
(2454, 'GCRfd{', 8, 15, 8, 0, 7)
(2455, 'GCRfb{', 8, 15, 8, 0, 7)
(2456, 'GCRff{', 8, 16, 8, 0, 10)
(2457, 'GCRev_', 8, 13, 8, 0, 3)
(2458, 'GCRevG', 8, 13, 8, 0, 5)
(2459, 'GCRepw', 8, 13, 8, 0, 3)
(2460, 'GCRevo', 8, 14, 8, 0, 4)
(2461, 'GCRevg', 8, 14, 8, 0, 6)
(2462, 'GCRetw', 8, 14, 8, 0, 5)
(2463, 'GCRevw', 8, 15, 8, 0, 7)
(2464, 'GCRevs', 8, 15, 8, 0, 8)
(2465, 'GCRevk', 8, 15, 8, 0, 9)
(2466, 'GCRet{', 8, 15, 8, 0, 8)
(2467, 'GCRev{', 8, 16, 8, 0, 11)
(2468, 'GCRdro', 8, 13, 8, 0, 2)
(2469, 'GCRdrg', 8, 13, 8, 0, 3)
(2470, 'GCRdqw', 8, 13, 8, 0, 3)
(2471, 'GCRdpw', 8, 13, 8, 0, 2)
(2472, 'GCRdvo', 8, 14, 8, 0, 3)
(2473, 'GCRdvg', 8, 14, 8, 0, 5)
(2474, 'GCRdvW', 8, 14, 8, 0, 5)
(2475, 'GCRduw', 8, 14, 8, 0, 5)
(2476, 'GCRdtw', 8, 14, 8, 0, 4)
(2477, 'GCRdrw', 8, 14, 8, 0, 4)
(2478, 'GCRdvc', 8, 14, 8, 0, 5)
(2479, 'GCRdvS', 8, 14, 8, 0, 5)
(2480, 'GCRdus', 8, 14, 8, 0, 6)
(2481, 'GCRdts', 8, 14, 8, 0, 6)
(2482, 'GCRdrs', 8, 14, 8, 0, 5)
(2483, 'GCRdvK', 8, 14, 8, 0, 6)
(2484, 'GCRduk', 8, 14, 8, 0, 6)
(2485, 'GCRdu[', 8, 14, 8, 0, 6)
(2486, 'GCRdvw', 8, 15, 8, 0, 6)
(2487, 'GCRdvs', 8, 15, 8, 0, 7)
(2488, 'GCRdvk', 8, 15, 8, 0, 8)
(2489, 'GCRdv[', 8, 15, 8, 0, 8)
(2490, 'GCRdu{', 8, 15, 8, 0, 8)
(2491, 'GCRdt{', 8, 15, 8, 0, 8)
(2492, 'GCRdr{', 8, 15, 8, 0, 7)
(2493, 'GCRdv{', 8, 16, 8, 0, 10)
(2494, 'GCRfNo', 8, 14, 8, 0, 5)
(2495, 'GCRfMw', 8, 14, 8, 0, 7)
(2496, 'GCRfK{', 8, 14, 8, 0, 7)
(2497, 'GCRfNw', 8, 15, 8, 0, 8)
(2498, 'GCRfM{', 8, 15, 8, 0, 10)
(2499, 'GCRfL{', 8, 15, 8, 0, 9)
(2500, 'GCRfN{', 8, 16, 8, 0, 12)
(2501, 'GCReno', 8, 14, 8, 0, 5)
(2502, 'GCRenS', 8, 14, 8, 0, 6)
(2503, 'GCRenw', 8, 15, 8, 0, 8)
(2504, 'GCRens', 8, 15, 8, 0, 8)
(2505, 'GCRen[', 8, 15, 8, 0, 10)
(2506, 'GCRel{', 8, 15, 8, 0, 9)
(2507, 'GCRej{', 8, 15, 8, 0, 9)
(2508, 'GCRen{', 8, 16, 8, 0, 12)
(2509, 'GCRdno', 8, 14, 8, 0, 5)
(2510, 'GCRdnW', 8, 14, 8, 0, 7)
(2511, 'GCRdmw', 8, 14, 8, 0, 7)
(2512, 'GCRdlw', 8, 14, 8, 0, 6)
(2513, 'GCRdjw', 8, 14, 8, 0, 6)
(2514, 'GCRdnS', 8, 14, 8, 0, 6)
(2515, 'GCRdms', 8, 14, 8, 0, 7)
(2516, 'GCRdls', 8, 14, 8, 0, 7)
(2517, 'GCRdjs', 8, 14, 8, 0, 6)
(2518, 'GCRdm[', 8, 14, 8, 0, 8)
(2519, 'GCRdl[', 8, 14, 8, 0, 8)
(2520, 'GCRdk{', 8, 14, 8, 0, 8)
(2521, 'GCRdi{', 8, 14, 8, 0, 7)
(2522, 'GCRdnw', 8, 15, 8, 0, 8)
(2523, 'GCRdns', 8, 15, 8, 0, 8)
(2524, 'GCRdn[', 8, 15, 8, 0, 10)
(2525, 'GCRdm{', 8, 15, 8, 0, 10)
(2526, 'GCRdl{', 8, 15, 8, 0, 10)
(2527, 'GCRdj{', 8, 15, 8, 0, 9)
(2528, 'GCRdn{', 8, 16, 8, 0, 12)
(2529, 'GCRbno', 8, 14, 8, 0, 4)
(2530, 'GCRbnW', 8, 14, 8, 0, 6)
(2531, 'GCRbmw', 8, 14, 8, 0, 6)
(2532, 'GCRblw', 8, 14, 8, 0, 5)
(2533, 'GCRbjw', 8, 14, 8, 0, 5)
(2534, 'GCRbm[', 8, 14, 8, 0, 7)
(2535, 'GCRbk{', 8, 14, 8, 0, 6)
(2536, 'GCRbnw', 8, 15, 8, 0, 7)
(2537, 'GCRbn[', 8, 15, 8, 0, 9)
(2538, 'GCRbm{', 8, 15, 8, 0, 9)
(2539, 'GCRbl{', 8, 15, 8, 0, 8)
(2540, 'GCRbn{', 8, 16, 8, 0, 11)
(2541, 'GCRc~o', 8, 14, 8, 0, 4)
(2542, 'GCRc~g', 8, 14, 8, 0, 6)
(2543, 'GCRc|w', 8, 14, 8, 0, 5)
(2544, 'GCRc~c', 8, 14, 8, 0, 5)
(2545, 'GCRc~S', 8, 14, 8, 0, 5)
(2546, 'GCRc|s', 8, 14, 8, 0, 6)
(2547, 'GCRczs', 8, 14, 8, 0, 5)
(2548, 'GCRc~w', 8, 15, 8, 0, 7)
(2549, 'GCRc~s', 8, 15, 8, 0, 7)
(2550, 'GCRc~k', 8, 15, 8, 0, 9)
(2551, 'GCRc~[', 8, 15, 8, 0, 9)
(2552, 'GCRc|{', 8, 15, 8, 0, 9)
(2553, 'GCRcz{', 8, 15, 8, 0, 8)
(2554, 'GCRc~{', 8, 16, 8, 0, 11)
(2555, 'GCR`~o', 8, 14, 8, 0, 3)
(2556, 'GCR`~g', 8, 14, 8, 0, 5)
(2557, 'GCR`}w', 8, 14, 8, 0, 5)
(2558, 'GCR`|w', 8, 14, 8, 0, 4)
(2559, 'GCR`~K', 8, 14, 8, 0, 6)
(2560, 'GCR`}k', 8, 14, 8, 0, 6)
(2561, 'GCR`|k', 8, 14, 8, 0, 7)
(2562, 'GCR`zk', 8, 14, 8, 0, 6)
(2563, 'GCR`~w', 8, 15, 8, 0, 6)
(2564, 'GCR`~k', 8, 15, 8, 0, 8)
(2565, 'GCR`}{', 8, 15, 8, 0, 8)
(2566, 'GCR`~{', 8, 16, 8, 0, 10)
(2567, 'GCRfvo', 8, 15, 8, 0, 4)
(2568, 'GCRfvw', 8, 16, 8, 0, 7)
(2569, 'GCRfvs', 8, 16, 8, 0, 9)
(2570, 'GCRfv{', 8, 17, 8, 0, 12)
(2571, 'GCRfno', 8, 15, 8, 0, 6)
(2572, 'GCRfnw', 8, 16, 8, 0, 9)
(2573, 'GCRfns', 8, 16, 8, 0, 10)
(2574, 'GCRfn[', 8, 16, 8, 0, 12)
(2575, 'GCRfm{', 8, 16, 8, 0, 12)
(2576, 'GCRfn{', 8, 17, 8, 0, 14)
(2577, 'GCRe~o', 8, 15, 8, 0, 6)
(2578, 'GCRe~w', 8, 16, 8, 0, 9)
(2579, 'GCRe~s', 8, 16, 8, 0, 10)
(2580, 'GCRe~{', 8, 17, 8, 0, 14)
(2581, 'GCRd~o', 8, 15, 8, 0, 5)
(2582, 'GCRd~w', 8, 16, 8, 0, 8)
(2583, 'GCRd~s', 8, 16, 8, 0, 9)
(2584, 'GCRd~k', 8, 16, 8, 0, 11)
(2585, 'GCRd~[', 8, 16, 8, 0, 11)
(2586, 'GCRd}{', 8, 16, 8, 0, 11)
(2587, 'GCRd|{', 8, 16, 8, 0, 11)
(2588, 'GCRdz{', 8, 16, 8, 0, 10)
(2589, 'GCRd~{', 8, 17, 8, 0, 13)
(2590, 'GCRf~w', 8, 17, 8, 0, 10)
(2591, 'GCRf~{', 8, 18, 8, 0, 16)
(2592, 'GCRVFO', 8, 12, 8, 0, 2)
(2593, 'GCRVDW', 8, 12, 8, 0, 2)
(2594, 'GCRVFo', 8, 13, 8, 0, 3)
(2595, 'GCRVFW', 8, 13, 8, 0, 4)
(2596, 'GCRVDw', 8, 13, 8, 0, 4)
(2597, 'GCRVBw', 8, 13, 8, 0, 4)
(2598, 'GCRVFS', 8, 13, 8, 0, 5)
(2599, 'GCRVBs', 8, 13, 8, 0, 4)
(2600, 'GCRVFw', 8, 14, 8, 0, 6)
(2601, 'GCRVFs', 8, 14, 8, 0, 6)
(2602, 'GCRVF[', 8, 14, 8, 0, 7)
(2603, 'GCRVF{', 8, 15, 8, 0, 9)
(2604, 'GCRVfo', 8, 14, 8, 0, 4)
(2605, 'GCRVfW', 8, 14, 8, 0, 5)
(2606, 'GCRVdw', 8, 14, 8, 0, 5)
(2607, 'GCRVfw', 8, 15, 8, 0, 7)
(2608, 'GCRVfs', 8, 15, 8, 0, 8)
(2609, 'GCRVf[', 8, 15, 8, 0, 8)
(2610, 'GCRVd{', 8, 15, 8, 0, 8)
(2611, 'GCRVf{', 8, 16, 8, 0, 11)
(2612, 'GCRVVG', 8, 13, 8, 0, 4)
(2613, 'GCRVVo', 8, 14, 8, 0, 4)
(2614, 'GCRVVg', 8, 14, 8, 0, 6)
(2615, 'GCRVVW', 8, 14, 8, 0, 5)
(2616, 'GCRVTw', 8, 14, 8, 0, 5)
(2617, 'GCRVRw', 8, 14, 8, 0, 5)
(2618, 'GCRVVc', 8, 14, 8, 0, 6)
(2619, 'GCRVVS', 8, 14, 8, 0, 7)
(2620, 'GCRVTs', 8, 14, 8, 0, 6)
(2621, 'GCRVRs', 8, 14, 8, 0, 6)
(2622, 'GCRVVK', 8, 14, 8, 0, 7)
(2623, 'GCRVTk', 8, 14, 8, 0, 7)
(2624, 'GCRVRk', 8, 14, 8, 0, 6)
(2625, 'GCRVT[', 8, 14, 8, 0, 6)
(2626, 'GCRVP{', 8, 14, 8, 0, 5)
(2627, 'GCRVVw', 8, 15, 8, 0, 7)
(2628, 'GCRVVs', 8, 15, 8, 0, 8)
(2629, 'GCRVVk', 8, 15, 8, 0, 9)
(2630, 'GCRVV[', 8, 15, 8, 0, 9)
(2631, 'GCRVT{', 8, 15, 8, 0, 8)
(2632, 'GCRVR{', 8, 15, 8, 0, 8)
(2633, 'GCRVV{', 8, 16, 8, 0, 11)
(2634, 'GCRTvo', 8, 14, 8, 0, 4)
(2635, 'GCRTvg', 8, 14, 8, 0, 6)
(2636, 'GCRTvW', 8, 14, 8, 0, 5)
(2637, 'GCRTtw', 8, 14, 8, 0, 5)
(2638, 'GCRTvc', 8, 14, 8, 0, 6)
(2639, 'GCRTts', 8, 14, 8, 0, 7)
(2640, 'GCRTvK', 8, 14, 8, 0, 6)
(2641, 'GCRTtk', 8, 14, 8, 0, 8)
(2642, 'GCRTvw', 8, 15, 8, 0, 7)
(2643, 'GCRTvs', 8, 15, 8, 0, 8)
(2644, 'GCRTvk', 8, 15, 8, 0, 9)
(2645, 'GCRTv[', 8, 15, 8, 0, 8)
(2646, 'GCRTt{', 8, 15, 8, 0, 9)
(2647, 'GCRTv{', 8, 16, 8, 0, 11)
(2648, 'GCRVvo', 8, 15, 8, 0, 5)
(2649, 'GCRVvg', 8, 15, 8, 0, 7)
(2650, 'GCRVtw', 8, 15, 8, 0, 6)
(2651, 'GCRVvw', 8, 16, 8, 0, 8)
(2652, 'GCRVvs', 8, 16, 8, 0, 10)
(2653, 'GCRVvk', 8, 16, 8, 0, 11)
(2654, 'GCRVt{', 8, 16, 8, 0, 10)
(2655, 'GCRVv{', 8, 17, 8, 0, 13)
(2656, 'GCRVnw', 8, 16, 8, 0, 10)
(2657, 'GCRVn{', 8, 17, 8, 0, 15)
(2658, 'GCRV^o', 8, 15, 8, 0, 6)
(2659, 'GCRV^w', 8, 16, 8, 0, 9)
(2660, 'GCRV^s', 8, 16, 8, 0, 10)
(2661, 'GCRV^k', 8, 16, 8, 0, 12)
(2662, 'GCRV^[', 8, 16, 8, 0, 12)
(2663, 'GCRV\\{', 8, 16, 8, 0, 11)
(2664, 'GCRVZ{', 8, 16, 8, 0, 11)
(2665, 'GCRV^{', 8, 17, 8, 0, 14)
(2666, 'GCRT~w', 8, 16, 8, 0, 9)
(2667, 'GCRT~k', 8, 16, 8, 0, 12)
(2668, 'GCRT|{', 8, 16, 8, 0, 12)
(2669, 'GCRT~{', 8, 17, 8, 0, 14)
(2670, 'GCRV~w', 8, 17, 8, 0, 11)
(2671, 'GCRV~{', 8, 18, 8, 0, 17)
(2672, 'GCQvFO', 8, 12, 8, 0, 2)
(2673, 'GCQvBo', 8, 12, 8, 0, 2)
(2674, 'GCQvEW', 8, 12, 8, 0, 3)
(2675, 'GCQvDW', 8, 12, 8, 0, 3)
(2676, 'GCQvBW', 8, 12, 8, 0, 3)
(2677, 'GCQvCw', 8, 12, 8, 0, 4)
(2678, 'GCQvAw', 8, 12, 8, 0, 3)
(2679, 'GCQvES', 8, 12, 8, 0, 4)
(2680, 'GCQvDS', 8, 12, 8, 0, 3)
(2681, 'GCQvCs', 8, 12, 8, 0, 3)
(2682, 'GCQvAs', 8, 12, 8, 0, 3)
(2683, 'GCQv@s', 8, 12, 8, 0, 2)
(2684, 'GCQvC[', 8, 12, 8, 0, 3)
(2685, 'GCQvA[', 8, 12, 8, 0, 3)
(2686, 'GCQv@[', 8, 12, 8, 0, 3)
(2687, 'GCQv?{', 8, 12, 8, 0, 2)
(2688, 'GCQvFo', 8, 13, 8, 0, 3)
(2689, 'GCQvFW', 8, 13, 8, 0, 4)
(2690, 'GCQvEw', 8, 13, 8, 0, 5)
(2691, 'GCQvDw', 8, 13, 8, 0, 5)
(2692, 'GCQvBw', 8, 13, 8, 0, 4)
(2693, 'GCQvFS', 8, 13, 8, 0, 5)
(2694, 'GCQvEs', 8, 13, 8, 0, 5)
(2695, 'GCQvDs', 8, 13, 8, 0, 4)
(2696, 'GCQvBs', 8, 13, 8, 0, 4)
(2697, 'GCQvE[', 8, 13, 8, 0, 5)
(2698, 'GCQvD[', 8, 13, 8, 0, 5)
(2699, 'GCQvB[', 8, 13, 8, 0, 5)
(2700, 'GCQvC{', 8, 13, 8, 0, 5)
(2701, 'GCQvA{', 8, 13, 8, 0, 4)
(2702, 'GCQv@{', 8, 13, 8, 0, 4)
(2703, 'GCQvFw', 8, 14, 8, 0, 6)
(2704, 'GCQvFs', 8, 14, 8, 0, 6)
(2705, 'GCQvF[', 8, 14, 8, 0, 7)
(2706, 'GCQvE{', 8, 14, 8, 0, 7)
(2707, 'GCQvD{', 8, 14, 8, 0, 7)
(2708, 'GCQvB{', 8, 14, 8, 0, 6)
(2709, 'GCQvF{', 8, 15, 8, 0, 9)
(2710, 'GCQudo', 8, 12, 8, 0, 3)
(2711, 'GCQu`[', 8, 12, 8, 0, 3)
(2712, 'GCQufo', 8, 13, 8, 0, 4)
(2713, 'GCQufW', 8, 13, 8, 0, 5)
(2714, 'GCQudw', 8, 13, 8, 0, 6)
(2715, 'GCQufS', 8, 13, 8, 0, 5)
(2716, 'GCQuds', 8, 13, 8, 0, 5)
(2717, 'GCQud[', 8, 13, 8, 0, 5)
(2718, 'GCQub[', 8, 13, 8, 0, 5)
(2719, 'GCQufw', 8, 14, 8, 0, 7)
(2720, 'GCQufs', 8, 14, 8, 0, 7)
(2721, 'GCQuf[', 8, 14, 8, 0, 7)
(2722, 'GCQud{', 8, 14, 8, 0, 8)
(2723, 'GCQuf{', 8, 15, 8, 0, 10)
(2724, 'GCQteo', 8, 12, 8, 0, 4)
(2725, 'GCQteW', 8, 12, 8, 0, 4)
(2726, 'GCQta[', 8, 12, 8, 0, 3)
(2727, 'GCQtfo', 8, 13, 8, 0, 4)
(2728, 'GCQtfW', 8, 13, 8, 0, 5)
(2729, 'GCQtew', 8, 13, 8, 0, 6)
(2730, 'GCQte[', 8, 13, 8, 0, 5)
(2731, 'GCQtb[', 8, 13, 8, 0, 5)
(2732, 'GCQtfw', 8, 14, 8, 0, 7)
(2733, 'GCQtf[', 8, 14, 8, 0, 7)
(2734, 'GCQte{', 8, 14, 8, 0, 8)
(2735, 'GCQtf{', 8, 15, 8, 0, 10)
(2736, 'GCQuVO', 8, 12, 8, 0, 3)
(2737, 'GCQuRo', 8, 12, 8, 0, 3)
(2738, 'GCQuVG', 8, 12, 8, 0, 4)
(2739, 'GCQuRg', 8, 12, 8, 0, 4)
(2740, 'GCQuRW', 8, 12, 8, 0, 4)
(2741, 'GCQuTK', 8, 12, 8, 0, 5)
(2742, 'GCQuRK', 8, 12, 8, 0, 4)
(2743, 'GCQuPk', 8, 12, 8, 0, 4)
(2744, 'GCQuVo', 8, 13, 8, 0, 4)
(2745, 'GCQuVg', 8, 13, 8, 0, 6)
(2746, 'GCQuVW', 8, 13, 8, 0, 5)
(2747, 'GCQuRw', 8, 13, 8, 0, 5)
(2748, 'GCQuVc', 8, 13, 8, 0, 5)
(2749, 'GCQuVS', 8, 13, 8, 0, 6)
(2750, 'GCQuRs', 8, 13, 8, 0, 5)
(2751, 'GCQuVK', 8, 13, 8, 0, 6)
(2752, 'GCQuTk', 8, 13, 8, 0, 7)
(2753, 'GCQuRk', 8, 13, 8, 0, 5)
(2754, 'GCQuR[', 8, 13, 8, 0, 6)
(2755, 'GCQuVw', 8, 14, 8, 0, 7)
(2756, 'GCQuVs', 8, 14, 8, 0, 7)
(2757, 'GCQuVk', 8, 14, 8, 0, 8)
(2758, 'GCQuV[', 8, 14, 8, 0, 8)
(2759, 'GCQuR{', 8, 14, 8, 0, 7)
(2760, 'GCQuV{', 8, 15, 8, 0, 10)
(2767, 'GCQrTg', 8, 12, 8, 0, 6)
(2784, 'GCQvfo', 8, 14, 8, 0, 4)
(2785, 'GCQvfW', 8, 14, 8, 0, 5)
(2786, 'GCQvew', 8, 14, 8, 0, 6)
(2787, 'GCQvdw', 8, 14, 8, 0, 6)
(2788, 'GCQves', 8, 14, 8, 0, 7)
(2789, 'GCQvds', 8, 14, 8, 0, 6)
(2790, 'GCQvfw', 8, 15, 8, 0, 7)
(2791, 'GCQvfs', 8, 15, 8, 0, 8)
(2792, 'GCQvf[', 8, 15, 8, 0, 8)
(2793, 'GCQve{', 8, 15, 8, 0, 9)
(2794, 'GCQvd{', 8, 15, 8, 0, 9)
(2795, 'GCQvf{', 8, 16, 8, 0, 11)
(2796, 'GCQvRo', 8, 13, 8, 0, 3)
(2797, 'GCQvRg', 8, 13, 8, 0, 4)
(2798, 'GCQvRW', 8, 13, 8, 0, 4)
(2799, 'GCQvQw', 8, 13, 8, 0, 4)
(2800, 'GCQvVo', 8, 14, 8, 0, 4)
(2801, 'GCQvVg', 8, 14, 8, 0, 6)
(2802, 'GCQvVW', 8, 14, 8, 0, 5)
(2803, 'GCQvUw', 8, 14, 8, 0, 6)
(2804, 'GCQvRw', 8, 14, 8, 0, 5)
(2805, 'GCQvVc', 8, 14, 8, 0, 6)
(2806, 'GCQvVS', 8, 14, 8, 0, 7)
(2807, 'GCQvUs', 8, 14, 8, 0, 7)
(2808, 'GCQvRs', 8, 14, 8, 0, 6)
(2809, 'GCQvUk', 8, 14, 8, 0, 7)
(2810, 'GCQvTk', 8, 14, 8, 0, 8)
(2811, 'GCQvVw', 8, 15, 8, 0, 7)
(2812, 'GCQvVs', 8, 15, 8, 0, 8)
(2813, 'GCQvVk', 8, 15, 8, 0, 9)
(2814, 'GCQvV[', 8, 15, 8, 0, 9)
(2815, 'GCQvU{', 8, 15, 8, 0, 9)
(2816, 'GCQvR{', 8, 15, 8, 0, 8)
(2817, 'GCQvV{', 8, 16, 8, 0, 11)
(2818, 'GCQurW', 8, 13, 8, 0, 5)
(2819, 'GCQuvo', 8, 14, 8, 0, 5)
(2820, 'GCQuvg', 8, 14, 8, 0, 7)
(2821, 'GCQuvW', 8, 14, 8, 0, 6)
(2822, 'GCQuvw', 8, 15, 8, 0, 8)
(2823, 'GCQuvs', 8, 15, 8, 0, 9)
(2824, 'GCQuvk', 8, 15, 8, 0, 10)
(2825, 'GCQuv[', 8, 15, 8, 0, 9)
(2826, 'GCQuv{', 8, 16, 8, 0, 12)
(2827, 'GCQuno', 8, 14, 8, 0, 6)
(2828, 'GCQuls', 8, 14, 8, 0, 7)
(2829, 'GCQunw', 8, 15, 8, 0, 9)
(2830, 'GCQuns', 8, 15, 8, 0, 9)
(2831, 'GCQun[', 8, 15, 8, 0, 10)
(2832, 'GCQul{', 8, 15, 8, 0, 11)
(2833, 'GCQun{', 8, 16, 8, 0, 13)
(2834, 'GCQtno', 8, 14, 8, 0, 7)
(2835, 'GCQtmw', 8, 14, 8, 0, 9)
(2836, 'GCQtm[', 8, 14, 8, 0, 9)
(2837, 'GCQtnw', 8, 15, 8, 0, 10)
(2838, 'GCQtn[', 8, 15, 8, 0, 11)
(2839, 'GCQtm{', 8, 15, 8, 0, 12)
(2840, 'GCQtn{', 8, 16, 8, 0, 14)
(2841, 'GCQu^o', 8, 14, 8, 0, 5)
(2842, 'GCQu^g', 8, 14, 8, 0, 7)
(2843, 'GCQu^W', 8, 14, 8, 0, 6)
(2844, 'GCQuZw', 8, 14, 8, 0, 6)
(2845, 'GCQu^c', 8, 14, 8, 0, 6)
(2846, 'GCQu^S', 8, 14, 8, 0, 7)
(2847, 'GCQuZs', 8, 14, 8, 0, 6)
(2848, 'GCQu^w', 8, 15, 8, 0, 8)
(2849, 'GCQu^s', 8, 15, 8, 0, 8)
(2850, 'GCQu^k', 8, 15, 8, 0, 10)
(2851, 'GCQu^[', 8, 15, 8, 0, 10)
(2852, 'GCQuZ{', 8, 15, 8, 0, 9)
(2853, 'GCQu^{', 8, 16, 8, 0, 12)
(2854, 'GCQr^o', 8, 14, 8, 0, 5)
(2855, 'GCQr^g', 8, 14, 8, 0, 7)
(2856, 'GCQr^W', 8, 14, 8, 0, 6)
(2857, 'GCQr]w', 8, 14, 8, 0, 7)
(2858, 'GCQr^K', 8, 14, 8, 0, 8)
(2859, 'GCQr]k', 8, 14, 8, 0, 8)
(2860, 'GCQr\\k', 8, 14, 8, 0, 9)
(2861, 'GCQr^w', 8, 15, 8, 0, 8)
(2862, 'GCQr^k', 8, 15, 8, 0, 10)
(2863, 'GCQr]{', 8, 15, 8, 0, 10)
(2864, 'GCQr^{', 8, 16, 8, 0, 12)
(2865, 'GCQvvo', 8, 15, 8, 0, 5)
(2866, 'GCQvvw', 8, 16, 8, 0, 8)
(2867, 'GCQvvs', 8, 16, 8, 0, 10)
(2868, 'GCQvv{', 8, 17, 8, 0, 13)
(2869, 'GCQvno', 8, 15, 8, 0, 7)
(2870, 'GCQvnw', 8, 16, 8, 0, 10)
(2871, 'GCQvns', 8, 16, 8, 0, 11)
(2872, 'GCQvm{', 8, 16, 8, 0, 13)
(2873, 'GCQvl{', 8, 16, 8, 0, 13)
(2874, 'GCQvn{', 8, 17, 8, 0, 15)
(2875, 'GCQv^o', 8, 15, 8, 0, 6)
(2876, 'GCQv^w', 8, 16, 8, 0, 9)
(2877, 'GCQv^s', 8, 16, 8, 0, 10)
(2878, 'GCQv^k', 8, 16, 8, 0, 12)
(2879, 'GCQv^[', 8, 16, 8, 0, 12)
(2880, 'GCQv]{', 8, 16, 8, 0, 12)
(2881, 'GCQvZ{', 8, 16, 8, 0, 11)
(2882, 'GCQv^{', 8, 17, 8, 0, 14)
(2883, 'GCQu~o', 8, 15, 8, 0, 7)
(2884, 'GCQu~w', 8, 16, 8, 0, 10)
(2885, 'GCQu~s', 8, 16, 8, 0, 11)
(2886, 'GCQu~{', 8, 17, 8, 0, 15)
(2887, 'GCQv~w', 8, 17, 8, 0, 11)
(2888, 'GCQv~{', 8, 18, 8, 0, 17)
(2889, 'GCRvfo', 8, 15, 8, 0, 4)
(2890, 'GCRve[', 8, 15, 8, 0, 7)
(2891, 'GCRvd[', 8, 15, 8, 0, 6)
(2892, 'GCRvb[', 8, 15, 8, 0, 7)
(2893, 'GCRvc{', 8, 15, 8, 0, 7)
(2894, 'GCRvfw', 8, 16, 8, 0, 8)
(2895, 'GCRvf[', 8, 16, 8, 0, 9)
(2896, 'GCRve{', 8, 16, 8, 0, 10)
(2897, 'GCRvd{', 8, 16, 8, 0, 9)
(2898, 'GCRvf{', 8, 17, 8, 0, 12)
(2899, 'GCRvVo', 8, 15, 8, 0, 4)
(2900, 'GCRvVg', 8, 15, 8, 0, 7)
(2901, 'GCRvVW', 8, 15, 8, 0, 6)
(2902, 'GCRvUw', 8, 15, 8, 0, 7)
(2903, 'GCRvTw', 8, 15, 8, 0, 6)
(2904, 'GCRvRw', 8, 15, 8, 0, 6)
(2905, 'GCRvVK', 8, 15, 8, 0, 8)
(2906, 'GCRvUk', 8, 15, 8, 0, 8)
(2907, 'GCRvTk', 8, 15, 8, 0, 8)
(2908, 'GCRvRk', 8, 15, 8, 0, 7)
(2909, 'GCRvS{', 8, 15, 8, 0, 7)
(2910, 'GCRvP{', 8, 15, 8, 0, 6)
(2911, 'GCRvVw', 8, 16, 8, 0, 8)
(2912, 'GCRvVk', 8, 16, 8, 0, 10)
(2913, 'GCRvU{', 8, 16, 8, 0, 10)
(2914, 'GCRvT{', 8, 16, 8, 0, 9)
(2915, 'GCRvV{', 8, 17, 8, 0, 12)
(2916, 'GCRuvo', 8, 15, 8, 0, 5)
(2917, 'GCRuvg', 8, 15, 8, 0, 8)
(2918, 'GCRuvW', 8, 15, 8, 0, 7)
(2919, 'GCRutw', 8, 15, 8, 0, 7)
(2920, 'GCRuvc', 8, 15, 8, 0, 7)
(2921, 'GCRuvK', 8, 15, 8, 0, 8)
(2922, 'GCRutk', 8, 15, 8, 0, 9)
(2923, 'GCRut[', 8, 15, 8, 0, 7)
(2924, 'GCRur[', 8, 15, 8, 0, 8)
(2925, 'GCRuvw', 8, 16, 8, 0, 9)
(2926, 'GCRuvs', 8, 16, 8, 0, 9)
(2927, 'GCRuvk', 8, 16, 8, 0, 11)
(2928, 'GCRuv[', 8, 16, 8, 0, 10)
(2929, 'GCRut{', 8, 16, 8, 0, 10)
(2930, 'GCRuv{', 8, 17, 8, 0, 13)
(2931, 'GCRtvo', 8, 15, 8, 0, 4)
(2932, 'GCRtvg', 8, 15, 8, 0, 7)
(2933, 'GCRtuw', 8, 15, 8, 0, 7)
(2934, 'GCRttw', 8, 15, 8, 0, 6)
(2935, 'GCRtvK', 8, 15, 8, 0, 7)
(2936, 'GCRtuk', 8, 15, 8, 0, 8)
(2937, 'GCRttk', 8, 15, 8, 0, 9)
(2938, 'GCRtu[', 8, 15, 8, 0, 7)
(2939, 'GCRtr[', 8, 15, 8, 0, 7)
(2940, 'GCRtvw', 8, 16, 8, 0, 8)
(2941, 'GCRtvk', 8, 16, 8, 0, 10)
(2942, 'GCRtv[', 8, 16, 8, 0, 9)
(2943, 'GCRtu{', 8, 16, 8, 0, 10)
(2944, 'GCRtv{', 8, 17, 8, 0, 12)
(2945, 'GCRvvo', 8, 16, 8, 0, 5)
(2946, 'GCRvvg', 8, 16, 8, 0, 8)
(2947, 'GCRvvW', 8, 16, 8, 0, 7)
(2948, 'GCRvuw', 8, 16, 8, 0, 8)
(2949, 'GCRvtw', 8, 16, 8, 0, 7)
(2950, 'GCRvvw', 8, 17, 8, 0, 9)
(2951, 'GCRvvs', 8, 17, 8, 0, 10)
(2952, 'GCRvvk', 8, 17, 8, 0, 12)
(2953, 'GCRvv{', 8, 18, 8, 0, 14)
(2954, 'GCRvn[', 8, 17, 8, 0, 14)
(2955, 'GCRvm{', 8, 17, 8, 0, 15)
(2956, 'GCRvl{', 8, 17, 8, 0, 14)
(2957, 'GCRvn{', 8, 18, 8, 0, 17)
(2958, 'GCRv^w', 8, 17, 8, 0, 11)
(2959, 'GCRv]{', 8, 17, 8, 0, 14)
(2960, 'GCRv^{', 8, 18, 8, 0, 16)
(2961, 'GCRu~w', 8, 17, 8, 0, 12)
(2962, 'GCRu~s', 8, 17, 8, 0, 12)
(2963, 'GCRu~{', 8, 18, 8, 0, 17)
(2964, 'GCRt~w', 8, 17, 8, 0, 11)
(2965, 'GCRt~[', 8, 17, 8, 0, 13)
(2966, 'GCRt}{', 8, 17, 8, 0, 14)
(2967, 'GCRt~{', 8, 18, 8, 0, 16)
(2968, 'GCRv~{', 8, 19, 8, 0, 19)
(2969, 'GCR^vo', 8, 16, 8, 0, 6)
(2970, 'GCR^vw', 8, 17, 8, 0, 10)
(2971, 'GCR^vs', 8, 17, 8, 0, 11)
(2972, 'GCR^v{', 8, 18, 8, 0, 15)
(2973, 'GCR^~{', 8, 19, 8, 0, 20)
(2974, 'GCR~vo', 8, 17, 8, 0, 6)
(2975, 'GCR~vw', 8, 18, 8, 0, 11)
(2976, 'GCR~vk', 8, 18, 8, 0, 13)
(2977, 'GCR~u{', 8, 18, 8, 0, 14)
(2978, 'GCR~v{', 8, 19, 8, 0, 16)
(2979, 'GCp`f?', 8, 10, 8, 0, 0)
(2980, 'GCp`e_', 8, 10, 8, 0, 1)
(2981, 'GCp`eO', 8, 10, 8, 0, 2)
(2982, 'GCp`dO', 8, 10, 8, 0, 1)
(2983, 'GCp`f_', 8, 11, 8, 0, 1)
(2984, 'GCp`fO', 8, 11, 8, 0, 2)
(2985, 'GCp`eo', 8, 11, 8, 0, 3)
(2986, 'GCp`eg', 8, 11, 8, 0, 2)
(2987, 'GCp`fo', 8, 12, 8, 0, 3)
(2988, 'GCp`fg', 8, 12, 8, 0, 3)
(2989, 'GCp`fW', 8, 12, 8, 0, 4)
(2990, 'GCp`fw', 8, 13, 8, 0, 5)
(2991, 'GCp`f{', 8, 14, 8, 0, 7)
(2992, 'GCpdbO', 8, 11, 8, 0, 2)
(2993, 'GCpdao', 8, 11, 8, 0, 2)
(2994, 'GCpd`o', 8, 11, 8, 0, 1)
(2995, 'GCpdag', 8, 11, 8, 0, 2)
(2996, 'GCpdf_', 8, 12, 8, 0, 2)
(2997, 'GCpdfO', 8, 12, 8, 0, 3)
(2998, 'GCpdeo', 8, 12, 8, 0, 4)
(2999, 'GCpddo', 8, 12, 8, 0, 3)
(3000, 'GCpdbo', 8, 12, 8, 0, 2)
(3001, 'GCpdfG', 8, 12, 8, 0, 3)
(3002, 'GCpdeg', 8, 12, 8, 0, 3)
(3003, 'GCpddg', 8, 12, 8, 0, 3)
(3004, 'GCpdbg', 8, 12, 8, 0, 3)
(3005, 'GCpdeW', 8, 12, 8, 0, 4)
(3006, 'GCpddW', 8, 12, 8, 0, 3)
(3008, 'GCpdcw', 8, 12, 8, 0, 3)
(3009, 'GCpdfC', 8, 12, 8, 0, 3)
(3010, 'GCpdeS', 8, 12, 8, 0, 4)
(3011, 'GCpddS', 8, 12, 8, 0, 4)
(3012, 'GCpdfo', 8, 13, 8, 0, 4)
(3013, 'GCpdfg', 8, 13, 8, 0, 4)
(3014, 'GCpdfW', 8, 13, 8, 0, 5)
(3015, 'GCpdew', 8, 13, 8, 0, 5)
(3016, 'GCpddw', 8, 13, 8, 0, 4)
(3017, 'GCpdbw', 8, 13, 8, 0, 4)
(3018, 'GCpdfc', 8, 13, 8, 0, 5)
(3019, 'GCpdfS', 8, 13, 8, 0, 5)
(3020, 'GCpdes', 8, 13, 8, 0, 6)
(3021, 'GCpdds', 8, 13, 8, 0, 6)
(3022, 'GCpdfK', 8, 13, 8, 0, 5)
(3023, 'GCpdek', 8, 13, 8, 0, 5)
(3024, 'GCpdfw', 8, 14, 8, 0, 6)
(3025, 'GCpdfs', 8, 14, 8, 0, 7)
(3026, 'GCpdfk', 8, 14, 8, 0, 7)
(3027, 'GCpdf[', 8, 14, 8, 0, 7)
(3028, 'GCpdf{', 8, 15, 8, 0, 9)
(3029, 'GCpbd_', 8, 11, 8, 0, 1)
(3030, 'GCpbdO', 8, 11, 8, 0, 1)
(3031, 'GCpb`o', 8, 11, 8, 0, 0)
(3032, 'GCpbf_', 8, 12, 8, 0, 1)
(3033, 'GCpbfO', 8, 12, 8, 0, 2)
(3034, 'GCpbeo', 8, 12, 8, 0, 3)
(3035, 'GCpbdo', 8, 12, 8, 0, 2)
(3036, 'GCpbbo', 8, 12, 8, 0, 1)
(3037, 'GCpbfG', 8, 12, 8, 0, 2)
(3038, 'GCpbeg', 8, 12, 8, 0, 2)
(3039, 'GCpbdg', 8, 12, 8, 0, 2)
(3040, 'GCpbbg', 8, 12, 8, 0, 2)
(3041, 'GCpbaw', 8, 12, 8, 0, 2)
(3042, 'GCpb`w', 8, 12, 8, 0, 1)
(3043, 'GCpbbK', 8, 12, 8, 0, 4)
(3044, 'GCpbfo', 8, 13, 8, 0, 3)
(3045, 'GCpbfg', 8, 13, 8, 0, 3)
(3046, 'GCpbfW', 8, 13, 8, 0, 4)
(3047, 'GCpbew', 8, 13, 8, 0, 4)
(3048, 'GCpbdw', 8, 13, 8, 0, 3)
(3049, 'GCpbbw', 8, 13, 8, 0, 3)
(3050, 'GCpbfc', 8, 13, 8, 0, 4)
(3051, 'GCpbfS', 8, 13, 8, 0, 4)
(3052, 'GCpbes', 8, 13, 8, 0, 5)
(3053, 'GCpbbs', 8, 13, 8, 0, 4)
(3054, 'GCpbfK', 8, 13, 8, 0, 4)
(3055, 'GCpbbk', 8, 13, 8, 0, 5)
(3056, 'GCpbfw', 8, 14, 8, 0, 5)
(3057, 'GCpbfs', 8, 14, 8, 0, 6)
(3058, 'GCpbfk', 8, 14, 8, 0, 6)
(3059, 'GCpbb{', 8, 14, 8, 0, 6)
(3060, 'GCpbf{', 8, 15, 8, 0, 8)
(3061, 'GCpdUg', 8, 12, 8, 0, 3)
(3062, 'GCpdRg', 8, 12, 8, 0, 3)
(3063, 'GCpdPw', 8, 12, 8, 0, 2)
(3064, 'GCpdVo', 8, 13, 8, 0, 4)
(3065, 'GCpdVg', 8, 13, 8, 0, 4)
(3066, 'GCpdUw', 8, 13, 8, 0, 5)
(3067, 'GCpdTw', 8, 13, 8, 0, 4)
(3068, 'GCpdRw', 8, 13, 8, 0, 4)
(3069, 'GCpdUs', 8, 13, 8, 0, 6)
(3070, 'GCpdRs', 8, 13, 8, 0, 4)
(3071, 'GCpdS{', 8, 13, 8, 0, 5)
(3072, 'GCpdQ{', 8, 13, 8, 0, 4)
(3073, 'GCpdVw', 8, 14, 8, 0, 6)
(3074, 'GCpdVs', 8, 14, 8, 0, 7)
(3075, 'GCpdU{', 8, 14, 8, 0, 7)
(3076, 'GCpdR{', 8, 14, 8, 0, 6)
(3077, 'GCpdV{', 8, 15, 8, 0, 9)
(3078, 'GCpbUo', 8, 12, 8, 0, 4)
(3079, 'GCpbTg', 8, 12, 8, 0, 3)
(3080, 'GCpbQw', 8, 12, 8, 0, 3)
(3081, 'GCpbPw', 8, 12, 8, 0, 2)
(3082, 'GCpbRc', 8, 12, 8, 0, 3)
(3083, 'GCpbQs', 8, 12, 8, 0, 4)
(3084, 'GCpbVo', 8, 13, 8, 0, 4)
(3085, 'GCpbVg', 8, 13, 8, 0, 4)
(3086, 'GCpbUw', 8, 13, 8, 0, 5)
(3087, 'GCpbTw', 8, 13, 8, 0, 4)
(3088, 'GCpbRw', 8, 13, 8, 0, 4)
(3089, 'GCpbVc', 8, 13, 8, 0, 4)
(3090, 'GCpbUs', 8, 13, 8, 0, 6)
(3091, 'GCpbRs', 8, 13, 8, 0, 5)
(3092, 'GCpbRk', 8, 13, 8, 0, 5)
(3093, 'GCpbVw', 8, 14, 8, 0, 6)
(3094, 'GCpbVs', 8, 14, 8, 0, 7)
(3095, 'GCpbVk', 8, 14, 8, 0, 6)
(3096, 'GCpbR{', 8, 14, 8, 0, 7)
(3097, 'GCpbV{', 8, 15, 8, 0, 9)
(3098, 'GCpffG', 8, 13, 8, 0, 3)
(3099, 'GCpf`w', 8, 13, 8, 0, 2)
(3100, 'GCpffo', 8, 14, 8, 0, 4)
(3101, 'GCpffg', 8, 14, 8, 0, 4)
(3102, 'GCpffW', 8, 14, 8, 0, 5)
(3103, 'GCpfew', 8, 14, 8, 0, 5)
(3104, 'GCpfdw', 8, 14, 8, 0, 4)
(3105, 'GCpfbw', 8, 14, 8, 0, 4)
(3106, 'GCpffc', 8, 14, 8, 0, 6)
(3107, 'GCpffS', 8, 14, 8, 0, 6)
(3108, 'GCpfes', 8, 14, 8, 0, 7)
(3109, 'GCpfds', 8, 14, 8, 0, 6)
(3110, 'GCpfbs', 8, 14, 8, 0, 5)
(3111, 'GCpffK', 8, 14, 8, 0, 6)
(3112, 'GCpfek', 8, 14, 8, 0, 6)
(3113, 'GCpfbk', 8, 14, 8, 0, 6)
(3114, 'GCpfe[', 8, 14, 8, 0, 6)
(3115, 'GCpfd[', 8, 14, 8, 0, 5)
(3116, 'GCpfb[', 8, 14, 8, 0, 6)
(3117, 'GCpfc{', 8, 14, 8, 0, 5)
(3118, 'GCpfa{', 8, 14, 8, 0, 5)
(3119, 'GCpf`{', 8, 14, 8, 0, 4)
(3120, 'GCpffw', 8, 15, 8, 0, 6)
(3121, 'GCpffs', 8, 15, 8, 0, 8)
(3122, 'GCpffk', 8, 15, 8, 0, 8)
(3123, 'GCpff[', 8, 15, 8, 0, 8)
(3124, 'GCpfe{', 8, 15, 8, 0, 8)
(3125, 'GCpfd{', 8, 15, 8, 0, 7)
(3126, 'GCpfb{', 8, 15, 8, 0, 7)
(3127, 'GCpff{', 8, 16, 8, 0, 10)
(3128, 'GCpfVo', 8, 14, 8, 0, 5)
(3129, 'GCpfVg', 8, 14, 8, 0, 5)
(3130, 'GCpfUw', 8, 14, 8, 0, 6)
(3131, 'GCpfTw', 8, 14, 8, 0, 5)
(3132, 'GCpfRw', 8, 14, 8, 0, 5)
(3133, 'GCpfUs', 8, 14, 8, 0, 8)
(3134, 'GCpfQ{', 8, 14, 8, 0, 6)
(3135, 'GCpfVw', 8, 15, 8, 0, 7)
(3136, 'GCpfVs', 8, 15, 8, 0, 9)
(3137, 'GCpfVk', 8, 15, 8, 0, 8)
(3138, 'GCpfU{', 8, 15, 8, 0, 9)
(3139, 'GCpfT{', 8, 15, 8, 0, 8)
(3140, 'GCpfR{', 8, 15, 8, 0, 8)
(3141, 'GCpfV{', 8, 16, 8, 0, 11)
(3142, 'GCpev_', 8, 13, 8, 0, 4)
(3143, 'GCpevG', 8, 13, 8, 0, 5)
(3144, 'GCpevo', 8, 14, 8, 0, 6)
(3145, 'GCpevg', 8, 14, 8, 0, 6)
(3146, 'GCpevW', 8, 14, 8, 0, 7)
(3147, 'GCpetw', 8, 14, 8, 0, 6)
(3148, 'GCperw', 8, 14, 8, 0, 6)
(3149, 'GCper[', 8, 14, 8, 0, 8)
(3150, 'GCpevw', 8, 15, 8, 0, 8)
(3151, 'GCpevs', 8, 15, 8, 0, 10)
(3152, 'GCpevk', 8, 15, 8, 0, 9)
(3153, 'GCpev[', 8, 15, 8, 0, 10)
(3154, 'GCpet{', 8, 15, 8, 0, 9)
(3155, 'GCper{', 8, 15, 8, 0, 9)
(3156, 'GCpev{', 8, 16, 8, 0, 12)
(3157, 'GCpdrg', 8, 13, 8, 0, 4)
(3158, 'GCpdvo', 8, 14, 8, 0, 5)
(3159, 'GCpdvg', 8, 14, 8, 0, 5)
(3160, 'GCpdvW', 8, 14, 8, 0, 6)
(3161, 'GCpduw', 8, 14, 8, 0, 6)
(3162, 'GCpdtw', 8, 14, 8, 0, 5)
(3163, 'GCpdrw', 8, 14, 8, 0, 5)
(3164, 'GCpdvS', 8, 14, 8, 0, 7)
(3165, 'GCpdus', 8, 14, 8, 0, 8)
(3166, 'GCpdts', 8, 14, 8, 0, 8)
(3167, 'GCpdrs', 8, 14, 8, 0, 6)
(3168, 'GCpdvK', 8, 14, 8, 0, 6)
(3169, 'GCpduk', 8, 14, 8, 0, 6)
(3170, 'GCpdrk', 8, 14, 8, 0, 6)
(3171, 'GCpdu[', 8, 14, 8, 0, 7)
(3172, 'GCpdt[', 8, 14, 8, 0, 7)
(3173, 'GCpdr[', 8, 14, 8, 0, 7)
(3174, 'GCpds{', 8, 14, 8, 0, 7)
(3175, 'GCpdq{', 8, 14, 8, 0, 6)
(3176, 'GCpdvw', 8, 15, 8, 0, 7)
(3177, 'GCpdvs', 8, 15, 8, 0, 9)
(3178, 'GCpdvk', 8, 15, 8, 0, 8)
(3179, 'GCpdv[', 8, 15, 8, 0, 9)
(3180, 'GCpdu{', 8, 15, 8, 0, 9)
(3181, 'GCpdt{', 8, 15, 8, 0, 9)
(3182, 'GCpdr{', 8, 15, 8, 0, 8)
(3183, 'GCpdv{', 8, 16, 8, 0, 11)
(3184, 'GCpbvo', 8, 14, 8, 0, 4)
(3185, 'GCpbvg', 8, 14, 8, 0, 4)
(3186, 'GCpbvW', 8, 14, 8, 0, 5)
(3187, 'GCpbvS', 8, 14, 8, 0, 6)
(3188, 'GCpbus', 8, 14, 8, 0, 7)
(3189, 'GCpbrs', 8, 14, 8, 0, 6)
(3190, 'GCpbvK', 8, 14, 8, 0, 5)
(3191, 'GCpbuk', 8, 14, 8, 0, 5)
(3192, 'GCpbu[', 8, 14, 8, 0, 6)
(3193, 'GCpbvw', 8, 15, 8, 0, 6)
(3194, 'GCpbvs', 8, 15, 8, 0, 8)
(3195, 'GCpbvk', 8, 15, 8, 0, 7)
(3196, 'GCpbv[', 8, 15, 8, 0, 8)
(3197, 'GCpbv{', 8, 16, 8, 0, 10)
(3198, 'GCpfKw', 8, 13, 8, 0, 4)
(3199, 'GCpfNo', 8, 14, 8, 0, 5)
(3200, 'GCpfNg', 8, 14, 8, 0, 5)
(3201, 'GCpfMw', 8, 14, 8, 0, 6)
(3202, 'GCpfLw', 8, 14, 8, 0, 5)
(3203, 'GCpfJw', 8, 14, 8, 0, 5)
(3204, 'GCpfMs', 8, 14, 8, 0, 7)
(3205, 'GCpfMk', 8, 14, 8, 0, 7)
(3206, 'GCpfK{', 8, 14, 8, 0, 6)
(3207, 'GCpfI{', 8, 14, 8, 0, 6)
(3208, 'GCpfNw', 8, 15, 8, 0, 7)
(3209, 'GCpfNs', 8, 15, 8, 0, 8)
(3210, 'GCpfNk', 8, 15, 8, 0, 9)
(3211, 'GCpfM{', 8, 15, 8, 0, 9)
(3212, 'GCpfL{', 8, 15, 8, 0, 8)
(3213, 'GCpfJ{', 8, 15, 8, 0, 8)
(3214, 'GCpfN{', 8, 16, 8, 0, 11)
(3215, 'GCpelW', 8, 13, 8, 0, 4)
(3216, 'GCpeno', 8, 14, 8, 0, 5)
(3217, 'GCpeng', 8, 14, 8, 0, 5)
(3218, 'GCpenW', 8, 14, 8, 0, 6)
(3219, 'GCpelw', 8, 14, 8, 0, 5)
(3220, 'GCpejw', 8, 14, 8, 0, 5)
(3221, 'GCpenS', 8, 14, 8, 0, 6)
(3222, 'GCpel[', 8, 14, 8, 0, 6)
(3223, 'GCpej[', 8, 14, 8, 0, 7)
(3224, 'GCpenw', 8, 15, 8, 0, 7)
(3225, 'GCpens', 8, 15, 8, 0, 8)
(3226, 'GCpenk', 8, 15, 8, 0, 9)
(3227, 'GCpen[', 8, 15, 8, 0, 9)
(3228, 'GCpel{', 8, 15, 8, 0, 8)
(3229, 'GCpej{', 8, 15, 8, 0, 8)
(3230, 'GCpen{', 8, 16, 8, 0, 11)
(3231, 'GCpdjo', 8, 13, 8, 0, 3)
(3232, 'GCpdnG', 8, 13, 8, 0, 4)
(3233, 'GCpdmg', 8, 13, 8, 0, 4)
(3234, 'GCpdmW', 8, 13, 8, 0, 5)
(3235, 'GCpdno', 8, 14, 8, 0, 5)
(3236, 'GCpdng', 8, 14, 8, 0, 5)
(3237, 'GCpdnW', 8, 14, 8, 0, 6)
(3238, 'GCpdnc', 8, 14, 8, 0, 6)
(3239, 'GCpdnS', 8, 14, 8, 0, 6)
(3240, 'GCpdms', 8, 14, 8, 0, 7)
(3241, 'GCpdls', 8, 14, 8, 0, 7)
(3242, 'GCpdjs', 8, 14, 8, 0, 5)
(3243, 'GCpdnK', 8, 14, 8, 0, 7)
(3244, 'GCpdmk', 8, 14, 8, 0, 7)
(3245, 'GCpdlk', 8, 14, 8, 0, 8)
(3246, 'GCpdm[', 8, 14, 8, 0, 7)
(3247, 'GCpdnw', 8, 15, 8, 0, 7)
(3248, 'GCpdns', 8, 15, 8, 0, 8)
(3249, 'GCpdnk', 8, 15, 8, 0, 9)
(3250, 'GCpdn[', 8, 15, 8, 0, 9)
(3251, 'GCpdn{', 8, 16, 8, 0, 11)
(3252, 'GCpe^o', 8, 14, 8, 0, 6)
(3253, 'GCpe^g', 8, 14, 8, 0, 6)
(3254, 'GCpe^w', 8, 15, 8, 0, 8)
(3255, 'GCpe^s', 8, 15, 8, 0, 9)
(3256, 'GCpe^k', 8, 15, 8, 0, 9)
(3257, 'GCpe^{', 8, 16, 8, 0, 12)
(3258, 'GCpfvo', 8, 15, 8, 0, 6)
(3259, 'GCpfvW', 8, 15, 8, 0, 7)
(3260, 'GCpfuw', 8, 15, 8, 0, 7)
(3261, 'GCpfrw', 8, 15, 8, 0, 6)
(3262, 'GCpfvw', 8, 16, 8, 0, 8)
(3263, 'GCpfvs', 8, 16, 8, 0, 11)
(3264, 'GCpfv[', 8, 16, 8, 0, 11)
(3265, 'GCpfu{', 8, 16, 8, 0, 11)
(3266, 'GCpfr{', 8, 16, 8, 0, 10)
(3267, 'GCpfv{', 8, 17, 8, 0, 13)
(3268, 'GCpfno', 8, 15, 8, 0, 6)
(3269, 'GCpfng', 8, 15, 8, 0, 6)
(3270, 'GCpfnW', 8, 15, 8, 0, 7)
(3271, 'GCpfmw', 8, 15, 8, 0, 7)
(3272, 'GCpflw', 8, 15, 8, 0, 6)
(3273, 'GCpfjw', 8, 15, 8, 0, 6)
(3274, 'GCpfnw', 8, 16, 8, 0, 8)
(3275, 'GCpfns', 8, 16, 8, 0, 10)
(3276, 'GCpfnk', 8, 16, 8, 0, 11)
(3277, 'GCpfn[', 8, 16, 8, 0, 11)
(3278, 'GCpfm{', 8, 16, 8, 0, 11)
(3279, 'GCpfl{', 8, 16, 8, 0, 10)
(3280, 'GCpfj{', 8, 16, 8, 0, 10)
(3281, 'GCpfn{', 8, 17, 8, 0, 13)
(3282, 'GCpf]w', 8, 15, 8, 0, 8)
(3283, 'GCpf^w', 8, 16, 8, 0, 9)
(3284, 'GCpf]{', 8, 16, 8, 0, 12)
(3285, 'GCpf^{', 8, 17, 8, 0, 14)
(3286, 'GCpf~w', 8, 17, 8, 0, 10)
(3287, 'GCpf~{', 8, 18, 8, 0, 16)
(3288, 'GCpVbo', 8, 13, 8, 0, 2)
(3289, 'GCpVfo', 8, 14, 8, 0, 4)
(3290, 'GCpVfW', 8, 14, 8, 0, 4)
(3291, 'GCpVdw', 8, 14, 8, 0, 4)
(3292, 'GCpVfc', 8, 14, 8, 0, 6)
(3293, 'GCpVfS', 8, 14, 8, 0, 6)
(3294, 'GCpVds', 8, 14, 8, 0, 6)
(3295, 'GCpVbs', 8, 14, 8, 0, 5)
(3296, 'GCpVd[', 8, 14, 8, 0, 4)
(3297, 'GCpVfw', 8, 15, 8, 0, 6)
(3298, 'GCpVfs', 8, 15, 8, 0, 8)
(3299, 'GCpVf[', 8, 15, 8, 0, 7)
(3300, 'GCpVd{', 8, 15, 8, 0, 7)
(3301, 'GCpVf{', 8, 16, 8, 0, 10)
(3302, 'GCpVV_', 8, 13, 8, 0, 3)
(3303, 'GCpVVo', 8, 14, 8, 0, 5)
(3304, 'GCpVVg', 8, 14, 8, 0, 5)
(3305, 'GCpVTw', 8, 14, 8, 0, 5)
(3306, 'GCpVVS', 8, 14, 8, 0, 8)
(3307, 'GCpVTs', 8, 14, 8, 0, 7)
(3308, 'GCpVTk', 8, 14, 8, 0, 6)
(3309, 'GCpVP{', 8, 14, 8, 0, 5)
(3310, 'GCpVVw', 8, 15, 8, 0, 7)
(3311, 'GCpVVs', 8, 15, 8, 0, 9)
(3312, 'GCpVVk', 8, 15, 8, 0, 8)
(3313, 'GCpVT{', 8, 15, 8, 0, 8)
(3314, 'GCpVV{', 8, 16, 8, 0, 11)
(3315, 'GCpVvo', 8, 15, 8, 0, 6)
(3316, 'GCpVvg', 8, 15, 8, 0, 6)
(3317, 'GCpVvW', 8, 15, 8, 0, 6)
(3318, 'GCpVvw', 8, 16, 8, 0, 8)
(3319, 'GCpVvs', 8, 16, 8, 0, 11)
(3320, 'GCpVvk', 8, 16, 8, 0, 10)
(3321, 'GCpVv[', 8, 16, 8, 0, 10)
(3322, 'GCpVv{', 8, 17, 8, 0, 13)
(3323, 'GCpV~w', 8, 17, 8, 0, 10)
(3324, 'GCpV~{', 8, 18, 8, 0, 16)
(3325, 'GCrb`o', 8, 12, 8, 0, 0)
(3326, 'GCrbf_', 8, 13, 8, 0, 1)
(3327, 'GCrbfO', 8, 13, 8, 0, 2)
(3328, 'GCrbeo', 8, 13, 8, 0, 3)
(3329, 'GCrbdo', 8, 13, 8, 0, 2)
(3330, 'GCrbbo', 8, 13, 8, 0, 1)
(3331, 'GCrbfG', 8, 13, 8, 0, 3)
(3332, 'GCrbeg', 8, 13, 8, 0, 3)
(3333, 'GCrbdg', 8, 13, 8, 0, 3)
(3334, 'GCrbdW', 8, 13, 8, 0, 3)
(3335, 'GCrbcw', 8, 13, 8, 0, 3)
(3336, 'GCrbfC', 8, 13, 8, 0, 2)
(3337, 'GCrbec', 8, 13, 8, 0, 3)
(3338, 'GCrbdc', 8, 13, 8, 0, 3)
(3339, 'GCrbeS', 8, 13, 8, 0, 3)
(3340, 'GCrbdS', 8, 13, 8, 0, 2)
(3341, 'GCrbeK', 8, 13, 8, 0, 3)
(3342, 'GCrbfo', 8, 14, 8, 0, 3)
(3343, 'GCrbfg', 8, 14, 8, 0, 4)
(3344, 'GCrbfW', 8, 14, 8, 0, 5)
(3345, 'GCrbew', 8, 14, 8, 0, 5)
(3346, 'GCrbdw', 8, 14, 8, 0, 4)
(3347, 'GCrbbw', 8, 14, 8, 0, 3)
(3348, 'GCrbfc', 8, 14, 8, 0, 4)
(3349, 'GCrbfS', 8, 14, 8, 0, 4)
(3350, 'GCrbes', 8, 14, 8, 0, 5)
(3351, 'GCrbds', 8, 14, 8, 0, 4)
(3352, 'GCrbfK', 8, 14, 8, 0, 5)
(3353, 'GCrbek', 8, 14, 8, 0, 5)
(3354, 'GCrbfw', 8, 15, 8, 0, 6)
(3355, 'GCrbfs', 8, 15, 8, 0, 6)
(3356, 'GCrbfk', 8, 15, 8, 0, 7)
(3357, 'GCrbf[', 8, 15, 8, 0, 7)
(3358, 'GCrbf{', 8, 16, 8, 0, 9)
(3359, 'GCrbV_', 8, 13, 8, 0, 2)
(3360, 'GCrbSw', 8, 13, 8, 0, 4)
(3361, 'GCrbPw', 8, 13, 8, 0, 2)
(3362, 'GCrbUc', 8, 13, 8, 0, 3)
(3363, 'GCrbTc', 8, 13, 8, 0, 3)
(3364, 'GCrbSk', 8, 13, 8, 0, 3)
(3365, 'GCrbPk', 8, 13, 8, 0, 3)
(3366, 'GCrbO{', 8, 13, 8, 0, 2)
(3367, 'GCrbVo', 8, 14, 8, 0, 4)
(3368, 'GCrbVg', 8, 14, 8, 0, 5)
(3369, 'GCrbUw', 8, 14, 8, 0, 6)
(3370, 'GCrbTw', 8, 14, 8, 0, 5)
(3371, 'GCrbRw', 8, 14, 8, 0, 4)
(3372, 'GCrbVc', 8, 14, 8, 0, 4)
(3373, 'GCrbUs', 8, 14, 8, 0, 6)
(3374, 'GCrbTs', 8, 14, 8, 0, 5)
(3375, 'GCrbRs', 8, 14, 8, 0, 5)
(3376, 'GCrbUk', 8, 14, 8, 0, 5)
(3377, 'GCrbTk', 8, 14, 8, 0, 5)
(3378, 'GCrbRk', 8, 14, 8, 0, 5)
(3379, 'GCrbS{', 8, 14, 8, 0, 5)
(3380, 'GCrbQ{', 8, 14, 8, 0, 5)
(3381, 'GCrbP{', 8, 14, 8, 0, 4)
(3382, 'GCrbVw', 8, 15, 8, 0, 7)
(3383, 'GCrbVs', 8, 15, 8, 0, 7)
(3384, 'GCrbVk', 8, 15, 8, 0, 7)
(3385, 'GCrbU{', 8, 15, 8, 0, 8)
(3386, 'GCrbT{', 8, 15, 8, 0, 7)
(3387, 'GCrbR{', 8, 15, 8, 0, 7)
(3388, 'GCrbV{', 8, 16, 8, 0, 10)
(3389, 'GCrffo', 8, 15, 8, 0, 4)
(3390, 'GCrffg', 8, 15, 8, 0, 5)
(3391, 'GCrffW', 8, 15, 8, 0, 6)
(3392, 'GCrfew', 8, 15, 8, 0, 6)
(3393, 'GCrfdw', 8, 15, 8, 0, 5)
(3394, 'GCrfbw', 8, 15, 8, 0, 4)
(3395, 'GCrffS', 8, 15, 8, 0, 6)
(3396, 'GCrfds', 8, 15, 8, 0, 6)
(3397, 'GCrffK', 8, 15, 8, 0, 7)
(3398, 'GCrffw', 8, 16, 8, 0, 7)
(3399, 'GCrffs', 8, 16, 8, 0, 8)
(3400, 'GCrffk', 8, 16, 8, 0, 9)
(3401, 'GCrff[', 8, 16, 8, 0, 9)
(3402, 'GCrff{', 8, 17, 8, 0, 11)
(3403, 'GCrfVo', 8, 15, 8, 0, 5)
(3404, 'GCrfVg', 8, 15, 8, 0, 6)
(3405, 'GCrfUw', 8, 15, 8, 0, 7)
(3406, 'GCrfTw', 8, 15, 8, 0, 6)
(3407, 'GCrfRw', 8, 15, 8, 0, 5)
(3408, 'GCrfQ{', 8, 15, 8, 0, 6)
(3409, 'GCrfVw', 8, 16, 8, 0, 8)
(3410, 'GCrfVs', 8, 16, 8, 0, 9)
(3411, 'GCrfVk', 8, 16, 8, 0, 9)
(3412, 'GCrfU{', 8, 16, 8, 0, 10)
(3413, 'GCrfT{', 8, 16, 8, 0, 9)
(3414, 'GCrfR{', 8, 16, 8, 0, 8)
(3415, 'GCrfV{', 8, 17, 8, 0, 12)
(3416, 'GCrerw', 8, 15, 8, 0, 6)
(3417, 'GCrevc', 8, 15, 8, 0, 7)
(3418, 'GCrevS', 8, 15, 8, 0, 8)
(3419, 'GCrets', 8, 15, 8, 0, 8)
(3420, 'GCrevK', 8, 15, 8, 0, 8)
(3421, 'GCretk', 8, 15, 8, 0, 8)
(3422, 'GCret[', 8, 15, 8, 0, 8)
(3423, 'GCrer[', 8, 15, 8, 0, 8)
(3424, 'GCrevw', 8, 16, 8, 0, 9)
(3425, 'GCrevs', 8, 16, 8, 0, 10)
(3426, 'GCrevk', 8, 16, 8, 0, 10)
(3427, 'GCrev[', 8, 16, 8, 0, 11)
(3428, 'GCret{', 8, 16, 8, 0, 10)
(3429, 'GCrer{', 8, 16, 8, 0, 9)
(3430, 'GCrev{', 8, 17, 8, 0, 13)
(3431, 'GCrdvo', 8, 15, 8, 0, 5)
(3432, 'GCrdvg', 8, 15, 8, 0, 6)
(3433, 'GCrdvW', 8, 15, 8, 0, 7)
(3434, 'GCrduw', 8, 15, 8, 0, 7)
(3435, 'GCrdtw', 8, 15, 8, 0, 6)
(3436, 'GCrdrw', 8, 15, 8, 0, 5)
(3437, 'GCrdvS', 8, 15, 8, 0, 7)
(3438, 'GCrdts', 8, 15, 8, 0, 8)
(3439, 'GCrdrs', 8, 15, 8, 0, 6)
(3440, 'GCrdrk', 8, 15, 8, 0, 6)
(3441, 'GCrdt[', 8, 15, 8, 0, 8)
(3442, 'GCrdr[', 8, 15, 8, 0, 7)
(3443, 'GCrdq{', 8, 15, 8, 0, 6)
(3444, 'GCrdvw', 8, 16, 8, 0, 8)
(3445, 'GCrdvs', 8, 16, 8, 0, 9)
(3446, 'GCrdvk', 8, 16, 8, 0, 9)
(3447, 'GCrdv[', 8, 16, 8, 0, 10)
(3448, 'GCrdu{', 8, 16, 8, 0, 10)
(3449, 'GCrdt{', 8, 16, 8, 0, 10)
(3450, 'GCrdr{', 8, 16, 8, 0, 8)
(3451, 'GCrdv{', 8, 17, 8, 0, 12)
(3452, 'GCrbv_', 8, 14, 8, 0, 2)
(3453, 'GCrbuW', 8, 14, 8, 0, 5)
(3454, 'GCrbvo', 8, 15, 8, 0, 4)
(3455, 'GCrbvg', 8, 15, 8, 0, 5)
(3456, 'GCrbvW', 8, 15, 8, 0, 6)
(3457, 'GCrbvS', 8, 15, 8, 0, 6)
(3458, 'GCrbus', 8, 15, 8, 0, 7)
(3459, 'GCrbrs', 8, 15, 8, 0, 6)
(3460, 'GCrbu[', 8, 15, 8, 0, 7)
(3461, 'GCrbvw', 8, 16, 8, 0, 7)
(3462, 'GCrbvs', 8, 16, 8, 0, 8)
(3463, 'GCrbvk', 8, 16, 8, 0, 8)
(3464, 'GCrbv[', 8, 16, 8, 0, 9)
(3465, 'GCrbv{', 8, 17, 8, 0, 11)
(3466, 'GCre\\s', 8, 15, 8, 0, 8)
(3467, 'GCre^w', 8, 16, 8, 0, 10)
(3468, 'GCre^s', 8, 16, 8, 0, 10)
(3469, 'GCre^k', 8, 16, 8, 0, 11)
(3470, 'GCre^{', 8, 17, 8, 0, 14)
(3471, 'GCrfrw', 8, 16, 8, 0, 6)
(3472, 'GCrfvw', 8, 17, 8, 0, 9)
(3473, 'GCrfvs', 8, 17, 8, 0, 11)
(3474, 'GCrfv[', 8, 17, 8, 0, 12)
(3475, 'GCrfu{', 8, 17, 8, 0, 12)
(3476, 'GCrfr{', 8, 17, 8, 0, 10)
(3477, 'GCrfv{', 8, 18, 8, 0, 14)
(3478, 'GCrfnw', 8, 17, 8, 0, 10)
(3479, 'GCrfns', 8, 17, 8, 0, 11)
(3480, 'GCrfnk', 8, 17, 8, 0, 13)
(3481, 'GCrfn[', 8, 17, 8, 0, 13)
(3482, 'GCrfm{', 8, 17, 8, 0, 13)
(3483, 'GCrfl{', 8, 17, 8, 0, 12)
(3484, 'GCrfj{', 8, 17, 8, 0, 11)
(3485, 'GCrfn{', 8, 18, 8, 0, 15)
(3486, 'GCrf^w', 8, 17, 8, 0, 11)
(3487, 'GCrf]{', 8, 17, 8, 0, 14)
(3488, 'GCrf^{', 8, 18, 8, 0, 16)
(3489, 'GCrf~w', 8, 18, 8, 0, 12)
(3490, 'GCrf~{', 8, 19, 8, 0, 18)
(3491, 'GCrRV_', 8, 13, 8, 0, 3)
(3492, 'GCrRRo', 8, 13, 8, 0, 3)
(3493, 'GCrRVG', 8, 13, 8, 0, 4)
(3494, 'GCrRVC', 8, 13, 8, 0, 4)
(3495, 'GCrRTc', 8, 13, 8, 0, 4)
(3496, 'GCrRRc', 8, 13, 8, 0, 4)
(3497, 'GCrRTK', 8, 13, 8, 0, 4)
(3498, 'GCrRVo', 8, 14, 8, 0, 5)
(3499, 'GCrRVg', 8, 14, 8, 0, 6)
(3500, 'GCrRVW', 8, 14, 8, 0, 6)
(3501, 'GCrRVc', 8, 14, 8, 0, 5)
(3502, 'GCrRVS', 8, 14, 8, 0, 7)
(3503, 'GCrRTs', 8, 14, 8, 0, 6)
(3504, 'GCrRRs', 8, 14, 8, 0, 6)
(3505, 'GCrRVK', 8, 14, 8, 0, 6)
(3506, 'GCrRTk', 8, 14, 8, 0, 6)
(3507, 'GCrRVw', 8, 15, 8, 0, 8)
(3508, 'GCrRVs', 8, 15, 8, 0, 8)
(3509, 'GCrRVk', 8, 15, 8, 0, 8)
(3510, 'GCrRV[', 8, 15, 8, 0, 9)
(3511, 'GCrRV{', 8, 16, 8, 0, 11)
(3512, 'GCrRv_', 8, 14, 8, 0, 3)
(3513, 'GCrRvo', 8, 15, 8, 0, 5)
(3514, 'GCrRvg', 8, 15, 8, 0, 6)
(3515, 'GCrRvW', 8, 15, 8, 0, 6)
(3516, 'GCrRrs', 8, 15, 8, 0, 7)
(3517, 'GCrRvw', 8, 16, 8, 0, 8)
(3518, 'GCrRvs', 8, 16, 8, 0, 9)
(3519, 'GCrRvk', 8, 16, 8, 0, 9)
(3520, 'GCrRv[', 8, 16, 8, 0, 9)
(3521, 'GCrRv{', 8, 17, 8, 0, 12)
(3522, 'GCrVNg', 8, 15, 8, 0, 7)
(3523, 'GCrVNW', 8, 15, 8, 0, 7)
(3524, 'GCrVLw', 8, 15, 8, 0, 7)
(3525, 'GCrVJw', 8, 15, 8, 0, 6)
(3526, 'GCrVJs', 8, 15, 8, 0, 6)
(3527, 'GCrVL[', 8, 15, 8, 0, 8)
(3528, 'GCrVNw', 8, 16, 8, 0, 9)
(3529, 'GCrVNs', 8, 16, 8, 0, 9)
(3530, 'GCrVNk', 8, 16, 8, 0, 11)
(3531, 'GCrVN[', 8, 16, 8, 0, 11)
(3532, 'GCrVL{', 8, 16, 8, 0, 10)
(3533, 'GCrVJ{', 8, 16, 8, 0, 9)
(3534, 'GCrVN{', 8, 17, 8, 0, 13)
(3535, 'GCrVrw', 8, 16, 8, 0, 7)
(3536, 'GCrVvw', 8, 17, 8, 0, 10)
(3537, 'GCrVvs', 8, 17, 8, 0, 12)
(3538, 'GCrVr{', 8, 17, 8, 0, 11)
(3539, 'GCrVv{', 8, 18, 8, 0, 15)
(3540, 'GCrVnw', 8, 17, 8, 0, 11)
(3541, 'GCrVns', 8, 17, 8, 0, 12)
(3542, 'GCrVnk', 8, 17, 8, 0, 14)
(3543, 'GCrVn[', 8, 17, 8, 0, 13)
(3544, 'GCrVl{', 8, 17, 8, 0, 13)
(3545, 'GCrVj{', 8, 17, 8, 0, 12)
(3546, 'GCrVn{', 8, 18, 8, 0, 16)
(3547, 'GCrV^w', 8, 17, 8, 0, 11)
(3548, 'GCrV^s', 8, 17, 8, 0, 12)
(3549, 'GCrV^[', 8, 17, 8, 0, 14)
(3550, 'GCrV^{', 8, 18, 8, 0, 16)
(3551, 'GCrV~w', 8, 18, 8, 0, 13)
(3552, 'GCrV~{', 8, 19, 8, 0, 19)
(3553, 'GCpvbo', 8, 14, 8, 0, 2)
(3554, 'GCpveg', 8, 14, 8, 0, 4)
(3555, 'GCpveW', 8, 14, 8, 0, 4)
(3556, 'GCpvdW', 8, 14, 8, 0, 3)
(3557, 'GCpvaw', 8, 14, 8, 0, 4)
(3558, 'GCpvfo', 8, 15, 8, 0, 4)
(3559, 'GCpvfg', 8, 15, 8, 0, 5)
(3560, 'GCpvfW', 8, 15, 8, 0, 5)
(3561, 'GCpvew', 8, 15, 8, 0, 6)
(3562, 'GCpvdw', 8, 15, 8, 0, 5)
(3563, 'GCpvbw', 8, 15, 8, 0, 5)
(3564, 'GCpvfc', 8, 15, 8, 0, 6)
(3565, 'GCpvfS', 8, 15, 8, 0, 6)
(3566, 'GCpves', 8, 15, 8, 0, 7)
(3567, 'GCpvds', 8, 15, 8, 0, 6)
(3568, 'GCpvbs', 8, 15, 8, 0, 5)
(3569, 'GCpve[', 8, 15, 8, 0, 6)
(3570, 'GCpvc{', 8, 15, 8, 0, 6)
(3571, 'GCpvfw', 8, 16, 8, 0, 7)
(3572, 'GCpvfs', 8, 16, 8, 0, 8)
(3573, 'GCpvfk', 8, 16, 8, 0, 9)
(3574, 'GCpvf[', 8, 16, 8, 0, 8)
(3575, 'GCpve{', 8, 16, 8, 0, 9)
(3576, 'GCpvd{', 8, 16, 8, 0, 8)
(3577, 'GCpvb{', 8, 16, 8, 0, 8)
(3578, 'GCpvf{', 8, 17, 8, 0, 11)
(3579, 'GCpvV_', 8, 14, 8, 0, 3)
(3580, 'GCpvVG', 8, 14, 8, 0, 4)
(3581, 'GCpvUg', 8, 14, 8, 0, 5)
(3582, 'GCpvTW', 8, 14, 8, 0, 4)
(3583, 'GCpvSw', 8, 14, 8, 0, 5)
(3584, 'GCpvPw', 8, 14, 8, 0, 4)
(3585, 'GCpvVo', 8, 15, 8, 0, 5)
(3586, 'GCpvVg', 8, 15, 8, 0, 6)
(3587, 'GCpvVW', 8, 15, 8, 0, 6)
(3588, 'GCpvUw', 8, 15, 8, 0, 7)
(3589, 'GCpvTw', 8, 15, 8, 0, 6)
(3590, 'GCpvRw', 8, 15, 8, 0, 6)
(3591, 'GCpvVS', 8, 15, 8, 0, 8)
(3592, 'GCpvUs', 8, 15, 8, 0, 8)
(3593, 'GCpvTs', 8, 15, 8, 0, 7)
(3594, 'GCpvVw', 8, 16, 8, 0, 8)
(3595, 'GCpvVs', 8, 16, 8, 0, 9)
(3596, 'GCpvVk', 8, 16, 8, 0, 9)
(3597, 'GCpvV[', 8, 16, 8, 0, 10)
(3598, 'GCpvU{', 8, 16, 8, 0, 10)
(3599, 'GCpvT{', 8, 16, 8, 0, 9)
(3600, 'GCpvR{', 8, 16, 8, 0, 9)
(3601, 'GCpvV{', 8, 17, 8, 0, 12)
(3602, 'GCpuvG', 8, 14, 8, 0, 5)
(3603, 'GCputW', 8, 14, 8, 0, 5)
(3604, 'GCpuvo', 8, 15, 8, 0, 6)
(3605, 'GCpuvg', 8, 15, 8, 0, 7)
(3606, 'GCpuvW', 8, 15, 8, 0, 7)
(3607, 'GCpuvw', 8, 16, 8, 0, 9)
(3608, 'GCpuvs', 8, 16, 8, 0, 10)
(3609, 'GCpuvk', 8, 16, 8, 0, 10)
(3610, 'GCpuv[', 8, 16, 8, 0, 10)
(3611, 'GCpuv{', 8, 17, 8, 0, 13)
(3612, 'GCpuno', 8, 15, 8, 0, 6)
(3613, 'GCpunW', 8, 15, 8, 0, 7)
(3614, 'GCpulw', 8, 15, 8, 0, 7)
(3615, 'GCpujw', 8, 15, 8, 0, 7)
(3616, 'GCpunc', 8, 15, 8, 0, 7)
(3617, 'GCpunS', 8, 15, 8, 0, 7)
(3618, 'GCpuls', 8, 15, 8, 0, 7)
(3619, 'GCpujs', 8, 15, 8, 0, 6)
(3620, 'GCpunw', 8, 16, 8, 0, 9)
(3621, 'GCpuns', 8, 16, 8, 0, 9)
(3622, 'GCpunk', 8, 16, 8, 0, 11)
(3623, 'GCpun[', 8, 16, 8, 0, 10)
(3624, 'GCpul{', 8, 16, 8, 0, 10)
(3625, 'GCpuj{', 8, 16, 8, 0, 10)
(3626, 'GCpun{', 8, 17, 8, 0, 13)
(3627, 'GCprno', 8, 15, 8, 0, 6)
(3628, 'GCprng', 8, 15, 8, 0, 7)
(3629, 'GCprnW', 8, 15, 8, 0, 7)
(3630, 'GCprmw', 8, 15, 8, 0, 8)
(3631, 'GCprmk', 8, 15, 8, 0, 9)
(3632, 'GCprjk', 8, 15, 8, 0, 10)
(3633, 'GCprnw', 8, 16, 8, 0, 9)
(3634, 'GCprnk', 8, 16, 8, 0, 11)
(3635, 'GCprn[', 8, 16, 8, 0, 10)
(3636, 'GCprm{', 8, 16, 8, 0, 11)
(3637, 'GCprn{', 8, 17, 8, 0, 13)
(3638, 'GCpvvo', 8, 16, 8, 0, 6)
(3639, 'GCpvvw', 8, 17, 8, 0, 9)
(3640, 'GCpvvs', 8, 17, 8, 0, 11)
(3641, 'GCpvv{', 8, 18, 8, 0, 14)
(3642, 'GCpvno', 8, 16, 8, 0, 7)
(3643, 'GCpvnw', 8, 17, 8, 0, 10)
(3644, 'GCpvns', 8, 17, 8, 0, 11)
(3645, 'GCpvnk', 8, 17, 8, 0, 13)
(3646, 'GCpvn[', 8, 17, 8, 0, 12)
(3647, 'GCpvm{', 8, 17, 8, 0, 13)
(3648, 'GCpvl{', 8, 17, 8, 0, 12)
(3649, 'GCpvj{', 8, 17, 8, 0, 12)
(3650, 'GCpvn{', 8, 18, 8, 0, 15)
(3651, 'GCpv^o', 8, 16, 8, 0, 7)
(3652, 'GCpv^w', 8, 17, 8, 0, 10)
(3653, 'GCpv^s', 8, 17, 8, 0, 11)
(3654, 'GCpv^[', 8, 17, 8, 0, 13)
(3655, 'GCpv]{', 8, 17, 8, 0, 13)
(3656, 'GCpv\\{', 8, 17, 8, 0, 12)
(3657, 'GCpv^{', 8, 18, 8, 0, 15)
(3658, 'GCpu~o', 8, 16, 8, 0, 8)
(3659, 'GCpu~w', 8, 17, 8, 0, 11)
(3660, 'GCpu~s', 8, 17, 8, 0, 12)
(3661, 'GCpu~{', 8, 18, 8, 0, 16)
(3662, 'GCpv~w', 8, 18, 8, 0, 12)
(3663, 'GCpv~{', 8, 19, 8, 0, 18)
(3664, 'GCrJf_', 8, 13, 8, 0, 3)
(3665, 'GCrJfO', 8, 13, 8, 0, 4)
(3666, 'GCrJdo', 8, 13, 8, 0, 4)
(3667, 'GCrJdW', 8, 13, 8, 0, 5)
(3668, 'GCrJfC', 8, 13, 8, 0, 4)
(3669, 'GCrJdc', 8, 13, 8, 0, 5)
(3670, 'GCrJdS', 8, 13, 8, 0, 4)
(3671, 'GCrJ`s', 8, 13, 8, 0, 4)
(3672, 'GCrJ`[', 8, 13, 8, 0, 4)
(3673, 'GCrJfo', 8, 14, 8, 0, 5)
(3674, 'GCrJfW', 8, 14, 8, 0, 7)
(3675, 'GCrJdw', 8, 14, 8, 0, 6)
(3676, 'GCrJbw', 8, 14, 8, 0, 5)
(3677, 'GCrJfc', 8, 14, 8, 0, 6)
(3678, 'GCrJfS', 8, 14, 8, 0, 6)
(3679, 'GCrJds', 8, 14, 8, 0, 6)
(3680, 'GCrJbs', 8, 14, 8, 0, 6)
(3681, 'GCrJd[', 8, 14, 8, 0, 6)
(3682, 'GCrJb[', 8, 14, 8, 0, 7)
(3683, 'GCrJ`{', 8, 14, 8, 0, 5)
(3684, 'GCrJfw', 8, 15, 8, 0, 8)
(3685, 'GCrJfs', 8, 15, 8, 0, 8)
(3686, 'GCrJf[', 8, 15, 8, 0, 9)
(3687, 'GCrJd{', 8, 15, 8, 0, 8)
(3688, 'GCrJb{', 8, 15, 8, 0, 8)
(3689, 'GCrJf{', 8, 16, 8, 0, 11)
(3690, 'GCrJvg', 8, 15, 8, 0, 6)
(3691, 'GCrJvW', 8, 15, 8, 0, 8)
(3692, 'GCrJtw', 8, 15, 8, 0, 7)
(3693, 'GCrJrs', 8, 15, 8, 0, 8)
(3694, 'GCrJvK', 8, 15, 8, 0, 7)
(3695, 'GCrJtk', 8, 15, 8, 0, 7)
(3696, 'GCrJrk', 8, 15, 8, 0, 7)
(3697, 'GCrJvw', 8, 16, 8, 0, 9)
(3698, 'GCrJvs', 8, 16, 8, 0, 10)
(3699, 'GCrJvk', 8, 16, 8, 0, 9)
(3700, 'GCrJv[', 8, 16, 8, 0, 11)
(3701, 'GCrJt{', 8, 16, 8, 0, 10)
(3702, 'GCrJr{', 8, 16, 8, 0, 10)
(3703, 'GCrJv{', 8, 17, 8, 0, 13)
(3704, 'GCrL^o', 8, 15, 8, 0, 8)
(3705, 'GCrL\\w', 8, 15, 8, 0, 9)
(3706, 'GCrLZw', 8, 15, 8, 0, 8)
(3707, 'GCrL^w', 8, 16, 8, 0, 11)
(3708, 'GCrL^s', 8, 16, 8, 0, 11)
(3709, 'GCrL\\{', 8, 16, 8, 0, 13)
(3710, 'GCrL^{', 8, 17, 8, 0, 15)
(3711, 'GCrH~o', 8, 15, 8, 0, 6)
(3712, 'GCrH~W', 8, 15, 8, 0, 8)
(3713, 'GCrH|w', 8, 15, 8, 0, 7)
(3714, 'GCrHzw', 8, 15, 8, 0, 6)
(3715, 'GCrHzs', 8, 15, 8, 0, 7)
(3716, 'GCrHx{', 8, 15, 8, 0, 8)
(3717, 'GCrH~w', 8, 16, 8, 0, 9)
(3718, 'GCrH~s', 8, 16, 8, 0, 9)
(3719, 'GCrH~[', 8, 16, 8, 0, 11)
(3720, 'GCrH|{', 8, 16, 8, 0, 11)
(3721, 'GCrHz{', 8, 16, 8, 0, 10)
(3722, 'GCrH~{', 8, 17, 8, 0, 13)
(3723, 'GCrNvw', 8, 17, 8, 0, 11)
(3724, 'GCrNvs', 8, 17, 8, 0, 13)
(3725, 'GCrNvk', 8, 17, 8, 0, 12)
(3726, 'GCrNv[', 8, 17, 8, 0, 14)
(3727, 'GCrNt{', 8, 17, 8, 0, 13)
(3728, 'GCrNr{', 8, 17, 8, 0, 12)
(3729, 'GCrNv{', 8, 18, 8, 0, 16)
(3730, 'GCrN^w', 8, 17, 8, 0, 13)
(3731, 'GCrN^{', 8, 18, 8, 0, 18)
(3732, 'GCrL~w', 8, 17, 8, 0, 12)
(3733, 'GCrL~[', 8, 17, 8, 0, 15)
(3734, 'GCrL|{', 8, 17, 8, 0, 15)
(3735, 'GCrL~{', 8, 18, 8, 0, 17)
(3736, 'GCrJ~w', 8, 17, 8, 0, 11)
(3737, 'GCrJ~[', 8, 17, 8, 0, 14)
(3738, 'GCrJ|{', 8, 17, 8, 0, 13)
(3739, 'GCrJz{', 8, 17, 8, 0, 13)
(3740, 'GCrJ~{', 8, 18, 8, 0, 16)
(3741, 'GCrN~w', 8, 18, 8, 0, 14)
(3742, 'GCrN~{', 8, 19, 8, 0, 20)
(3743, 'GCqjeo', 8, 13, 8, 0, 4)
(3744, 'GCqjfC', 8, 13, 8, 0, 3)
(3745, 'GCqjec', 8, 13, 8, 0, 4)
(3746, 'GCqjbc', 8, 13, 8, 0, 4)
(3747, 'GCqjeS', 8, 13, 8, 0, 4)
(3748, 'GCqjdS', 8, 13, 8, 0, 3)
(3749, 'GCqjc[', 8, 13, 8, 0, 4)
(3750, 'GCqjfo', 8, 14, 8, 0, 4)
(3751, 'GCqjfW', 8, 14, 8, 0, 6)
(3752, 'GCqjfc', 8, 14, 8, 0, 5)
(3753, 'GCqjfS', 8, 14, 8, 0, 5)
(3754, 'GCqjes', 8, 14, 8, 0, 6)
(3755, 'GCqje[', 8, 14, 8, 0, 6)
(3756, 'GCqjfw', 8, 15, 8, 0, 7)
(3757, 'GCqjfs', 8, 15, 8, 0, 7)
(3758, 'GCqjf[', 8, 15, 8, 0, 8)
(3759, 'GCqjf{', 8, 16, 8, 0, 10)
(3760, 'GCqnfo', 8, 15, 8, 0, 5)
(3761, 'GCqnfW', 8, 15, 8, 0, 7)
(3762, 'GCqnew', 8, 15, 8, 0, 7)
(3763, 'GCqnbw', 8, 15, 8, 0, 5)
(3764, 'GCqnfc', 8, 15, 8, 0, 7)
(3765, 'GCqnfS', 8, 15, 8, 0, 7)
(3766, 'GCqnbs', 8, 15, 8, 0, 6)
(3767, 'GCqnb[', 8, 15, 8, 0, 7)
(3768, 'GCqna{', 8, 15, 8, 0, 6)
(3769, 'GCqnfw', 8, 16, 8, 0, 8)
(3770, 'GCqnfs', 8, 16, 8, 0, 9)
(3771, 'GCqnf[', 8, 16, 8, 0, 10)
(3772, 'GCqne{', 8, 16, 8, 0, 10)
(3773, 'GCqnb{', 8, 16, 8, 0, 8)
(3774, 'GCqnf{', 8, 17, 8, 0, 12)
(3775, 'GCqnvw', 8, 17, 8, 0, 10)
(3776, 'GCqnvs', 8, 17, 8, 0, 12)
(3777, 'GCqnvk', 8, 17, 8, 0, 11)
(3778, 'GCqnv[', 8, 17, 8, 0, 13)
(3779, 'GCqnu{', 8, 17, 8, 0, 13)
(3780, 'GCqnv{', 8, 18, 8, 0, 15)
(3781, 'GCqn^w', 8, 17, 8, 0, 12)
(3782, 'GCqn]{', 8, 17, 8, 0, 15)
(3783, 'GCqn^{', 8, 18, 8, 0, 17)
(3784, 'GCqn~w', 8, 18, 8, 0, 13)
(3785, 'GCqn~{', 8, 19, 8, 0, 19)
(3786, 'GCrvfo', 8, 16, 8, 0, 5)
(3787, 'GCrvdw', 8, 16, 8, 0, 7)
(3788, 'GCrvbw', 8, 16, 8, 0, 6)
(3789, 'GCrvbk', 8, 16, 8, 0, 8)
(3790, 'GCrve[', 8, 16, 8, 0, 8)
(3791, 'GCrvd[', 8, 16, 8, 0, 7)
(3792, 'GCrvb[', 8, 16, 8, 0, 7)
(3793, 'GCrvc{', 8, 16, 8, 0, 8)
(3794, 'GCrva{', 8, 16, 8, 0, 7)
(3795, 'GCrv`{', 8, 16, 8, 0, 6)
(3796, 'GCrvfw', 8, 17, 8, 0, 9)
(3797, 'GCrvfk', 8, 17, 8, 0, 11)
(3798, 'GCrvf[', 8, 17, 8, 0, 10)
(3799, 'GCrve{', 8, 17, 8, 0, 11)
(3800, 'GCrvd{', 8, 17, 8, 0, 10)
(3801, 'GCrvb{', 8, 17, 8, 0, 9)
(3802, 'GCrvf{', 8, 18, 8, 0, 13)
(3803, 'GCrvVo', 8, 16, 8, 0, 6)
(3804, 'GCrvUw', 8, 16, 8, 0, 9)
(3805, 'GCrvTs', 8, 16, 8, 0, 8)
(3806, 'GCrvRs', 8, 16, 8, 0, 7)
(3807, 'GCrvVK', 8, 16, 8, 0, 9)
(3808, 'GCrvUk', 8, 16, 8, 0, 9)
(3809, 'GCrvRk', 8, 16, 8, 0, 8)
(3810, 'GCrvU[', 8, 16, 8, 0, 10)
(3811, 'GCrvT[', 8, 16, 8, 0, 9)
(3812, 'GCrvR[', 8, 16, 8, 0, 9)
(3813, 'GCrvS{', 8, 16, 8, 0, 9)
(3814, 'GCrvQ{', 8, 16, 8, 0, 8)
(3815, 'GCrvP{', 8, 16, 8, 0, 7)
(3816, 'GCrvVw', 8, 17, 8, 0, 10)
(3817, 'GCrvVs', 8, 17, 8, 0, 10)
(3818, 'GCrvVk', 8, 17, 8, 0, 11)
(3819, 'GCrvV[', 8, 17, 8, 0, 12)
(3820, 'GCrvU{', 8, 17, 8, 0, 12)
(3821, 'GCrvT{', 8, 17, 8, 0, 11)
(3822, 'GCrvR{', 8, 17, 8, 0, 10)
(3823, 'GCrvV{', 8, 18, 8, 0, 14)
(3824, 'GCruvo', 8, 16, 8, 0, 7)
(3825, 'GCruvg', 8, 16, 8, 0, 9)
(3826, 'GCruvW', 8, 16, 8, 0, 9)
(3827, 'GCrutw', 8, 16, 8, 0, 9)
(3828, 'GCrurw', 8, 16, 8, 0, 8)
(3829, 'GCruts', 8, 16, 8, 0, 9)
(3830, 'GCrurs', 8, 16, 8, 0, 8)
(3831, 'GCruvK', 8, 16, 8, 0, 9)
(3832, 'GCrurk', 8, 16, 8, 0, 9)
(3833, 'GCrur[', 8, 16, 8, 0, 9)
(3834, 'GCrup{', 8, 16, 8, 0, 8)
(3835, 'GCruvw', 8, 17, 8, 0, 11)
(3836, 'GCruvs', 8, 17, 8, 0, 11)
(3837, 'GCruvk', 8, 17, 8, 0, 12)
(3838, 'GCruv[', 8, 17, 8, 0, 12)
(3839, 'GCrut{', 8, 17, 8, 0, 12)
(3840, 'GCrur{', 8, 17, 8, 0, 11)
(3841, 'GCruv{', 8, 18, 8, 0, 15)
(3842, 'GCrtvg', 8, 16, 8, 0, 8)
(3843, 'GCrtrw', 8, 16, 8, 0, 7)
(3844, 'GCrtts', 8, 16, 8, 0, 9)
(3845, 'GCrtrs', 8, 16, 8, 0, 7)
(3846, 'GCrtvK', 8, 16, 8, 0, 8)
(3847, 'GCrtuk', 8, 16, 8, 0, 9)
(3848, 'GCrtrk', 8, 16, 8, 0, 8)
(3849, 'GCrtu[', 8, 16, 8, 0, 9)
(3850, 'GCrtt[', 8, 16, 8, 0, 9)
(3851, 'GCrtr[', 8, 16, 8, 0, 8)
(3852, 'GCrts{', 8, 16, 8, 0, 10)
(3853, 'GCrtq{', 8, 16, 8, 0, 8)
(3854, 'GCrtp{', 8, 16, 8, 0, 8)
(3855, 'GCrtvw', 8, 17, 8, 0, 10)
(3856, 'GCrtvs', 8, 17, 8, 0, 10)
(3857, 'GCrtvk', 8, 17, 8, 0, 11)
(3858, 'GCrtv[', 8, 17, 8, 0, 11)
(3859, 'GCrtu{', 8, 17, 8, 0, 12)
(3860, 'GCrtt{', 8, 17, 8, 0, 12)
(3861, 'GCrtr{', 8, 17, 8, 0, 10)
(3862, 'GCrtv{', 8, 18, 8, 0, 14)
(3863, 'GCrrvo', 8, 16, 8, 0, 5)
(3864, 'GCrrvg', 8, 16, 8, 0, 7)
(3865, 'GCrrvK', 8, 16, 8, 0, 7)
(3866, 'GCrruk', 8, 16, 8, 0, 8)
(3867, 'GCrrtk', 8, 16, 8, 0, 8)
(3868, 'GCrrrk', 8, 16, 8, 0, 8)
(3869, 'GCrru[', 8, 16, 8, 0, 8)
(3870, 'GCrrt[', 8, 16, 8, 0, 7)
(3871, 'GCrrvw', 8, 17, 8, 0, 9)
(3872, 'GCrrvk', 8, 17, 8, 0, 10)
(3873, 'GCrrv[', 8, 17, 8, 0, 10)
(3874, 'GCrru{', 8, 17, 8, 0, 11)
(3875, 'GCrrv{', 8, 18, 8, 0, 13)
(3876, 'GCrvrw', 8, 17, 8, 0, 8)
(3877, 'GCrvvw', 8, 18, 8, 0, 11)
(3878, 'GCrvvs', 8, 18, 8, 0, 12)
(3879, 'GCrvr{', 8, 18, 8, 0, 12)
(3880, 'GCrvv{', 8, 19, 8, 0, 16)
(3881, 'GCrvnw', 8, 18, 8, 0, 13)
(3882, 'GCrvnk', 8, 18, 8, 0, 16)
(3883, 'GCrvm{', 8, 18, 8, 0, 16)
(3884, 'GCrvj{', 8, 18, 8, 0, 14)
(3885, 'GCrvn{', 8, 19, 8, 0, 18)
(3886, 'GCru~w', 8, 18, 8, 0, 14)
(3887, 'GCru~s', 8, 18, 8, 0, 14)
(3888, 'GCru~{', 8, 19, 8, 0, 19)
(3889, 'GCrr}{', 8, 18, 8, 0, 15)
(3890, 'GCrr~{', 8, 19, 8, 0, 17)
(3891, 'GCrnRw', 8, 16, 8, 0, 8)
(3892, 'GCrnUk', 8, 16, 8, 0, 9)
(3893, 'GCrnRk', 8, 16, 8, 0, 8)
(3894, 'GCrnQ{', 8, 16, 8, 0, 9)
(3895, 'GCrnP{', 8, 16, 8, 0, 8)
(3896, 'GCrnVw', 8, 17, 8, 0, 11)
(3897, 'GCrnVk', 8, 17, 8, 0, 11)
(3898, 'GCrnU{', 8, 17, 8, 0, 13)
(3899, 'GCrnT{', 8, 17, 8, 0, 12)
(3900, 'GCrnR{', 8, 17, 8, 0, 11)
(3901, 'GCrnV{', 8, 18, 8, 0, 15)
(3902, 'GCrmvW', 8, 16, 8, 0, 11)
(3903, 'GCrmtw', 8, 16, 8, 0, 10)
(3904, 'GCrmvS', 8, 16, 8, 0, 10)
(3905, 'GCrmrs', 8, 16, 8, 0, 9)
(3906, 'GCrmvK', 8, 16, 8, 0, 10)
(3907, 'GCrmrk', 8, 16, 8, 0, 9)
(3908, 'GCrmt[', 8, 16, 8, 0, 11)
(3909, 'GCrmvw', 8, 17, 8, 0, 12)
(3910, 'GCrmvs', 8, 17, 8, 0, 12)
(3911, 'GCrmvk', 8, 17, 8, 0, 12)
(3912, 'GCrmv[', 8, 17, 8, 0, 14)
(3913, 'GCrmt{', 8, 17, 8, 0, 13)
(3914, 'GCrmr{', 8, 17, 8, 0, 12)
(3915, 'GCrmv{', 8, 18, 8, 0, 16)
(3916, 'GCrlvg', 8, 16, 8, 0, 8)
(3917, 'GCrlvW', 8, 16, 8, 0, 10)
(3918, 'GCrluw', 8, 16, 8, 0, 10)
(3919, 'GCrltw', 8, 16, 8, 0, 9)
(3920, 'GCrlrk', 8, 16, 8, 0, 8)
(3921, 'GCrlvw', 8, 17, 8, 0, 11)
(3922, 'GCrlvk', 8, 17, 8, 0, 11)
(3923, 'GCrlv[', 8, 17, 8, 0, 13)
(3924, 'GCrlu{', 8, 17, 8, 0, 13)
(3925, 'GCrlv{', 8, 18, 8, 0, 15)
(3926, 'GCrnvw', 8, 18, 8, 0, 12)
(3927, 'GCrnvs', 8, 18, 8, 0, 13)
(3928, 'GCrnvk', 8, 18, 8, 0, 13)
(3929, 'GCrnu{', 8, 18, 8, 0, 15)
(3930, 'GCrnt{', 8, 18, 8, 0, 14)
(3931, 'GCrnr{', 8, 18, 8, 0, 13)
(3932, 'GCrnv{', 8, 19, 8, 0, 17)
(3933, 'GCrnnw', 8, 18, 8, 0, 13)
(3934, 'GCrnnk', 8, 18, 8, 0, 15)
(3935, 'GCrnm{', 8, 18, 8, 0, 16)
(3936, 'GCrnn{', 8, 19, 8, 0, 18)
(3937, 'GCrn^w', 8, 18, 8, 0, 15)
(3938, 'GCrn^k', 8, 18, 8, 0, 16)
(3939, 'GCrn]{', 8, 18, 8, 0, 18)
(3940, 'GCrn\\{', 8, 18, 8, 0, 17)
(3941, 'GCrnZ{', 8, 18, 8, 0, 16)
(3942, 'GCrn^{', 8, 19, 8, 0, 20)
(3943, 'GCrm~w', 8, 18, 8, 0, 15)
(3944, 'GCrm~{', 8, 19, 8, 0, 20)
(3945, 'GCrl~k', 8, 18, 8, 0, 15)
(3946, 'GCrl}{', 8, 18, 8, 0, 17)
(3947, 'GCrl~{', 8, 19, 8, 0, 19)
(3948, 'GCrj~w', 8, 18, 8, 0, 13)
(3949, 'GCrj~k', 8, 18, 8, 0, 14)
(3950, 'GCrj}{', 8, 18, 8, 0, 16)
(3951, 'GCrjz{', 8, 18, 8, 0, 15)
(3952, 'GCrj~{', 8, 19, 8, 0, 18)
(3953, 'GCr^vw', 8, 18, 8, 0, 13)
(3954, 'GCr^vs', 8, 18, 8, 0, 14)
(3955, 'GCr^v{', 8, 19, 8, 0, 18)
(3956, 'GCr~vw', 8, 19, 8, 0, 14)
(3957, 'GCr~vk', 8, 19, 8, 0, 15)
(3958, 'GCr~v[', 8, 19, 8, 0, 16)
(3959, 'GCr~u{', 8, 19, 8, 0, 17)
(3960, 'GCXed_', 8, 11, 8, 0, 2)
(3961, 'GCXeco', 8, 11, 8, 0, 2)
(3962, 'GCXecW', 8, 11, 8, 0, 1)
(3963, 'GCXe`W', 8, 11, 8, 0, 3)
(3964, 'GCXef_', 8, 12, 8, 0, 2)
(3965, 'GCXefO', 8, 12, 8, 0, 3)
(3966, 'GCXeeo', 8, 12, 8, 0, 3)
(3967, 'GCXedo', 8, 12, 8, 0, 3)
(3968, 'GCXeeW', 8, 12, 8, 0, 3)
(3969, 'GCXedW', 8, 12, 8, 0, 3)
(3970, 'GCXecw', 8, 12, 8, 0, 2)
(3971, 'GCXeec', 8, 12, 8, 0, 5)
(3972, 'GCXedc', 8, 12, 8, 0, 4)
(3973, 'GCXedS', 8, 12, 8, 0, 3)
(3974, 'GCXecs', 8, 12, 8, 0, 4)
(3975, 'GCXec[', 8, 12, 8, 0, 2)
(3976, 'GCXe`[', 8, 12, 8, 0, 3)
(3977, 'GCXefo', 8, 13, 8, 0, 4)
(3978, 'GCXefW', 8, 13, 8, 0, 5)
(3979, 'GCXeew', 8, 13, 8, 0, 4)
(3980, 'GCXedw', 8, 13, 8, 0, 4)
(3981, 'GCXefc', 8, 13, 8, 0, 5)
(3982, 'GCXefS', 8, 13, 8, 0, 5)
(3983, 'GCXees', 8, 13, 8, 0, 6)
(3984, 'GCXeds', 8, 13, 8, 0, 5)
(3985, 'GCXee[', 8, 13, 8, 0, 5)
(3986, 'GCXed[', 8, 13, 8, 0, 4)
(3987, 'GCXeb[', 8, 13, 8, 0, 6)
(3988, 'GCXec{', 8, 13, 8, 0, 4)
(3989, 'GCXefw', 8, 14, 8, 0, 6)
(3990, 'GCXefs', 8, 14, 8, 0, 7)
(3991, 'GCXef[', 8, 14, 8, 0, 7)
(3992, 'GCXee{', 8, 14, 8, 0, 7)
(3993, 'GCXed{', 8, 14, 8, 0, 6)
(3994, 'GCXef{', 8, 15, 8, 0, 9)
(3995, 'GCXff_', 8, 13, 8, 0, 2)
(3996, 'GCXfcw', 8, 13, 8, 0, 2)
(3997, 'GCXffo', 8, 14, 8, 0, 4)
(3998, 'GCXffW', 8, 14, 8, 0, 5)
(3999, 'GCXfew', 8, 14, 8, 0, 4)
(4000, 'GCXffc', 8, 14, 8, 0, 6)
(4001, 'GCXffS', 8, 14, 8, 0, 6)
(4002, 'GCXfes', 8, 14, 8, 0, 6)
(4003, 'GCXfe[', 8, 14, 8, 0, 5)
(4004, 'GCXfb[', 8, 14, 8, 0, 7)
(4005, 'GCXfc{', 8, 14, 8, 0, 4)
(4006, 'GCXffw', 8, 15, 8, 0, 6)
(4007, 'GCXffs', 8, 15, 8, 0, 8)
(4008, 'GCXff[', 8, 15, 8, 0, 8)
(4009, 'GCXfe{', 8, 15, 8, 0, 7)
(4010, 'GCXff{', 8, 16, 8, 0, 10)
(4011, 'GCXfV_', 8, 13, 8, 0, 3)
(4012, 'GCXfRg', 8, 13, 8, 0, 4)
(4013, 'GCXfVo', 8, 14, 8, 0, 5)
(4014, 'GCXfVg', 8, 14, 8, 0, 5)
(4015, 'GCXfUw', 8, 14, 8, 0, 5)
(4016, 'GCXfRw', 8, 14, 8, 0, 6)
(4017, 'GCXfRs', 8, 14, 8, 0, 7)
(4018, 'GCXfRk', 8, 14, 8, 0, 6)
(4019, 'GCXfQ{', 8, 14, 8, 0, 6)
(4020, 'GCXfVw', 8, 15, 8, 0, 7)
(4021, 'GCXfVs', 8, 15, 8, 0, 9)
(4022, 'GCXfVk', 8, 15, 8, 0, 8)
(4023, 'GCXfU{', 8, 15, 8, 0, 8)
(4024, 'GCXfR{', 8, 15, 8, 0, 9)
(4025, 'GCXfV{', 8, 16, 8, 0, 11)
(4026, 'GCXetg', 8, 13, 8, 0, 4)
(4027, 'GCXevo', 8, 14, 8, 0, 5)
(4028, 'GCXevg', 8, 14, 8, 0, 5)
(4029, 'GCXevW', 8, 14, 8, 0, 6)
(4030, 'GCXevS', 8, 14, 8, 0, 7)
(4031, 'GCXeus', 8, 14, 8, 0, 8)
(4032, 'GCXets', 8, 14, 8, 0, 7)
(4033, 'GCXevK', 8, 14, 8, 0, 6)
(4034, 'GCXetk', 8, 14, 8, 0, 6)
(4035, 'GCXer[', 8, 14, 8, 0, 8)
(4036, 'GCXevw', 8, 15, 8, 0, 7)
(4037, 'GCXevs', 8, 15, 8, 0, 9)
(4038, 'GCXevk', 8, 15, 8, 0, 8)
(4039, 'GCXev[', 8, 15, 8, 0, 9)
(4040, 'GCXev{', 8, 16, 8, 0, 11)
(4041, 'GCXb^_', 8, 13, 8, 0, 5)
(4042, 'GCXb^o', 8, 14, 8, 0, 7)
(4043, 'GCXb^w', 8, 15, 8, 0, 9)
(4044, 'GCXb^s', 8, 15, 8, 0, 10)
(4045, 'GCXb^{', 8, 16, 8, 0, 13)
(4046, 'GCXfvo', 8, 15, 8, 0, 6)
(4047, 'GCXfvg', 8, 15, 8, 0, 6)
(4048, 'GCXfvW', 8, 15, 8, 0, 7)
(4049, 'GCXfuw', 8, 15, 8, 0, 6)
(4050, 'GCXfvw', 8, 16, 8, 0, 8)
(4051, 'GCXfvs', 8, 16, 8, 0, 11)
(4052, 'GCXfvk', 8, 16, 8, 0, 10)
(4053, 'GCXfv[', 8, 16, 8, 0, 11)
(4054, 'GCXfu{', 8, 16, 8, 0, 10)
(4055, 'GCXfv{', 8, 17, 8, 0, 13)
(4056, 'GCXfZw', 8, 15, 8, 0, 8)
(4057, 'GCXf^w', 8, 16, 8, 0, 9)
(4058, 'GCXfZ{', 8, 16, 8, 0, 12)
(4059, 'GCXf^{', 8, 17, 8, 0, 14)
(4060, 'GCXf~w', 8, 17, 8, 0, 10)
(4061, 'GCXf~{', 8, 18, 8, 0, 16)
(4062, 'GCZbf_', 8, 13, 8, 0, 1)
(4063, 'GCZbfO', 8, 13, 8, 0, 2)
(4064, 'GCZbeo', 8, 13, 8, 0, 2)
(4065, 'GCZbfG', 8, 13, 8, 0, 3)
(4066, 'GCZbeg', 8, 13, 8, 0, 3)
(4067, 'GCZbaw', 8, 13, 8, 0, 2)
(4068, 'GCZbeK', 8, 13, 8, 0, 3)
(4069, 'GCZbbK', 8, 13, 8, 0, 4)
(4070, 'GCZbck', 8, 13, 8, 0, 3)
(4071, 'GCZbc[', 8, 13, 8, 0, 1)
(4072, 'GCZba[', 8, 13, 8, 0, 3)
(4073, 'GCZbfo', 8, 14, 8, 0, 3)
(4074, 'GCZbfg', 8, 14, 8, 0, 4)
(4075, 'GCZbfW', 8, 14, 8, 0, 5)
(4076, 'GCZbew', 8, 14, 8, 0, 4)
(4077, 'GCZbbw', 8, 14, 8, 0, 4)
(4078, 'GCZbfK', 8, 14, 8, 0, 5)
(4079, 'GCZbek', 8, 14, 8, 0, 5)
(4080, 'GCZbe[', 8, 14, 8, 0, 4)
(4081, 'GCZbb[', 8, 14, 8, 0, 6)
(4082, 'GCZbc{', 8, 14, 8, 0, 3)
(4083, 'GCZbfw', 8, 15, 8, 0, 6)
(4084, 'GCZbfk', 8, 15, 8, 0, 7)
(4085, 'GCZbf[', 8, 15, 8, 0, 7)
(4086, 'GCZbe{', 8, 15, 8, 0, 6)
(4087, 'GCZbf{', 8, 16, 8, 0, 9)
(4088, 'GCZff_', 8, 14, 8, 0, 2)
(4089, 'GCZfbo', 8, 14, 8, 0, 3)
(4090, 'GCZffG', 8, 14, 8, 0, 4)
(4091, 'GCZfbg', 8, 14, 8, 0, 3)
(4092, 'GCZffo', 8, 15, 8, 0, 4)
(4093, 'GCZffg', 8, 15, 8, 0, 5)
(4094, 'GCZffW', 8, 15, 8, 0, 6)
(4095, 'GCZfew', 8, 15, 8, 0, 5)
(4096, 'GCZfbw', 8, 15, 8, 0, 5)
(4097, 'GCZffc', 8, 15, 8, 0, 6)
(4098, 'GCZffS', 8, 15, 8, 0, 6)
(4099, 'GCZffw', 8, 16, 8, 0, 7)
(4100, 'GCZffs', 8, 16, 8, 0, 8)
(4101, 'GCZffk', 8, 16, 8, 0, 9)
(4102, 'GCZff[', 8, 16, 8, 0, 9)
(4103, 'GCZfe{', 8, 16, 8, 0, 8)
(4104, 'GCZfb{', 8, 16, 8, 0, 8)
(4105, 'GCZff{', 8, 17, 8, 0, 11)
(4106, 'GCZfV_', 8, 14, 8, 0, 3)
(4107, 'GCZfSw', 8, 14, 8, 0, 4)
(4108, 'GCZfVo', 8, 15, 8, 0, 5)
(4109, 'GCZfVg', 8, 15, 8, 0, 6)
(4110, 'GCZfUw', 8, 15, 8, 0, 6)
(4111, 'GCZfRw', 8, 15, 8, 0, 6)
(4112, 'GCZfVw', 8, 16, 8, 0, 8)
(4113, 'GCZfVs', 8, 16, 8, 0, 9)
(4114, 'GCZfVk', 8, 16, 8, 0, 9)
(4115, 'GCZfU{', 8, 16, 8, 0, 9)
(4116, 'GCZfR{', 8, 16, 8, 0, 9)
(4117, 'GCZfV{', 8, 17, 8, 0, 12)
(4118, 'GCZevG', 8, 14, 8, 0, 5)
(4119, 'GCZeuW', 8, 14, 8, 0, 5)
(4120, 'GCZepw', 8, 14, 8, 0, 4)
(4121, 'GCZevo', 8, 15, 8, 0, 5)
(4122, 'GCZevg', 8, 15, 8, 0, 6)
(4123, 'GCZevW', 8, 15, 8, 0, 7)
(4124, 'GCZeuw', 8, 15, 8, 0, 6)
(4125, 'GCZetw', 8, 15, 8, 0, 6)
(4126, 'GCZerw', 8, 15, 8, 0, 6)
(4127, 'GCZevc', 8, 15, 8, 0, 6)
(4128, 'GCZevS', 8, 15, 8, 0, 7)
(4129, 'GCZeus', 8, 15, 8, 0, 8)
(4130, 'GCZets', 8, 15, 8, 0, 7)
(4131, 'GCZers', 8, 15, 8, 0, 7)
(4132, 'GCZevK', 8, 15, 8, 0, 7)
(4133, 'GCZer[', 8, 15, 8, 0, 8)
(4134, 'GCZevw', 8, 16, 8, 0, 8)
(4135, 'GCZevs', 8, 16, 8, 0, 9)
(4136, 'GCZevk', 8, 16, 8, 0, 9)
(4137, 'GCZev[', 8, 16, 8, 0, 10)
(4138, 'GCZeu{', 8, 16, 8, 0, 10)
(4139, 'GCZet{', 8, 16, 8, 0, 9)
(4140, 'GCZer{', 8, 16, 8, 0, 9)
(4141, 'GCZev{', 8, 17, 8, 0, 12)
(4142, 'GCZbvG', 8, 14, 8, 0, 5)
(4143, 'GCZbrg', 8, 14, 8, 0, 4)
(4144, 'GCZbsw', 8, 14, 8, 0, 4)
(4145, 'GCZbvo', 8, 15, 8, 0, 5)
(4146, 'GCZbvg', 8, 15, 8, 0, 6)
(4147, 'GCZbvW', 8, 15, 8, 0, 7)
(4148, 'GCZbuw', 8, 15, 8, 0, 6)
(4149, 'GCZbrw', 8, 15, 8, 0, 6)
(4150, 'GCZbvc', 8, 15, 8, 0, 6)
(4151, 'GCZbvS', 8, 15, 8, 0, 7)
(4152, 'GCZbrs', 8, 15, 8, 0, 8)
(4153, 'GCZbvK', 8, 15, 8, 0, 7)
(4154, 'GCZbvw', 8, 16, 8, 0, 8)
(4155, 'GCZbvs', 8, 16, 8, 0, 9)
(4156, 'GCZbvk', 8, 16, 8, 0, 9)
(4157, 'GCZbv[', 8, 16, 8, 0, 10)
(4158, 'GCZbu{', 8, 16, 8, 0, 9)
(4159, 'GCZbr{', 8, 16, 8, 0, 10)
(4160, 'GCZbv{', 8, 17, 8, 0, 12)
(4161, 'GCZfNo', 8, 15, 8, 0, 6)
(4162, 'GCZfNg', 8, 15, 8, 0, 7)
(4163, 'GCZfMk', 8, 15, 8, 0, 9)
(4164, 'GCZfJk', 8, 15, 8, 0, 8)
(4165, 'GCZfNw', 8, 16, 8, 0, 9)
(4166, 'GCZfNk', 8, 16, 8, 0, 11)
(4167, 'GCZfM{', 8, 16, 8, 0, 10)
(4168, 'GCZfJ{', 8, 16, 8, 0, 10)
(4169, 'GCZfN{', 8, 17, 8, 0, 13)
(4170, 'GCZeno', 8, 15, 8, 0, 6)
(4171, 'GCZeng', 8, 15, 8, 0, 7)
(4172, 'GCZenW', 8, 15, 8, 0, 8)
(4173, 'GCZemw', 8, 15, 8, 0, 7)
(4174, 'GCZelw', 8, 15, 8, 0, 7)
(4175, 'GCZejw', 8, 15, 8, 0, 7)
(4176, 'GCZenc', 8, 15, 8, 0, 7)
(4177, 'GCZenS', 8, 15, 8, 0, 7)
(4178, 'GCZems', 8, 15, 8, 0, 8)
(4179, 'GCZels', 8, 15, 8, 0, 7)
(4180, 'GCZejs', 8, 15, 8, 0, 7)
(4181, 'GCZemk', 8, 15, 8, 0, 10)
(4182, 'GCZelk', 8, 15, 8, 0, 9)
(4183, 'GCZenw', 8, 16, 8, 0, 9)
(4184, 'GCZens', 8, 16, 8, 0, 9)
(4185, 'GCZenk', 8, 16, 8, 0, 11)
(4186, 'GCZen[', 8, 16, 8, 0, 11)
(4187, 'GCZem{', 8, 16, 8, 0, 11)
(4188, 'GCZel{', 8, 16, 8, 0, 10)
(4189, 'GCZej{', 8, 16, 8, 0, 10)
(4190, 'GCZen{', 8, 17, 8, 0, 13)
(4191, 'GCZbno', 8, 15, 8, 0, 5)
(4192, 'GCZbng', 8, 15, 8, 0, 6)
(4193, 'GCZbnW', 8, 15, 8, 0, 7)
(4194, 'GCZbmw', 8, 15, 8, 0, 6)
(4195, 'GCZbjw', 8, 15, 8, 0, 6)
(4196, 'GCZbmk', 8, 15, 8, 0, 8)
(4197, 'GCZbnw', 8, 16, 8, 0, 8)
(4198, 'GCZbnk', 8, 16, 8, 0, 10)
(4199, 'GCZbn[', 8, 16, 8, 0, 10)
(4200, 'GCZbm{', 8, 16, 8, 0, 9)
(4201, 'GCZbn{', 8, 17, 8, 0, 12)
(4202, 'GCZfvo', 8, 16, 8, 0, 6)
(4203, 'GCZfvw', 8, 17, 8, 0, 9)
(4204, 'GCZfvs', 8, 17, 8, 0, 11)
(4205, 'GCZfv{', 8, 18, 8, 0, 14)
(4206, 'GCZfno', 8, 16, 8, 0, 7)
(4207, 'GCZfnw', 8, 17, 8, 0, 10)
(4208, 'GCZfns', 8, 17, 8, 0, 11)
(4209, 'GCZfnk', 8, 17, 8, 0, 13)
(4210, 'GCZfn[', 8, 17, 8, 0, 13)
(4211, 'GCZfn{', 8, 18, 8, 0, 15)
(4212, 'GCZf^o', 8, 16, 8, 0, 8)
(4213, 'GCZf^w', 8, 17, 8, 0, 11)
(4214, 'GCZf^s', 8, 17, 8, 0, 12)
(4215, 'GCZf^{', 8, 18, 8, 0, 16)
(4216, 'GCZe~o', 8, 16, 8, 0, 7)
(4217, 'GCZe~w', 8, 17, 8, 0, 10)
(4218, 'GCZe~s', 8, 17, 8, 0, 11)
(4219, 'GCZe~k', 8, 17, 8, 0, 12)
(4220, 'GCZe~[', 8, 17, 8, 0, 13)
(4221, 'GCZe}{', 8, 17, 8, 0, 13)
(4222, 'GCZe|{', 8, 17, 8, 0, 12)
(4223, 'GCZez{', 8, 17, 8, 0, 12)
(4224, 'GCZe~{', 8, 18, 8, 0, 15)
(4225, 'GCZb~o', 8, 16, 8, 0, 7)
(4226, 'GCZb~w', 8, 17, 8, 0, 10)
(4227, 'GCZb~s', 8, 17, 8, 0, 11)
(4228, 'GCZb~k', 8, 17, 8, 0, 12)
(4229, 'GCZb~[', 8, 17, 8, 0, 13)
(4230, 'GCZbz{', 8, 17, 8, 0, 13)
(4231, 'GCZb~{', 8, 18, 8, 0, 15)
(4232, 'GCZf~w', 8, 18, 8, 0, 12)
(4233, 'GCZf~{', 8, 19, 8, 0, 18)
(4234, 'GCZVF_', 8, 13, 8, 0, 2)
(4235, 'GCZVFO', 8, 13, 8, 0, 3)
(4236, 'GCZVEo', 8, 13, 8, 0, 3)
(4237, 'GCZVEg', 8, 13, 8, 0, 5)
(4238, 'GCZVDg', 8, 13, 8, 0, 4)
(4239, 'GCZVEW', 8, 13, 8, 0, 4)
(4240, 'GCZVDW', 8, 13, 8, 0, 3)
(4241, 'GCZVBW', 8, 13, 8, 0, 4)
(4242, 'GCZVFC', 8, 13, 8, 0, 4)
(4243, 'GCZVEc', 8, 13, 8, 0, 4)
(4244, 'GCZVES', 8, 13, 8, 0, 4)
(4245, 'GCZVEK', 8, 13, 8, 0, 5)
(4246, 'GCZVFo', 8, 14, 8, 0, 4)
(4247, 'GCZVFg', 8, 14, 8, 0, 5)
(4248, 'GCZVFW', 8, 14, 8, 0, 5)
(4249, 'GCZVEw', 8, 14, 8, 0, 6)
(4250, 'GCZVDw', 8, 14, 8, 0, 5)
(4251, 'GCZVBw', 8, 14, 8, 0, 5)
(4252, 'GCZVFc', 8, 14, 8, 0, 5)
(4253, 'GCZVFS', 8, 14, 8, 0, 6)
(4254, 'GCZVEs', 8, 14, 8, 0, 5)
(4255, 'GCZVBs', 8, 14, 8, 0, 5)
(4256, 'GCZVFK', 8, 14, 8, 0, 6)
(4257, 'GCZVEk', 8, 14, 8, 0, 7)
(4258, 'GCZVFw', 8, 15, 8, 0, 7)
(4259, 'GCZVFs', 8, 15, 8, 0, 7)
(4260, 'GCZVFk', 8, 15, 8, 0, 8)
(4261, 'GCZVF[', 8, 15, 8, 0, 8)
(4262, 'GCZVF{', 8, 16, 8, 0, 10)
(4263, 'GCZTf_', 8, 13, 8, 0, 3)
(4264, 'GCZTfO', 8, 13, 8, 0, 4)
(4265, 'GCZTeo', 8, 13, 8, 0, 4)
(4266, 'GCZTeg', 8, 13, 8, 0, 6)
(4267, 'GCZTdg', 8, 13, 8, 0, 5)
(4268, 'GCZTeW', 8, 13, 8, 0, 5)
(4269, 'GCZTdW', 8, 13, 8, 0, 4)
(4270, 'GCZTcw', 8, 13, 8, 0, 5)
(4271, 'GCZTeK', 8, 13, 8, 0, 5)
(4272, 'GCZTbK', 8, 13, 8, 0, 4)
(4273, 'GCZTck', 8, 13, 8, 0, 7)
(4274, 'GCZTa[', 8, 13, 8, 0, 4)
(4275, 'GCZTfo', 8, 14, 8, 0, 5)
(4276, 'GCZTfg', 8, 14, 8, 0, 6)
(4277, 'GCZTfW', 8, 14, 8, 0, 6)
(4278, 'GCZTew', 8, 14, 8, 0, 7)
(4279, 'GCZTdw', 8, 14, 8, 0, 6)
(4280, 'GCZTfK', 8, 14, 8, 0, 6)
(4281, 'GCZTek', 8, 14, 8, 0, 8)
(4282, 'GCZTe[', 8, 14, 8, 0, 6)
(4283, 'GCZTb[', 8, 14, 8, 0, 6)
(4284, 'GCZTc{', 8, 14, 8, 0, 7)
(4285, 'GCZTfw', 8, 15, 8, 0, 8)
(4286, 'GCZTfk', 8, 15, 8, 0, 9)
(4287, 'GCZTf[', 8, 15, 8, 0, 8)
(4288, 'GCZTe{', 8, 15, 8, 0, 9)
(4289, 'GCZTf{', 8, 16, 8, 0, 11)
(4290, 'GCZVf_', 8, 14, 8, 0, 3)
(4291, 'GCZVfO', 8, 14, 8, 0, 4)
(4292, 'GCZVeo', 8, 14, 8, 0, 4)
(4293, 'GCZVfG', 8, 14, 8, 0, 4)
(4294, 'GCZVeg', 8, 14, 8, 0, 6)
(4295, 'GCZVeW', 8, 14, 8, 0, 5)
(4296, 'GCZVfo', 8, 15, 8, 0, 5)
(4297, 'GCZVfg', 8, 15, 8, 0, 6)
(4298, 'GCZVfW', 8, 15, 8, 0, 6)
(4299, 'GCZVew', 8, 15, 8, 0, 7)
(4300, 'GCZVdw', 8, 15, 8, 0, 6)
(4301, 'GCZVfc', 8, 15, 8, 0, 7)
(4302, 'GCZVes', 8, 15, 8, 0, 7)
(4303, 'GCZVfw', 8, 16, 8, 0, 8)
(4304, 'GCZVfs', 8, 16, 8, 0, 9)
(4305, 'GCZVfk', 8, 16, 8, 0, 10)
(4306, 'GCZVf[', 8, 16, 8, 0, 9)
(4307, 'GCZVe{', 8, 16, 8, 0, 10)
(4308, 'GCZVd{', 8, 16, 8, 0, 9)
(4309, 'GCZVf{', 8, 17, 8, 0, 12)
(4310, 'GCZVVG', 8, 14, 8, 0, 5)
(4311, 'GCZVUW', 8, 14, 8, 0, 6)
(4312, 'GCZVSw', 8, 14, 8, 0, 6)
(4313, 'GCZVPw', 8, 14, 8, 0, 5)
(4314, 'GCZVVo', 8, 15, 8, 0, 6)
(4315, 'GCZVVg', 8, 15, 8, 0, 7)
(4316, 'GCZVVW', 8, 15, 8, 0, 7)
(4317, 'GCZVUw', 8, 15, 8, 0, 8)
(4318, 'GCZVTw', 8, 15, 8, 0, 7)
(4319, 'GCZVRw', 8, 15, 8, 0, 7)
(4320, 'GCZVVc', 8, 15, 8, 0, 7)
(4321, 'GCZVVS', 8, 15, 8, 0, 9)
(4322, 'GCZVUs', 8, 15, 8, 0, 8)
(4323, 'GCZVTs', 8, 15, 8, 0, 8)
(4324, 'GCZVRs', 8, 15, 8, 0, 8)
(4325, 'GCZVVw', 8, 16, 8, 0, 9)
(4326, 'GCZVVs', 8, 16, 8, 0, 10)
(4327, 'GCZVVk', 8, 16, 8, 0, 10)
(4328, 'GCZVV[', 8, 16, 8, 0, 11)
(4329, 'GCZVU{', 8, 16, 8, 0, 11)
(4330, 'GCZVT{', 8, 16, 8, 0, 10)
(4331, 'GCZVR{', 8, 16, 8, 0, 10)
(4332, 'GCZVV{', 8, 17, 8, 0, 13)
(4333, 'GCZUvG', 8, 14, 8, 0, 5)
(4334, 'GCZUtW', 8, 14, 8, 0, 5)
(4335, 'GCZUvo', 8, 15, 8, 0, 6)
(4336, 'GCZUvg', 8, 15, 8, 0, 7)
(4337, 'GCZUvW', 8, 15, 8, 0, 7)
(4338, 'GCZUtw', 8, 15, 8, 0, 7)
(4339, 'GCZUvw', 8, 16, 8, 0, 9)
(4340, 'GCZUvs', 8, 16, 8, 0, 10)
(4341, 'GCZUvk', 8, 16, 8, 0, 10)
(4342, 'GCZUv[', 8, 16, 8, 0, 10)
(4343, 'GCZUt{', 8, 16, 8, 0, 10)
(4344, 'GCZUv{', 8, 17, 8, 0, 13)
(4345, 'GCZTuW', 8, 14, 8, 0, 6)
(4346, 'GCZTrW', 8, 14, 8, 0, 6)
(4347, 'GCZTvo', 8, 15, 8, 0, 6)
(4348, 'GCZTvg', 8, 15, 8, 0, 7)
(4349, 'GCZTvW', 8, 15, 8, 0, 7)
(4350, 'GCZTuw', 8, 15, 8, 0, 8)
(4351, 'GCZTtw', 8, 15, 8, 0, 7)
(4352, 'GCZTvc', 8, 15, 8, 0, 7)
(4353, 'GCZTus', 8, 15, 8, 0, 8)
(4354, 'GCZTts', 8, 15, 8, 0, 9)
(4355, 'GCZTvw', 8, 16, 8, 0, 9)
(4356, 'GCZTvs', 8, 16, 8, 0, 10)
(4357, 'GCZTvk', 8, 16, 8, 0, 10)
(4358, 'GCZTv[', 8, 16, 8, 0, 10)
(4359, 'GCZTu{', 8, 16, 8, 0, 11)
(4360, 'GCZTt{', 8, 16, 8, 0, 11)
(4361, 'GCZTv{', 8, 17, 8, 0, 13)
(4362, 'GCZUno', 8, 15, 8, 0, 8)
(4363, 'GCZUng', 8, 15, 8, 0, 9)
(4364, 'GCZUnW', 8, 15, 8, 0, 9)
(4365, 'GCZUlw', 8, 15, 8, 0, 9)
(4366, 'GCZUlk', 8, 15, 8, 0, 11)
(4367, 'GCZUnw', 8, 16, 8, 0, 11)
(4368, 'GCZUnk', 8, 16, 8, 0, 13)
(4369, 'GCZUn[', 8, 16, 8, 0, 12)
(4370, 'GCZUl{', 8, 16, 8, 0, 12)
(4371, 'GCZUn{', 8, 17, 8, 0, 15)
(4372, 'GCZTno', 8, 15, 8, 0, 7)
(4373, 'GCZTng', 8, 15, 8, 0, 8)
(4374, 'GCZTnW', 8, 15, 8, 0, 8)
(4375, 'GCZTmw', 8, 15, 8, 0, 9)
(4376, 'GCZTlw', 8, 15, 8, 0, 8)
(4377, 'GCZTnw', 8, 16, 8, 0, 10)
(4378, 'GCZTnk', 8, 16, 8, 0, 12)
(4379, 'GCZTn[', 8, 16, 8, 0, 11)
(4380, 'GCZTm{', 8, 16, 8, 0, 12)
(4381, 'GCZTn{', 8, 17, 8, 0, 14)
(4382, 'GCZVvo', 8, 16, 8, 0, 7)
(4383, 'GCZVvw', 8, 17, 8, 0, 10)
(4384, 'GCZVvs', 8, 17, 8, 0, 12)
(4385, 'GCZVv{', 8, 18, 8, 0, 15)
(4386, 'GCZVno', 8, 16, 8, 0, 8)
(4387, 'GCZVnw', 8, 17, 8, 0, 11)
(4388, 'GCZVns', 8, 17, 8, 0, 12)
(4389, 'GCZVnk', 8, 17, 8, 0, 14)
(4390, 'GCZVm{', 8, 17, 8, 0, 14)
(4391, 'GCZVn{', 8, 18, 8, 0, 16)
(4392, 'GCZV^o', 8, 16, 8, 0, 8)
(4393, 'GCZV^w', 8, 17, 8, 0, 11)
(4394, 'GCZV^s', 8, 17, 8, 0, 12)
(4395, 'GCZV^k', 8, 17, 8, 0, 13)
(4396, 'GCZV^[', 8, 17, 8, 0, 14)
(4397, 'GCZV]{', 8, 17, 8, 0, 14)
(4398, 'GCZV\\{', 8, 17, 8, 0, 13)
(4399, 'GCZVZ{', 8, 17, 8, 0, 13)
(4400, 'GCZV^{', 8, 18, 8, 0, 16)
(4401, 'GCZU~o', 8, 16, 8, 0, 9)
(4402, 'GCZU~w', 8, 17, 8, 0, 12)
(4403, 'GCZU~s', 8, 17, 8, 0, 13)
(4404, 'GCZU~{', 8, 18, 8, 0, 17)
(4405, 'GCZT~o', 8, 16, 8, 0, 8)
(4406, 'GCZT~w', 8, 17, 8, 0, 11)
(4407, 'GCZT~s', 8, 17, 8, 0, 12)
(4408, 'GCZT~k', 8, 17, 8, 0, 13)
(4409, 'GCZT}{', 8, 17, 8, 0, 14)
(4410, 'GCZT|{', 8, 17, 8, 0, 14)
(4411, 'GCZT~{', 8, 18, 8, 0, 16)
(4412, 'GCZV~w', 8, 18, 8, 0, 13)
(4413, 'GCZV~{', 8, 19, 8, 0, 19)
(4414, 'GCZLf_', 8, 13, 8, 0, 3)
(4415, 'GCZLfO', 8, 13, 8, 0, 4)
(4416, 'GCZLeo', 8, 13, 8, 0, 4)
(4417, 'GCZLdo', 8, 13, 8, 0, 4)
(4418, 'GCZLeW', 8, 13, 8, 0, 6)
(4419, 'GCZLdW', 8, 13, 8, 0, 5)
(4420, 'GCZLcw', 8, 13, 8, 0, 5)
(4421, 'GCZLaw', 8, 13, 8, 0, 5)
(4422, 'GCZLeS', 8, 13, 8, 0, 4)
(4423, 'GCZLdS', 8, 13, 8, 0, 5)
(4424, 'GCZLbS', 8, 13, 8, 0, 5)
(4425, 'GCZLcs', 8, 13, 8, 0, 5)
(4426, 'GCZLas', 8, 13, 8, 0, 4)
(4427, 'GCZLc[', 8, 13, 8, 0, 5)
(4428, 'GCZLfo', 8, 14, 8, 0, 5)
(4429, 'GCZLfg', 8, 14, 8, 0, 5)
(4430, 'GCZLfW', 8, 14, 8, 0, 7)
(4431, 'GCZLew', 8, 14, 8, 0, 7)
(4432, 'GCZLdw', 8, 14, 8, 0, 6)
(4433, 'GCZLbw', 8, 14, 8, 0, 6)
(4434, 'GCZLfS', 8, 14, 8, 0, 6)
(4435, 'GCZLes', 8, 14, 8, 0, 6)
(4436, 'GCZLds', 8, 14, 8, 0, 7)
(4437, 'GCZLbs', 8, 14, 8, 0, 6)
(4438, 'GCZLe[', 8, 14, 8, 0, 7)
(4439, 'GCZLd[', 8, 14, 8, 0, 7)
(4440, 'GCZLfw', 8, 15, 8, 0, 8)
(4441, 'GCZLfs', 8, 15, 8, 0, 8)
(4442, 'GCZLf[', 8, 15, 8, 0, 9)
(4443, 'GCZLe{', 8, 15, 8, 0, 9)
(4444, 'GCZLf{', 8, 16, 8, 0, 11)
(4445, 'GCZJd_', 8, 12, 8, 0, 2)
(4446, 'GCZJf_', 8, 13, 8, 0, 2)
(4447, 'GCZJfO', 8, 13, 8, 0, 3)
(4448, 'GCZJeo', 8, 13, 8, 0, 3)
(4449, 'GCZJdo', 8, 13, 8, 0, 3)
(4450, 'GCZJfG', 8, 13, 8, 0, 3)
(4451, 'GCZJeg', 8, 13, 8, 0, 4)
(4452, 'GCZJdg', 8, 13, 8, 0, 3)
(4453, 'GCZJbg', 8, 13, 8, 0, 2)
(4454, 'GCZJaw', 8, 13, 8, 0, 4)
(4455, 'GCZJdc', 8, 13, 8, 0, 4)
(4456, 'GCZJdS', 8, 13, 8, 0, 3)
(4457, 'GCZJcs', 8, 13, 8, 0, 3)
(4458, 'GCZJas', 8, 13, 8, 0, 4)
(4459, 'GCZJ`s', 8, 13, 8, 0, 4)
(4460, 'GCZJeK', 8, 13, 8, 0, 4)
(4461, 'GCZJdK', 8, 13, 8, 0, 3)
(4462, 'GCZJbK', 8, 13, 8, 0, 4)
(4463, 'GCZJck', 8, 13, 8, 0, 4)
(4464, 'GCZJak', 8, 13, 8, 0, 4)
(4465, 'GCZJ`k', 8, 13, 8, 0, 3)
(4466, 'GCZJc[', 8, 13, 8, 0, 3)
(4467, 'GCZJa[', 8, 13, 8, 0, 5)
(4468, 'GCZJ`[', 8, 13, 8, 0, 4)
(4469, 'GCZJ_{', 8, 13, 8, 0, 3)
(4470, 'GCZJfo', 8, 14, 8, 0, 4)
(4471, 'GCZJfg', 8, 14, 8, 0, 4)
(4472, 'GCZJfW', 8, 14, 8, 0, 6)
(4473, 'GCZJew', 8, 14, 8, 0, 6)
(4474, 'GCZJdw', 8, 14, 8, 0, 5)
(4475, 'GCZJbw', 8, 14, 8, 0, 5)
(4476, 'GCZJfc', 8, 14, 8, 0, 5)
(4477, 'GCZJfS', 8, 14, 8, 0, 5)
(4478, 'GCZJes', 8, 14, 8, 0, 5)
(4479, 'GCZJds', 8, 14, 8, 0, 5)
(4480, 'GCZJbs', 8, 14, 8, 0, 6)
(4481, 'GCZJfK', 8, 14, 8, 0, 5)
(4482, 'GCZJek', 8, 14, 8, 0, 6)
(4483, 'GCZJdk', 8, 14, 8, 0, 5)
(4484, 'GCZJbk', 8, 14, 8, 0, 5)
(4485, 'GCZJe[', 8, 14, 8, 0, 6)
(4486, 'GCZJd[', 8, 14, 8, 0, 5)
(4487, 'GCZJb[', 8, 14, 8, 0, 7)
(4488, 'GCZJc{', 8, 14, 8, 0, 5)
(4489, 'GCZJa{', 8, 14, 8, 0, 6)
(4490, 'GCZJ`{', 8, 14, 8, 0, 5)
(4491, 'GCZJfw', 8, 15, 8, 0, 7)
(4492, 'GCZJfs', 8, 15, 8, 0, 7)
(4493, 'GCZJfk', 8, 15, 8, 0, 7)
(4494, 'GCZJf[', 8, 15, 8, 0, 8)
(4495, 'GCZJe{', 8, 15, 8, 0, 8)
(4496, 'GCZJd{', 8, 15, 8, 0, 7)
(4497, 'GCZJb{', 8, 15, 8, 0, 8)
(4498, 'GCZJf{', 8, 16, 8, 0, 10)
(4499, 'GCZNfO', 8, 14, 8, 0, 4)
(4500, 'GCZNfG', 8, 14, 8, 0, 4)
(4501, 'GCZNeW', 8, 14, 8, 0, 6)
(4502, 'GCZN`w', 8, 14, 8, 0, 4)
(4503, 'GCZNfo', 8, 15, 8, 0, 5)
(4504, 'GCZNfg', 8, 15, 8, 0, 5)
(4505, 'GCZNfW', 8, 15, 8, 0, 7)
(4506, 'GCZNew', 8, 15, 8, 0, 7)
(4507, 'GCZNdw', 8, 15, 8, 0, 6)
(4508, 'GCZNbw', 8, 15, 8, 0, 6)
(4509, 'GCZNfc', 8, 15, 8, 0, 7)
(4510, 'GCZNfS', 8, 15, 8, 0, 7)
(4511, 'GCZNfK', 8, 15, 8, 0, 7)
(4512, 'GCZNe[', 8, 15, 8, 0, 8)
(4513, 'GCZNfw', 8, 16, 8, 0, 8)
(4514, 'GCZNfs', 8, 16, 8, 0, 9)
(4515, 'GCZNfk', 8, 16, 8, 0, 9)
(4516, 'GCZNf[', 8, 16, 8, 0, 10)
(4517, 'GCZNe{', 8, 16, 8, 0, 10)
(4518, 'GCZNd{', 8, 16, 8, 0, 9)
(4519, 'GCZNb{', 8, 16, 8, 0, 9)
(4520, 'GCZNf{', 8, 17, 8, 0, 12)
(4521, 'GCZMvg', 8, 15, 8, 0, 6)
(4522, 'GCZMvW', 8, 15, 8, 0, 8)
(4523, 'GCZMrw', 8, 15, 8, 0, 7)
(4524, 'GCZMvc', 8, 15, 8, 0, 7)
(4525, 'GCZMvK', 8, 15, 8, 0, 7)
(4526, 'GCZMvw', 8, 16, 8, 0, 9)
(4527, 'GCZMvs', 8, 16, 8, 0, 10)
(4528, 'GCZMvk', 8, 16, 8, 0, 9)
(4529, 'GCZMv[', 8, 16, 8, 0, 11)
(4530, 'GCZMt{', 8, 16, 8, 0, 10)
(4531, 'GCZMr{', 8, 16, 8, 0, 10)
(4532, 'GCZMv{', 8, 17, 8, 0, 13)
(4533, 'GCZLvg', 8, 15, 8, 0, 6)
(4534, 'GCZLvW', 8, 15, 8, 0, 8)
(4535, 'GCZLuw', 8, 15, 8, 0, 8)
(4536, 'GCZLtw', 8, 15, 8, 0, 7)
(4537, 'GCZLrw', 8, 15, 8, 0, 7)
(4538, 'GCZLus', 8, 15, 8, 0, 8)
(4539, 'GCZLrs', 8, 15, 8, 0, 8)
(4540, 'GCZLu[', 8, 15, 8, 0, 9)
(4541, 'GCZLvw', 8, 16, 8, 0, 9)
(4542, 'GCZLvs', 8, 16, 8, 0, 10)
(4543, 'GCZLv[', 8, 16, 8, 0, 11)
(4544, 'GCZLu{', 8, 16, 8, 0, 11)
(4545, 'GCZLv{', 8, 17, 8, 0, 13)
(4546, 'GCZJvo', 8, 15, 8, 0, 6)
(4547, 'GCZJvg', 8, 15, 8, 0, 6)
(4548, 'GCZJvW', 8, 15, 8, 0, 8)
(4549, 'GCZJuw', 8, 15, 8, 0, 8)
(4550, 'GCZJtw', 8, 15, 8, 0, 7)
(4551, 'GCZJrw', 8, 15, 8, 0, 7)
(4552, 'GCZJvc', 8, 15, 8, 0, 7)
(4553, 'GCZJus', 8, 15, 8, 0, 8)
(4554, 'GCZJrs', 8, 15, 8, 0, 9)
(4555, 'GCZJvK', 8, 15, 8, 0, 7)
(4556, 'GCZJuk', 8, 15, 8, 0, 8)
(4557, 'GCZJtk', 8, 15, 8, 0, 7)
(4558, 'GCZJrk', 8, 15, 8, 0, 7)
(4559, 'GCZJq{', 8, 15, 8, 0, 9)
(4560, 'GCZJvw', 8, 16, 8, 0, 9)
(4561, 'GCZJvs', 8, 16, 8, 0, 10)
(4562, 'GCZJvk', 8, 16, 8, 0, 9)
(4563, 'GCZJv[', 8, 16, 8, 0, 11)
(4564, 'GCZJu{', 8, 16, 8, 0, 11)
(4565, 'GCZJt{', 8, 16, 8, 0, 10)
(4566, 'GCZJr{', 8, 16, 8, 0, 11)
(4567, 'GCZJv{', 8, 17, 8, 0, 13)
(4568, 'GCZNNo', 8, 15, 8, 0, 6)
(4569, 'GCZNNg', 8, 15, 8, 0, 6)
(4570, 'GCZNMw', 8, 15, 8, 0, 8)
(4571, 'GCZNLw', 8, 15, 8, 0, 7)
(4572, 'GCZNJw', 8, 15, 8, 0, 7)
(4573, 'GCZNMk', 8, 15, 8, 0, 9)
(4574, 'GCZNLk', 8, 15, 8, 0, 8)
(4575, 'GCZNNw', 8, 16, 8, 0, 9)
(4576, 'GCZNNs', 8, 16, 8, 0, 9)
(4577, 'GCZNNk', 8, 16, 8, 0, 10)
(4578, 'GCZNM{', 8, 16, 8, 0, 11)
(4579, 'GCZNL{', 8, 16, 8, 0, 10)
(4580, 'GCZNJ{', 8, 16, 8, 0, 10)
(4581, 'GCZNN{', 8, 17, 8, 0, 13)
(4582, 'GCZMno', 8, 15, 8, 0, 7)
(4583, 'GCZMng', 8, 15, 8, 0, 7)
(4584, 'GCZMnW', 8, 15, 8, 0, 9)
(4585, 'GCZMlw', 8, 15, 8, 0, 8)
(4586, 'GCZMjw', 8, 15, 8, 0, 8)
(4587, 'GCZMnc', 8, 15, 8, 0, 8)
(4588, 'GCZMnS', 8, 15, 8, 0, 8)
(4589, 'GCZMnw', 8, 16, 8, 0, 10)
(4590, 'GCZMns', 8, 16, 8, 0, 10)
(4591, 'GCZMnk', 8, 16, 8, 0, 11)
(4592, 'GCZMn[', 8, 16, 8, 0, 12)
(4593, 'GCZMl{', 8, 16, 8, 0, 11)
(4594, 'GCZMj{', 8, 16, 8, 0, 11)
(4595, 'GCZMn{', 8, 17, 8, 0, 14)
(4596, 'GCZLno', 8, 15, 8, 0, 6)
(4597, 'GCZLng', 8, 15, 8, 0, 6)
(4598, 'GCZLnW', 8, 15, 8, 0, 8)
(4599, 'GCZLmw', 8, 15, 8, 0, 8)
(4600, 'GCZLlw', 8, 15, 8, 0, 7)
(4601, 'GCZLjw', 8, 15, 8, 0, 7)
(4602, 'GCZLnc', 8, 15, 8, 0, 7)
(4603, 'GCZLnS', 8, 15, 8, 0, 7)
(4604, 'GCZLms', 8, 15, 8, 0, 7)
(4605, 'GCZLmk', 8, 15, 8, 0, 9)
(4606, 'GCZLlk', 8, 15, 8, 0, 9)
(4607, 'GCZLnw', 8, 16, 8, 0, 9)
(4608, 'GCZLns', 8, 16, 8, 0, 9)
(4609, 'GCZLnk', 8, 16, 8, 0, 10)
(4610, 'GCZLn[', 8, 16, 8, 0, 11)
(4611, 'GCZLm{', 8, 16, 8, 0, 11)
(4612, 'GCZLl{', 8, 16, 8, 0, 11)
(4613, 'GCZLj{', 8, 16, 8, 0, 10)
(4614, 'GCZLn{', 8, 17, 8, 0, 13)
(4615, 'GCZJno', 8, 15, 8, 0, 5)
(4616, 'GCZJng', 8, 15, 8, 0, 5)
(4617, 'GCZJnW', 8, 15, 8, 0, 7)
(4618, 'GCZJmw', 8, 15, 8, 0, 7)
(4619, 'GCZJlw', 8, 15, 8, 0, 6)
(4620, 'GCZJjw', 8, 15, 8, 0, 6)
(4621, 'GCZJnc', 8, 15, 8, 0, 6)
(4622, 'GCZJnS', 8, 15, 8, 0, 6)
(4623, 'GCZJms', 8, 15, 8, 0, 6)
(4624, 'GCZJls', 8, 15, 8, 0, 6)
(4625, 'GCZJnK', 8, 15, 8, 0, 7)
(4626, 'GCZJmk', 8, 15, 8, 0, 8)
(4627, 'GCZJlk', 8, 15, 8, 0, 7)
(4628, 'GCZJjk', 8, 15, 8, 0, 7)
(4629, 'GCZJnw', 8, 16, 8, 0, 8)
(4630, 'GCZJns', 8, 16, 8, 0, 8)
(4631, 'GCZJnk', 8, 16, 8, 0, 9)
(4632, 'GCZJn[', 8, 16, 8, 0, 10)
(4633, 'GCZJm{', 8, 16, 8, 0, 10)
(4634, 'GCZJl{', 8, 16, 8, 0, 9)
(4635, 'GCZJj{', 8, 16, 8, 0, 10)
(4636, 'GCZJn{', 8, 17, 8, 0, 12)
(4637, 'GCZMZw', 8, 15, 8, 0, 9)
(4638, 'GCZM\\k', 8, 15, 8, 0, 9)
(4639, 'GCZMZk', 8, 15, 8, 0, 8)
(4640, 'GCZMX{', 8, 15, 8, 0, 9)
(4641, 'GCZM^w', 8, 16, 8, 0, 11)
(4642, 'GCZM^k', 8, 16, 8, 0, 11)
(4643, 'GCZM\\{', 8, 16, 8, 0, 12)
(4644, 'GCZMZ{', 8, 16, 8, 0, 12)
(4645, 'GCZM^{', 8, 17, 8, 0, 15)
(4646, 'GCZL^g', 8, 15, 8, 0, 7)
(4647, 'GCZL]w', 8, 15, 8, 0, 9)
(4648, 'GCZL\\w', 8, 15, 8, 0, 8)
(4649, 'GCZLZw', 8, 15, 8, 0, 8)
(4650, 'GCZL]k', 8, 15, 8, 0, 9)
(4651, 'GCZLZk', 8, 15, 8, 0, 7)
(4652, 'GCZL[{', 8, 15, 8, 0, 10)
(4653, 'GCZL^w', 8, 16, 8, 0, 10)
(4654, 'GCZL^k', 8, 16, 8, 0, 10)
(4655, 'GCZL]{', 8, 16, 8, 0, 12)
(4656, 'GCZLZ{', 8, 16, 8, 0, 11)
(4657, 'GCZL^{', 8, 17, 8, 0, 14)
(4658, 'GCZK~g', 8, 15, 8, 0, 7)
(4659, 'GCZK|w', 8, 15, 8, 0, 8)
(4660, 'GCZK~c', 8, 15, 8, 0, 7)
(4661, 'GCZKzs', 8, 15, 8, 0, 8)
(4662, 'GCZK~K', 8, 15, 8, 0, 8)
(4663, 'GCZK|k', 8, 15, 8, 0, 9)
(4664, 'GCZKzk', 8, 15, 8, 0, 7)
(4665, 'GCZK~w', 8, 16, 8, 0, 10)
(4666, 'GCZK~s', 8, 16, 8, 0, 10)
(4667, 'GCZK~k', 8, 16, 8, 0, 10)
(4668, 'GCZK~[', 8, 16, 8, 0, 12)
(4669, 'GCZK|{', 8, 16, 8, 0, 12)
(4670, 'GCZKz{', 8, 16, 8, 0, 11)
(4671, 'GCZK~{', 8, 17, 8, 0, 14)
(4672, 'GCZI~o', 8, 15, 8, 0, 7)
(4673, 'GCZI~g', 8, 15, 8, 0, 7)
(4674, 'GCZI~K', 8, 15, 8, 0, 8)
(4675, 'GCZI|k', 8, 15, 8, 0, 8)
(4676, 'GCZI|[', 8, 15, 8, 0, 9)
(4677, 'GCZI~w', 8, 16, 8, 0, 10)
(4678, 'GCZI~k', 8, 16, 8, 0, 10)
(4679, 'GCZI~[', 8, 16, 8, 0, 12)
(4680, 'GCZI|{', 8, 16, 8, 0, 11)
(4681, 'GCZI~{', 8, 17, 8, 0, 14)
(4682, 'GCZH~o', 8, 15, 8, 0, 6)
(4683, 'GCZH~g', 8, 15, 8, 0, 6)
(4684, 'GCZH~W', 8, 15, 8, 0, 8)
(4685, 'GCZH|w', 8, 15, 8, 0, 7)
(4686, 'GCZH~K', 8, 15, 8, 0, 7)
(4687, 'GCZH}k', 8, 15, 8, 0, 8)
(4688, 'GCZH{{', 8, 15, 8, 0, 9)
(4689, 'GCZH~w', 8, 16, 8, 0, 9)
(4690, 'GCZH~k', 8, 16, 8, 0, 9)
(4691, 'GCZH~[', 8, 16, 8, 0, 11)
(4692, 'GCZH}{', 8, 16, 8, 0, 11)
(4693, 'GCZH~{', 8, 17, 8, 0, 13)
(4694, 'GCZNvg', 8, 16, 8, 0, 7)
(4695, 'GCZNvw', 8, 17, 8, 0, 10)
(4696, 'GCZNvs', 8, 17, 8, 0, 12)
(4697, 'GCZNvk', 8, 17, 8, 0, 11)
(4698, 'GCZNv[', 8, 17, 8, 0, 13)
(4699, 'GCZNv{', 8, 18, 8, 0, 15)
(4700, 'GCZNnw', 8, 17, 8, 0, 10)
(4701, 'GCZNnk', 8, 17, 8, 0, 12)
(4702, 'GCZNn[', 8, 17, 8, 0, 13)
(4703, 'GCZNn{', 8, 18, 8, 0, 15)
(4704, 'GCZN^w', 8, 17, 8, 0, 12)
(4705, 'GCZN^{', 8, 18, 8, 0, 17)
(4706, 'GCZM~w', 8, 17, 8, 0, 12)
(4707, 'GCZM~s', 8, 17, 8, 0, 13)
(4708, 'GCZM~k', 8, 17, 8, 0, 13)
(4709, 'GCZM~[', 8, 17, 8, 0, 15)
(4710, 'GCZM~{', 8, 18, 8, 0, 17)
(4711, 'GCZL~w', 8, 17, 8, 0, 11)
(4712, 'GCZL~s', 8, 17, 8, 0, 12)
(4713, 'GCZL~k', 8, 17, 8, 0, 12)
(4714, 'GCZL~[', 8, 17, 8, 0, 14)
(4715, 'GCZL}{', 8, 17, 8, 0, 14)
(4716, 'GCZL|{', 8, 17, 8, 0, 14)
(4717, 'GCZL~{', 8, 18, 8, 0, 16)
(4718, 'GCZJ~w', 8, 17, 8, 0, 11)
(4719, 'GCZJ~s', 8, 17, 8, 0, 12)
(4720, 'GCZJ~k', 8, 17, 8, 0, 12)
(4721, 'GCZJ~[', 8, 17, 8, 0, 14)
(4722, 'GCZJ}{', 8, 17, 8, 0, 14)
(4723, 'GCZJ|{', 8, 17, 8, 0, 13)
(4724, 'GCZJz{', 8, 17, 8, 0, 14)
(4725, 'GCZJ~{', 8, 18, 8, 0, 16)
(4726, 'GCZN~w', 8, 18, 8, 0, 13)
(4727, 'GCZN~{', 8, 19, 8, 0, 19)
(4728, 'GCXnF_', 8, 13, 8, 0, 3)
(4729, 'GCXnBo', 8, 13, 8, 0, 4)
(4730, 'GCXnBc', 8, 13, 8, 0, 4)
(4731, 'GCXnCs', 8, 13, 8, 0, 4)
(4732, 'GCXn?{', 8, 13, 8, 0, 3)
(4733, 'GCXnFo', 8, 14, 8, 0, 5)
(4734, 'GCXnEw', 8, 14, 8, 0, 6)
(4735, 'GCXnBw', 8, 14, 8, 0, 7)
(4736, 'GCXnFc', 8, 14, 8, 0, 6)
(4737, 'GCXnEs', 8, 14, 8, 0, 6)
(4738, 'GCXnBs', 8, 14, 8, 0, 6)
(4739, 'GCXnC{', 8, 14, 8, 0, 5)
(4740, 'GCXnA{', 8, 14, 8, 0, 6)
(4741, 'GCXnFw', 8, 15, 8, 0, 8)
(4742, 'GCXnFs', 8, 15, 8, 0, 8)
(4743, 'GCXnE{', 8, 15, 8, 0, 8)
(4744, 'GCXnB{', 8, 15, 8, 0, 9)
(4745, 'GCXnF{', 8, 16, 8, 0, 11)
(4780, 'GCXnf_', 8, 14, 8, 0, 4)
(4781, 'GCXnfO', 8, 14, 8, 0, 5)
(4783, 'GCXncw', 8, 14, 8, 0, 5)
(4784, 'GCXnfo', 8, 15, 8, 0, 6)
(4785, 'GCXnfW', 8, 15, 8, 0, 8)
(4786, 'GCXnew', 8, 15, 8, 0, 7)
(4787, 'GCXnfc', 8, 15, 8, 0, 8)
(4788, 'GCXnfS', 8, 15, 8, 0, 8)
(4789, 'GCXnb[', 8, 15, 8, 0, 10)
(4790, 'GCXnfw', 8, 16, 8, 0, 9)
(4791, 'GCXnfs', 8, 16, 8, 0, 10)
(4792, 'GCXnf[', 8, 16, 8, 0, 11)
(4793, 'GCXne{', 8, 16, 8, 0, 10)
(4794, 'GCXnf{', 8, 17, 8, 0, 13)
(4795, 'GCXnVo', 8, 15, 8, 0, 7)
(4796, 'GCXnVg', 8, 15, 8, 0, 7)
(4797, 'GCXnRw', 8, 15, 8, 0, 9)
(4798, 'GCXnUs', 8, 15, 8, 0, 9)
(4799, 'GCXnRs', 8, 15, 8, 0, 9)
(4800, 'GCXnRk', 8, 15, 8, 0, 8)
(4801, 'GCXnVw', 8, 16, 8, 0, 10)
(4802, 'GCXnVs', 8, 16, 8, 0, 11)
(4803, 'GCXnVk', 8, 16, 8, 0, 10)
(4804, 'GCXnU{', 8, 16, 8, 0, 11)
(4805, 'GCXnR{', 8, 16, 8, 0, 12)
(4806, 'GCXnV{', 8, 17, 8, 0, 14)
(4807, 'GCXmvo', 8, 15, 8, 0, 7)
(4808, 'GCXmvg', 8, 15, 8, 0, 7)
(4809, 'GCXmvW', 8, 15, 8, 0, 9)
(4810, 'GCXmuw', 8, 15, 8, 0, 8)
(4811, 'GCXmtw', 8, 15, 8, 0, 8)
(4812, 'GCXmvc', 8, 15, 8, 0, 8)
(4813, 'GCXmus', 8, 15, 8, 0, 10)
(4814, 'GCXmts', 8, 15, 8, 0, 9)
(4815, 'GCXmvK', 8, 15, 8, 0, 8)
(4816, 'GCXmuk', 8, 15, 8, 0, 9)
(4817, 'GCXmtk', 8, 15, 8, 0, 8)
(4818, 'GCXmvw', 8, 16, 8, 0, 10)
(4819, 'GCXmvs', 8, 16, 8, 0, 11)
(4820, 'GCXmvk', 8, 16, 8, 0, 10)
(4821, 'GCXmv[', 8, 16, 8, 0, 12)
(4822, 'GCXmu{', 8, 16, 8, 0, 12)
(4823, 'GCXmt{', 8, 16, 8, 0, 11)
(4824, 'GCXmv{', 8, 17, 8, 0, 14)
(4825, 'GCXm^o', 8, 15, 8, 0, 8)
(4826, 'GCXm]w', 8, 15, 8, 0, 9)
(4827, 'GCXm\\w', 8, 15, 8, 0, 9)
(4828, 'GCXmZw', 8, 15, 8, 0, 10)
(4829, 'GCXm^c', 8, 15, 8, 0, 8)
(4830, 'GCXm]s', 8, 15, 8, 0, 10)
(4831, 'GCXm\\s', 8, 15, 8, 0, 9)
(4832, 'GCXmZs', 8, 15, 8, 0, 9)
(4833, 'GCXm[{', 8, 15, 8, 0, 10)
(4834, 'GCXmY{', 8, 15, 8, 0, 11)
(4835, 'GCXmX{', 8, 15, 8, 0, 10)
(4836, 'GCXm^w', 8, 16, 8, 0, 11)
(4837, 'GCXm^s', 8, 16, 8, 0, 11)
(4838, 'GCXm]{', 8, 16, 8, 0, 13)
(4839, 'GCXm\\{', 8, 16, 8, 0, 12)
(4840, 'GCXmZ{', 8, 16, 8, 0, 13)
(4841, 'GCXm^{', 8, 17, 8, 0, 15)
(4842, 'GCXj]w', 8, 15, 8, 0, 11)
(4843, 'GCXj[{', 8, 15, 8, 0, 11)
(4844, 'GCXj^w', 8, 16, 8, 0, 13)
(4845, 'GCXj]{', 8, 16, 8, 0, 14)
(4846, 'GCXj^{', 8, 17, 8, 0, 17)
(4847, 'GCXk~o', 8, 15, 8, 0, 7)
(4848, 'GCXk}w', 8, 15, 8, 0, 8)
(4849, 'GCXk~c', 8, 15, 8, 0, 7)
(4850, 'GCXk~S', 8, 15, 8, 0, 8)
(4851, 'GCXk}s', 8, 15, 8, 0, 9)
(4852, 'GCXk{{', 8, 15, 8, 0, 10)
(4853, 'GCXk~w', 8, 16, 8, 0, 10)
(4854, 'GCXk~s', 8, 16, 8, 0, 10)
(4855, 'GCXk~[', 8, 16, 8, 0, 12)
(4856, 'GCXk}{', 8, 16, 8, 0, 12)
(4857, 'GCXk~{', 8, 17, 8, 0, 14)
(4858, 'GCXnvg', 8, 16, 8, 0, 8)
(4859, 'GCXnvw', 8, 17, 8, 0, 11)
(4860, 'GCXnvs', 8, 17, 8, 0, 13)
(4861, 'GCXnvk', 8, 17, 8, 0, 12)
(4862, 'GCXnv[', 8, 17, 8, 0, 14)
(4863, 'GCXnv{', 8, 18, 8, 0, 16)
(4864, 'GCXn^w', 8, 17, 8, 0, 13)
(4865, 'GCXnZ{', 8, 17, 8, 0, 16)
(4866, 'GCXn^{', 8, 18, 8, 0, 18)
(4867, 'GCXm~w', 8, 17, 8, 0, 12)
(4868, 'GCXm~s', 8, 17, 8, 0, 13)
(4869, 'GCXm~[', 8, 17, 8, 0, 15)
(4870, 'GCXm}{', 8, 17, 8, 0, 15)
(4871, 'GCXm|{', 8, 17, 8, 0, 14)
(4872, 'GCXm~{', 8, 18, 8, 0, 17)
(4873, 'GCXn~w', 8, 18, 8, 0, 14)
(4874, 'GCXn~{', 8, 19, 8, 0, 20)
(4875, 'GCY^B_', 8, 12, 8, 0, 1)
(4876, 'GCY^F_', 8, 13, 8, 0, 2)
(4877, 'GCY^FO', 8, 13, 8, 0, 3)
(4878, 'GCY^Eo', 8, 13, 8, 0, 3)
(4879, 'GCY^Bo', 8, 13, 8, 0, 3)
(4880, 'GCY^FG', 8, 13, 8, 0, 2)
(4881, 'GCY^EW', 8, 13, 8, 0, 4)
(4882, 'GCY^BW', 8, 13, 8, 0, 4)
(4883, 'GCY^Cw', 8, 13, 8, 0, 5)
(4884, 'GCY^ES', 8, 13, 8, 0, 4)
(4885, 'GCY^BS', 8, 13, 8, 0, 5)
(4886, 'GCY^Cs', 8, 13, 8, 0, 3)
(4887, 'GCY^As', 8, 13, 8, 0, 3)
(4888, 'GCY^C[', 8, 13, 8, 0, 4)
(4889, 'GCY^Fo', 8, 14, 8, 0, 4)
(4890, 'GCY^Fg', 8, 14, 8, 0, 4)
(4891, 'GCY^FW', 8, 14, 8, 0, 5)
(4892, 'GCY^Ew', 8, 14, 8, 0, 6)
(4893, 'GCY^Bw', 8, 14, 8, 0, 5)
(4894, 'GCY^FS', 8, 14, 8, 0, 6)
(4895, 'GCY^Es', 8, 14, 8, 0, 5)
(4896, 'GCY^Bs', 8, 14, 8, 0, 5)
(4897, 'GCY^E[', 8, 14, 8, 0, 6)
(4898, 'GCY^C{', 8, 14, 8, 0, 6)
(4899, 'GCY^Fw', 8, 15, 8, 0, 7)
(4900, 'GCY^Fs', 8, 15, 8, 0, 7)
(4901, 'GCY^F[', 8, 15, 8, 0, 8)
(4902, 'GCY^E{', 8, 15, 8, 0, 8)
(4903, 'GCY^F{', 8, 16, 8, 0, 10)
(4904, 'GCY^eo', 8, 14, 8, 0, 4)
(4905, 'GCY^cw', 8, 14, 8, 0, 6)
(4906, 'GCY^fo', 8, 15, 8, 0, 5)
(4907, 'GCY^fg', 8, 15, 8, 0, 5)
(4908, 'GCY^fW', 8, 15, 8, 0, 6)
(4909, 'GCY^ew', 8, 15, 8, 0, 7)
(4910, 'GCY^fc', 8, 15, 8, 0, 7)
(4911, 'GCY^fw', 8, 16, 8, 0, 8)
(4912, 'GCY^fs', 8, 16, 8, 0, 9)
(4913, 'GCY^fk', 8, 16, 8, 0, 9)
(4914, 'GCY^f[', 8, 16, 8, 0, 9)
(4915, 'GCY^e{', 8, 16, 8, 0, 10)
(4916, 'GCY^f{', 8, 17, 8, 0, 12)
(4917, 'GCY^Vo', 8, 15, 8, 0, 6)
(4918, 'GCY^Vg', 8, 15, 8, 0, 6)
(4919, 'GCY^VW', 8, 15, 8, 0, 7)
(4920, 'GCY^Uw', 8, 15, 8, 0, 8)
(4921, 'GCY^Rw', 8, 15, 8, 0, 7)
(4922, 'GCY^VS', 8, 15, 8, 0, 9)
(4923, 'GCY^Us', 8, 15, 8, 0, 8)
(4924, 'GCY^Rs', 8, 15, 8, 0, 8)
(4925, 'GCY^U[', 8, 15, 8, 0, 9)
(4926, 'GCY^S{', 8, 15, 8, 0, 9)
(4927, 'GCY^Vw', 8, 16, 8, 0, 9)
(4928, 'GCY^Vs', 8, 16, 8, 0, 10)
(4929, 'GCY^V[', 8, 16, 8, 0, 11)
(4930, 'GCY^U{', 8, 16, 8, 0, 11)
(4931, 'GCY^V{', 8, 17, 8, 0, 13)
(4932, 'GCY]vo', 8, 15, 8, 0, 6)
(4933, 'GCY]vg', 8, 15, 8, 0, 6)
(4934, 'GCY]vW', 8, 15, 8, 0, 7)
(4935, 'GCY]tw', 8, 15, 8, 0, 8)
(4936, 'GCY]vc', 8, 15, 8, 0, 7)
(4937, 'GCY]ts', 8, 15, 8, 0, 8)
(4938, 'GCY]tk', 8, 15, 8, 0, 8)
(4939, 'GCY]vw', 8, 16, 8, 0, 9)
(4940, 'GCY]vs', 8, 16, 8, 0, 10)
(4941, 'GCY]vk', 8, 16, 8, 0, 9)
(4942, 'GCY]v[', 8, 16, 8, 0, 10)
(4943, 'GCY]t{', 8, 16, 8, 0, 11)
(4944, 'GCY]v{', 8, 17, 8, 0, 13)
(4945, 'GCY^No', 8, 15, 8, 0, 5)
(4946, 'GCY^Ng', 8, 15, 8, 0, 5)
(4947, 'GCY^NW', 8, 15, 8, 0, 6)
(4948, 'GCY^Mw', 8, 15, 8, 0, 7)
(4949, 'GCY^Jw', 8, 15, 8, 0, 6)
(4950, 'GCY^Nc', 8, 15, 8, 0, 6)
(4951, 'GCY^Ms', 8, 15, 8, 0, 6)
(4952, 'GCY^NK', 8, 15, 8, 0, 7)
(4953, 'GCY^Mk', 8, 15, 8, 0, 8)
(4954, 'GCY^Jk', 8, 15, 8, 0, 6)
(4955, 'GCY^Nw', 8, 16, 8, 0, 8)
(4956, 'GCY^Ns', 8, 16, 8, 0, 8)
(4957, 'GCY^Nk', 8, 16, 8, 0, 9)
(4958, 'GCY^N[', 8, 16, 8, 0, 10)
(4959, 'GCY^M{', 8, 16, 8, 0, 10)
(4960, 'GCY^J{', 8, 16, 8, 0, 9)
(4961, 'GCY^N{', 8, 17, 8, 0, 12)
(4962, 'GCY]no', 8, 15, 8, 0, 7)
(4963, 'GCY]ng', 8, 15, 8, 0, 7)
(4964, 'GCY]nW', 8, 15, 8, 0, 8)
(4965, 'GCY]lw', 8, 15, 8, 0, 9)
(4966, 'GCY]nc', 8, 15, 8, 0, 8)
(4967, 'GCY]lk', 8, 15, 8, 0, 10)
(4968, 'GCY]nw', 8, 16, 8, 0, 10)
(4969, 'GCY]ns', 8, 16, 8, 0, 10)
(4970, 'GCY]nk', 8, 16, 8, 0, 11)
(4971, 'GCY]n[', 8, 16, 8, 0, 11)
(4972, 'GCY]l{', 8, 16, 8, 0, 12)
(4973, 'GCY]n{', 8, 17, 8, 0, 14)
(4974, 'GCY[~o', 8, 15, 8, 0, 8)
(4975, 'GCY[~g', 8, 15, 8, 0, 8)
(4976, 'GCY[~K', 8, 15, 8, 0, 8)
(4977, 'GCY[~w', 8, 16, 8, 0, 11)
(4978, 'GCY[~k', 8, 16, 8, 0, 11)
(4979, 'GCY[~[', 8, 16, 8, 0, 12)
(4980, 'GCY[~{', 8, 17, 8, 0, 15)
(4981, 'GCY^vg', 8, 16, 8, 0, 7)
(4982, 'GCY^vw', 8, 17, 8, 0, 10)
(4983, 'GCY^vs', 8, 17, 8, 0, 12)
(4984, 'GCY^vk', 8, 17, 8, 0, 11)
(4985, 'GCY^v{', 8, 18, 8, 0, 15)
(4986, 'GCY^nw', 8, 17, 8, 0, 10)
(4987, 'GCY^nk', 8, 17, 8, 0, 12)
(4988, 'GCY^n{', 8, 18, 8, 0, 15)
(4989, 'GCY^^w', 8, 17, 8, 0, 11)
(4990, 'GCY^^s', 8, 17, 8, 0, 12)
(4991, 'GCY^^k', 8, 17, 8, 0, 12)
(4992, 'GCY^^[', 8, 17, 8, 0, 14)
(4993, 'GCY^]{', 8, 17, 8, 0, 14)
(4994, 'GCY^Z{', 8, 17, 8, 0, 13)
(4995, 'GCY^^{', 8, 18, 8, 0, 16)
(4996, 'GCY]~w', 8, 17, 8, 0, 12)
(4997, 'GCY]~s', 8, 17, 8, 0, 13)
(4998, 'GCY]~k', 8, 17, 8, 0, 13)
(4999, 'GCY]|{', 8, 17, 8, 0, 15)
(5000, 'GCY]~{', 8, 18, 8, 0, 17)
(5001, 'GCY^~w', 8, 18, 8, 0, 13)
(5002, 'GCY^~{', 8, 19, 8, 0, 19)
(5003, 'GCZvf_', 8, 15, 8, 0, 3)
(5004, 'GCZvfO', 8, 15, 8, 0, 4)
(5005, 'GCZvfo', 8, 16, 8, 0, 5)
(5006, 'GCZvfg', 8, 16, 8, 0, 7)
(5007, 'GCZvfK', 8, 16, 8, 0, 8)
(5008, 'GCZvek', 8, 16, 8, 0, 9)
(5009, 'GCZve[', 8, 16, 8, 0, 7)
(5010, 'GCZvb[', 8, 16, 8, 0, 8)
(5011, 'GCZvc{', 8, 16, 8, 0, 7)
(5012, 'GCZvfw', 8, 17, 8, 0, 9)
(5013, 'GCZvfk', 8, 17, 8, 0, 11)
(5014, 'GCZvf[', 8, 17, 8, 0, 10)
(5015, 'GCZve{', 8, 17, 8, 0, 10)
(5016, 'GCZvf{', 8, 18, 8, 0, 13)
(5017, 'GCZvvo', 8, 17, 8, 0, 7)
(5018, 'GCZvvg', 8, 17, 8, 0, 9)
(5019, 'GCZvvw', 8, 18, 8, 0, 11)
(5020, 'GCZvvs', 8, 18, 8, 0, 12)
(5021, 'GCZvv{', 8, 19, 8, 0, 16)
(5022, 'GCZvnw', 8, 18, 8, 0, 13)
(5023, 'GCZvnk', 8, 18, 8, 0, 16)
(5024, 'GCZvn{', 8, 19, 8, 0, 18)
(5025, 'GCZnfO', 8, 15, 8, 0, 5)
(5026, 'GCZnfo', 8, 16, 8, 0, 6)
(5027, 'GCZnfg', 8, 16, 8, 0, 7)
(5028, 'GCZnfW', 8, 16, 8, 0, 9)
(5029, 'GCZnew', 8, 16, 8, 0, 8)
(5030, 'GCZnbw', 8, 16, 8, 0, 8)
(5031, 'GCZnfc', 8, 16, 8, 0, 8)
(5032, 'GCZnfK', 8, 16, 8, 0, 9)
(5033, 'GCZnek', 8, 16, 8, 0, 9)
(5034, 'GCZnbk', 8, 16, 8, 0, 8)
(5035, 'GCZne[', 8, 16, 8, 0, 9)
(5036, 'GCZnb[', 8, 16, 8, 0, 10)
(5037, 'GCZnc{', 8, 16, 8, 0, 8)
(5038, 'GCZna{', 8, 16, 8, 0, 8)
(5039, 'GCZnfw', 8, 17, 8, 0, 10)
(5040, 'GCZnfs', 8, 17, 8, 0, 10)
(5041, 'GCZnfk', 8, 17, 8, 0, 11)
(5042, 'GCZnf[', 8, 17, 8, 0, 12)
(5043, 'GCZne{', 8, 17, 8, 0, 11)
(5044, 'GCZnb{', 8, 17, 8, 0, 11)
(5045, 'GCZnf{', 8, 18, 8, 0, 14)
(5046, 'GCZnVg', 8, 16, 8, 0, 8)
(5047, 'GCZnRw', 8, 16, 8, 0, 9)
(5048, 'GCZnUk', 8, 16, 8, 0, 9)
(5049, 'GCZnRk', 8, 16, 8, 0, 8)
(5050, 'GCZnS{', 8, 16, 8, 0, 9)
(5051, 'GCZnQ{', 8, 16, 8, 0, 9)
(5052, 'GCZnVw', 8, 17, 8, 0, 11)
(5053, 'GCZnVk', 8, 17, 8, 0, 11)
(5054, 'GCZnU{', 8, 17, 8, 0, 12)
(5055, 'GCZnR{', 8, 17, 8, 0, 12)
(5056, 'GCZnV{', 8, 18, 8, 0, 15)
(5057, 'GCZmvo', 8, 16, 8, 0, 7)
(5058, 'GCZmvg', 8, 16, 8, 0, 8)
(5059, 'GCZmvW', 8, 16, 8, 0, 10)
(5060, 'GCZmuw', 8, 16, 8, 0, 9)
(5061, 'GCZmtw', 8, 16, 8, 0, 9)
(5062, 'GCZmrw', 8, 16, 8, 0, 9)
(5063, 'GCZmvc', 8, 16, 8, 0, 8)
(5064, 'GCZmrs', 8, 16, 8, 0, 9)
(5065, 'GCZmvK', 8, 16, 8, 0, 9)
(5066, 'GCZmuk', 8, 16, 8, 0, 10)
(5067, 'GCZmtk', 8, 16, 8, 0, 9)
(5068, 'GCZmrk', 8, 16, 8, 0, 8)
(5069, 'GCZmu[', 8, 16, 8, 0, 11)
(5070, 'GCZmt[', 8, 16, 8, 0, 10)
(5071, 'GCZmr[', 8, 16, 8, 0, 11)
(5072, 'GCZms{', 8, 16, 8, 0, 10)
(5073, 'GCZmq{', 8, 16, 8, 0, 10)
(5074, 'GCZmp{', 8, 16, 8, 0, 9)
(5075, 'GCZmvw', 8, 17, 8, 0, 11)
(5076, 'GCZmvs', 8, 17, 8, 0, 11)
(5077, 'GCZmvk', 8, 17, 8, 0, 11)
(5078, 'GCZmv[', 8, 17, 8, 0, 13)
(5079, 'GCZmu{', 8, 17, 8, 0, 13)
(5080, 'GCZmt{', 8, 17, 8, 0, 12)
(5081, 'GCZmr{', 8, 17, 8, 0, 12)
(5082, 'GCZmv{', 8, 18, 8, 0, 15)
(5083, 'GCZjvg', 8, 16, 8, 0, 8)
(5084, 'GCZjvW', 8, 16, 8, 0, 10)
(5085, 'GCZjvK', 8, 16, 8, 0, 9)
(5086, 'GCZjuk', 8, 16, 8, 0, 9)
(5087, 'GCZju[', 8, 16, 8, 0, 10)
(5088, 'GCZjr[', 8, 16, 8, 0, 12)
(5089, 'GCZjs{', 8, 16, 8, 0, 9)
(5090, 'GCZjvw', 8, 17, 8, 0, 11)
(5091, 'GCZjvk', 8, 17, 8, 0, 11)
(5092, 'GCZjv[', 8, 17, 8, 0, 13)
(5093, 'GCZju{', 8, 17, 8, 0, 12)
(5094, 'GCZjv{', 8, 18, 8, 0, 15)
(5095, 'GCZnvg', 8, 17, 8, 0, 9)
(5096, 'GCZnvw', 8, 18, 8, 0, 12)
(5097, 'GCZnvs', 8, 18, 8, 0, 13)
(5098, 'GCZnvk', 8, 18, 8, 0, 13)
(5099, 'GCZnv{', 8, 19, 8, 0, 17)
(5100, 'GCZnnw', 8, 18, 8, 0, 13)
(5101, 'GCZnnk', 8, 18, 8, 0, 15)
(5102, 'GCZnn{', 8, 19, 8, 0, 18)
(5103, 'GCZn^w', 8, 18, 8, 0, 15)
(5104, 'GCZn^k', 8, 18, 8, 0, 16)
(5105, 'GCZn]{', 8, 18, 8, 0, 17)
(5106, 'GCZnZ{', 8, 18, 8, 0, 17)
(5107, 'GCZn^{', 8, 19, 8, 0, 20)
(5108, 'GCZm~w', 8, 18, 8, 0, 14)
(5109, 'GCZm~s', 8, 18, 8, 0, 14)
(5110, 'GCZm~k', 8, 18, 8, 0, 15)
(5111, 'GCZm}{', 8, 18, 8, 0, 17)
(5112, 'GCZm|{', 8, 18, 8, 0, 16)
(5113, 'GCZm~{', 8, 19, 8, 0, 19)
(5114, 'GCZj~w', 8, 18, 8, 0, 14)
(5115, 'GCZj~k', 8, 18, 8, 0, 15)
(5116, 'GCZj}{', 8, 18, 8, 0, 16)
(5117, 'GCZj~{', 8, 19, 8, 0, 19)
(5118, 'GCZ^fo', 8, 16, 8, 0, 6)
(5119, 'GCZ^fg', 8, 16, 8, 0, 7)
(5120, 'GCZ^ew', 8, 16, 8, 0, 9)
(5121, 'GCZ^dw', 8, 16, 8, 0, 8)
(5122, 'GCZ^fc', 8, 16, 8, 0, 8)
(5123, 'GCZ^fK', 8, 16, 8, 0, 8)
(5124, 'GCZ^ek', 8, 16, 8, 0, 10)
(5125, 'GCZ^dk', 8, 16, 8, 0, 9)
(5126, 'GCZ^e[', 8, 16, 8, 0, 9)
(5127, 'GCZ^d[', 8, 16, 8, 0, 8)
(5128, 'GCZ^b[', 8, 16, 8, 0, 9)
(5129, 'GCZ^c{', 8, 16, 8, 0, 9)
(5130, 'GCZ^fw', 8, 17, 8, 0, 10)
(5131, 'GCZ^fs', 8, 17, 8, 0, 10)
(5132, 'GCZ^fk', 8, 17, 8, 0, 11)
(5133, 'GCZ^f[', 8, 17, 8, 0, 11)
(5134, 'GCZ^e{', 8, 17, 8, 0, 12)
(5135, 'GCZ^d{', 8, 17, 8, 0, 11)
(5136, 'GCZ^f{', 8, 18, 8, 0, 14)
(5137, 'GCZ]vg', 8, 16, 8, 0, 8)
(5138, 'GCZ]tw', 8, 16, 8, 0, 9)
(5139, 'GCZ]vK', 8, 16, 8, 0, 8)
(5140, 'GCZ]tk', 8, 16, 8, 0, 9)
(5141, 'GCZ]t[', 8, 16, 8, 0, 9)
(5142, 'GCZ]r[', 8, 16, 8, 0, 10)
(5143, 'GCZ]vw', 8, 17, 8, 0, 11)
(5144, 'GCZ]vk', 8, 17, 8, 0, 11)
(5145, 'GCZ]v[', 8, 17, 8, 0, 12)
(5146, 'GCZ]t{', 8, 17, 8, 0, 12)
(5147, 'GCZ]v{', 8, 18, 8, 0, 15)
(5148, 'GCZ\\vo', 8, 16, 8, 0, 7)
(5149, 'GCZ\\vg', 8, 16, 8, 0, 8)
(5150, 'GCZ\\uw', 8, 16, 8, 0, 10)
(5151, 'GCZ\\vK', 8, 16, 8, 0, 8)
(5152, 'GCZ\\uk', 8, 16, 8, 0, 10)
(5153, 'GCZ\\u[', 8, 16, 8, 0, 10)
(5154, 'GCZ\\r[', 8, 16, 8, 0, 10)
(5155, 'GCZ\\s{', 8, 16, 8, 0, 11)
(5156, 'GCZ\\vw', 8, 17, 8, 0, 11)
(5157, 'GCZ\\vk', 8, 17, 8, 0, 11)
(5158, 'GCZ\\v[', 8, 17, 8, 0, 12)
(5159, 'GCZ\\u{', 8, 17, 8, 0, 13)
(5160, 'GCZ\\v{', 8, 18, 8, 0, 15)
(5161, 'GCZ^vg', 8, 17, 8, 0, 9)
(5162, 'GCZ^vw', 8, 18, 8, 0, 12)
(5163, 'GCZ^vs', 8, 18, 8, 0, 13)
(5164, 'GCZ^vk', 8, 18, 8, 0, 13)
(5165, 'GCZ^v{', 8, 19, 8, 0, 17)
(5166, 'GCZ^nw', 8, 18, 8, 0, 13)
(5167, 'GCZ^nk', 8, 18, 8, 0, 15)
(5168, 'GCZ^n{', 8, 19, 8, 0, 18)
(5169, 'GCZ]~w', 8, 18, 8, 0, 15)
(5170, 'GCZ]~k', 8, 18, 8, 0, 16)
(5171, 'GCZ]|{', 8, 18, 8, 0, 17)
(5172, 'GCZ]~{', 8, 19, 8, 0, 20)
(5173, 'GCZ\\~w', 8, 18, 8, 0, 14)
(5174, 'GCZ\\~k', 8, 18, 8, 0, 15)
(5175, 'GCZ\\~{', 8, 19, 8, 0, 19)
(5176, 'GCZ~vw', 8, 19, 8, 0, 14)
(5177, 'GCZ~vk', 8, 19, 8, 0, 15)
(5178, 'GCZ~v[', 8, 19, 8, 0, 16)
(5179, 'GCZ~u{', 8, 19, 8, 0, 16)
(5180, 'GCdbF?', 8, 10, 8, 0, 1)
(5181, 'GCdbE_', 8, 10, 8, 0, 2)
(5182, 'GCdbEG', 8, 10, 8, 0, 2)
(5183, 'GCdbF_', 8, 11, 8, 0, 2)
(5184, 'GCdbEo', 8, 11, 8, 0, 4)
(5185, 'GCdbFG', 8, 11, 8, 0, 3)
(5186, 'GCdbEg', 8, 11, 8, 0, 3)
(5187, 'GCdbFo', 8, 12, 8, 0, 4)
(5188, 'GCdbFg', 8, 12, 8, 0, 4)
(5189, 'GCdbEw', 8, 12, 8, 0, 5)
(5190, 'GCdbFK', 8, 12, 8, 0, 5)
(5191, 'GCdbFw', 8, 13, 8, 0, 6)
(5192, 'GCdbFk', 8, 13, 8, 0, 6)
(5193, 'GCdbF{', 8, 14, 8, 0, 8)
(5194, 'GCdef_', 8, 12, 8, 0, 3)
(5195, 'GCdedo', 8, 12, 8, 0, 5)
(5196, 'GCdefG', 8, 12, 8, 0, 4)
(5197, 'GCdedg', 8, 12, 8, 0, 4)
(5199, 'GCdedc', 8, 12, 8, 0, 5)
(5200, 'GCdefo', 8, 13, 8, 0, 5)
(5201, 'GCdefg', 8, 13, 8, 0, 5)
(5202, 'GCdefW', 8, 13, 8, 0, 5)
(5203, 'GCdedw', 8, 13, 8, 0, 6)
(5204, 'GCdefc', 8, 13, 8, 0, 6)
(5205, 'GCdefS', 8, 13, 8, 0, 5)
(5206, 'GCdeds', 8, 13, 8, 0, 7)
(5207, 'GCdefK', 8, 13, 8, 0, 6)
(5208, 'GCdedk', 8, 13, 8, 0, 6)
(5209, 'GCded[', 8, 13, 8, 0, 5)
(5210, 'GCdeb[', 8, 13, 8, 0, 5)
(5211, 'GCdefw', 8, 14, 8, 0, 7)
(5212, 'GCdefs', 8, 14, 8, 0, 8)
(5213, 'GCdefk', 8, 14, 8, 0, 8)
(5214, 'GCdef[', 8, 14, 8, 0, 7)
(5215, 'GCded{', 8, 14, 8, 0, 8)
(5216, 'GCdef{', 8, 15, 8, 0, 10)
(5217, 'GCdcvo', 8, 13, 8, 0, 7)
(5218, 'GCdcvg', 8, 13, 8, 0, 7)
(5219, 'GCdcvw', 8, 14, 8, 0, 9)
(5220, 'GCdcvs', 8, 14, 8, 0, 10)
(5221, 'GCdcv{', 8, 15, 8, 0, 12)
(5222, 'GCdbM_', 8, 11, 8, 0, 4)
(5223, 'GCdbN_', 8, 12, 8, 0, 4)
(5224, 'GCdbMo', 8, 12, 8, 0, 6)
(5225, 'GCdbNG', 8, 12, 8, 0, 5)
(5226, 'GCdbMg', 8, 12, 8, 0, 5)
(5227, 'GCdbKw', 8, 12, 8, 0, 6)
(5228, 'GCdbMK', 8, 12, 8, 0, 6)
(5229, 'GCdbKk', 8, 12, 8, 0, 5)
(5230, 'GCdbNo', 8, 13, 8, 0, 6)
(5231, 'GCdbNg', 8, 13, 8, 0, 6)
(5232, 'GCdbMw', 8, 13, 8, 0, 7)
(5233, 'GCdbNK', 8, 13, 8, 0, 8)
(5234, 'GCdbMk', 8, 13, 8, 0, 7)
(5235, 'GCdbK{', 8, 13, 8, 0, 7)
(5236, 'GCdbNw', 8, 14, 8, 0, 8)
(5237, 'GCdbNk', 8, 14, 8, 0, 9)
(5238, 'GCdbM{', 8, 14, 8, 0, 9)
(5239, 'GCdbN{', 8, 15, 8, 0, 11)
(5240, 'GCdffo', 8, 14, 8, 0, 5)
(5241, 'GCdffg', 8, 14, 8, 0, 5)
(5242, 'GCdffW', 8, 14, 8, 0, 5)
(5243, 'GCdfew', 8, 14, 8, 0, 6)
(5244, 'GCdffc', 8, 14, 8, 0, 7)
(5245, 'GCdffS', 8, 14, 8, 0, 6)
(5246, 'GCdfes', 8, 14, 8, 0, 8)
(5247, 'GCdfek', 8, 14, 8, 0, 7)
(5248, 'GCdfe[', 8, 14, 8, 0, 6)
(5249, 'GCdfc{', 8, 14, 8, 0, 7)
(5250, 'GCdffw', 8, 15, 8, 0, 7)
(5251, 'GCdffs', 8, 15, 8, 0, 9)
(5252, 'GCdffk', 8, 15, 8, 0, 9)
(5253, 'GCdff[', 8, 15, 8, 0, 8)
(5254, 'GCdfe{', 8, 15, 8, 0, 9)
(5255, 'GCdff{', 8, 16, 8, 0, 11)
(5256, 'GCdevo', 8, 14, 8, 0, 7)
(5257, 'GCdevg', 8, 14, 8, 0, 7)
(5258, 'GCdetw', 8, 14, 8, 0, 8)
(5259, 'GCdets', 8, 14, 8, 0, 10)
(5260, 'GCdevw', 8, 15, 8, 0, 9)
(5261, 'GCdevs', 8, 15, 8, 0, 11)
(5262, 'GCdevk', 8, 15, 8, 0, 10)
(5263, 'GCdet{', 8, 15, 8, 0, 11)
(5264, 'GCdev{', 8, 16, 8, 0, 13)
(5265, 'GCdfJo', 8, 13, 8, 0, 4)
(5266, 'GCdfKw', 8, 13, 8, 0, 6)
(5267, 'GCdfNo', 8, 14, 8, 0, 6)
(5268, 'GCdfNg', 8, 14, 8, 0, 6)
(5269, 'GCdfMw', 8, 14, 8, 0, 7)
(5270, 'GCdfJw', 8, 14, 8, 0, 6)
(5271, 'GCdfNc', 8, 14, 8, 0, 7)
(5272, 'GCdfMs', 8, 14, 8, 0, 8)
(5273, 'GCdfJs', 8, 14, 8, 0, 6)
(5274, 'GCdfNK', 8, 14, 8, 0, 9)
(5275, 'GCdfMk', 8, 14, 8, 0, 8)
(5276, 'GCdfJk', 8, 14, 8, 0, 8)
(5277, 'GCdfK{', 8, 14, 8, 0, 8)
(5278, 'GCdfI{', 8, 14, 8, 0, 7)
(5279, 'GCdfNw', 8, 15, 8, 0, 8)
(5280, 'GCdfNs', 8, 15, 8, 0, 9)
(5281, 'GCdfNk', 8, 15, 8, 0, 10)
(5282, 'GCdfM{', 8, 15, 8, 0, 10)
(5283, 'GCdfJ{', 8, 15, 8, 0, 9)
(5284, 'GCdfN{', 8, 16, 8, 0, 12)
(5285, 'GCdeno', 8, 14, 8, 0, 6)
(5286, 'GCdeng', 8, 14, 8, 0, 6)
(5287, 'GCdenW', 8, 14, 8, 0, 6)
(5288, 'GCdelw', 8, 14, 8, 0, 7)
(5289, 'GCdels', 8, 14, 8, 0, 8)
(5290, 'GCdelk', 8, 14, 8, 0, 8)
(5291, 'GCdel[', 8, 14, 8, 0, 7)
(5292, 'GCdenw', 8, 15, 8, 0, 8)
(5293, 'GCdens', 8, 15, 8, 0, 9)
(5294, 'GCdenk', 8, 15, 8, 0, 10)
(5295, 'GCden[', 8, 15, 8, 0, 9)
(5296, 'GCdel{', 8, 15, 8, 0, 10)
(5297, 'GCden{', 8, 16, 8, 0, 12)
(5298, 'GCdc~o', 8, 14, 8, 0, 7)
(5299, 'GCdc~g', 8, 14, 8, 0, 7)
(5300, 'GCdc~w', 8, 15, 8, 0, 9)
(5301, 'GCdc~s', 8, 15, 8, 0, 10)
(5302, 'GCdc~k', 8, 15, 8, 0, 10)
(5303, 'GCdc~{', 8, 16, 8, 0, 13)
(5304, 'GCdfvo', 8, 15, 8, 0, 7)
(5305, 'GCdfuw', 8, 15, 8, 0, 8)
(5306, 'GCdfvw', 8, 16, 8, 0, 9)
(5307, 'GCdfvs', 8, 16, 8, 0, 12)
(5308, 'GCdfu{', 8, 16, 8, 0, 12)
(5309, 'GCdfv{', 8, 17, 8, 0, 14)
(5310, 'GCdfno', 8, 15, 8, 0, 7)
(5311, 'GCdfng', 8, 15, 8, 0, 7)
(5312, 'GCdfnW', 8, 15, 8, 0, 7)
(5313, 'GCdfmw', 8, 15, 8, 0, 8)
(5314, 'GCdfnw', 8, 16, 8, 0, 9)
(5315, 'GCdfns', 8, 16, 8, 0, 11)
(5316, 'GCdfnk', 8, 16, 8, 0, 12)
(5317, 'GCdfn[', 8, 16, 8, 0, 11)
(5318, 'GCdfm{', 8, 16, 8, 0, 12)
(5319, 'GCdfn{', 8, 17, 8, 0, 14)
(5320, 'GCde|w', 8, 15, 8, 0, 9)
(5321, 'GCde~w', 8, 16, 8, 0, 10)
(5322, 'GCde|{', 8, 16, 8, 0, 13)
(5323, 'GCde~{', 8, 17, 8, 0, 15)
(5324, 'GCdf~w', 8, 17, 8, 0, 11)
(5325, 'GCdf~{', 8, 18, 8, 0, 17)
(5326, 'GCe^vw', 8, 17, 8, 0, 13)
(5327, 'GCe^vs', 8, 17, 8, 0, 15)
(5328, 'GCe^vk', 8, 17, 8, 0, 14)
(5329, 'GCe^v{', 8, 18, 8, 0, 18)
(5330, 'GCe^~w', 8, 18, 8, 0, 16)
(5331, 'GCe^~{', 8, 19, 8, 0, 22)
(5332, 'GCfvfg', 8, 16, 8, 0, 8)
(5333, 'GCfvfW', 8, 16, 8, 0, 7)
(5334, 'GCfvek', 8, 16, 8, 0, 10)
(5335, 'GCfvb[', 8, 16, 8, 0, 7)
(5336, 'GCfvc{', 8, 16, 8, 0, 10)
(5337, 'GCfvfw', 8, 17, 8, 0, 10)
(5338, 'GCfvfk', 8, 17, 8, 0, 12)
(5339, 'GCfvf[', 8, 17, 8, 0, 10)
(5340, 'GCfve{', 8, 17, 8, 0, 12)
(5341, 'GCfvf{', 8, 18, 8, 0, 14)
(5342, 'GCfvVg', 8, 16, 8, 0, 8)
(5343, 'GCfvRw', 8, 16, 8, 0, 7)
(5344, 'GCfvRk', 8, 16, 8, 0, 8)
(5345, 'GCfvS{', 8, 16, 8, 0, 10)
(5346, 'GCfvQ{', 8, 16, 8, 0, 8)
(5347, 'GCfvVw', 8, 17, 8, 0, 10)
(5348, 'GCfvVk', 8, 17, 8, 0, 11)
(5349, 'GCfvU{', 8, 17, 8, 0, 12)
(5350, 'GCfvR{', 8, 17, 8, 0, 10)
(5351, 'GCfvV{', 8, 18, 8, 0, 14)
(5352, 'GCfvvw', 8, 18, 8, 0, 12)
(5353, 'GCfvvs', 8, 18, 8, 0, 13)
(5354, 'GCfvvk', 8, 18, 8, 0, 14)
(5355, 'GCfvv{', 8, 19, 8, 0, 17)
(5356, 'GCfvnk', 8, 18, 8, 0, 17)
(5357, 'GCfvn[', 8, 18, 8, 0, 15)
(5358, 'GCfvm{', 8, 18, 8, 0, 17)
(5359, 'GCfvn{', 8, 19, 8, 0, 19)
(5360, 'GCfv^w', 8, 18, 8, 0, 13)
(5361, 'GCfv]{', 8, 18, 8, 0, 16)
(5362, 'GCfvZ{', 8, 18, 8, 0, 14)
(5363, 'GCfv^{', 8, 19, 8, 0, 18)
(5364, 'GCfu~w', 8, 18, 8, 0, 15)
(5365, 'GCfu~s', 8, 18, 8, 0, 15)
(5366, 'GCfu|{', 8, 18, 8, 0, 18)
(5367, 'GCfu~{', 8, 19, 8, 0, 20)
(5368, 'GCf^fg', 8, 16, 8, 0, 9)
(5369, 'GCf^fW', 8, 16, 8, 0, 9)
(5370, 'GCf^dw', 8, 16, 8, 0, 11)
(5371, 'GCf^fc', 8, 16, 8, 0, 10)
(5372, 'GCf^dk', 8, 16, 8, 0, 11)
(5373, 'GCf^b[', 8, 16, 8, 0, 9)
(5374, 'GCf^fw', 8, 17, 8, 0, 12)
(5375, 'GCf^fs', 8, 17, 8, 0, 12)
(5376, 'GCf^fk', 8, 17, 8, 0, 13)
(5377, 'GCf^f[', 8, 17, 8, 0, 12)
(5378, 'GCf^d{', 8, 17, 8, 0, 14)
(5379, 'GCf^f{', 8, 18, 8, 0, 16)
(5380, 'GCf\\vg', 8, 16, 8, 0, 11)
(5381, 'GCf\\vw', 8, 17, 8, 0, 14)
(5382, 'GCf\\vk', 8, 17, 8, 0, 14)
(5383, 'GCf\\v{', 8, 18, 8, 0, 18)
(5384, 'GCf^vw', 8, 18, 8, 0, 14)
(5385, 'GCf^vs', 8, 18, 8, 0, 15)
(5386, 'GCf^t{', 8, 18, 8, 0, 17)
(5387, 'GCf^v{', 8, 19, 8, 0, 19)
(5388, 'GCf\\~{', 8, 19, 8, 0, 22)
(5389, 'GCf~vw', 8, 19, 8, 0, 15)
(5390, 'GCf~vk', 8, 19, 8, 0, 16)
(5391, 'GCf~u{', 8, 19, 8, 0, 18)
(5392, 'GCzffW', 8, 16, 8, 0, 7)
(5393, 'GCzfew', 8, 16, 8, 0, 6)
(5394, 'GCzfbw', 8, 16, 8, 0, 5)
(5395, 'GCzffc', 8, 16, 8, 0, 6)
(5396, 'GCzffS', 8, 16, 8, 0, 7)
(5397, 'GCzfes', 8, 16, 8, 0, 7)
(5398, 'GCzffw', 8, 17, 8, 0, 8)
(5399, 'GCzffs', 8, 17, 8, 0, 9)
(5400, 'GCzff[', 8, 17, 8, 0, 10)
(5401, 'GCzff{', 8, 18, 8, 0, 12)
(5402, 'GCzfVg', 8, 16, 8, 0, 7)
(5403, 'GCzfRw', 8, 16, 8, 0, 7)
(5404, 'GCzfRs', 8, 16, 8, 0, 8)
(5405, 'GCzfQ{', 8, 16, 8, 0, 7)
(5406, 'GCzfVw', 8, 17, 8, 0, 10)
(5407, 'GCzfVs', 8, 17, 8, 0, 11)
(5408, 'GCzfU{', 8, 17, 8, 0, 11)
(5409, 'GCzfR{', 8, 17, 8, 0, 10)
(5410, 'GCzfV{', 8, 18, 8, 0, 14)
(5411, 'GCzbvg', 8, 16, 8, 0, 6)
(5412, 'GCzbvW', 8, 16, 8, 0, 8)
(5413, 'GCzbrw', 8, 16, 8, 0, 6)
(5414, 'GCzbrs', 8, 16, 8, 0, 8)
(5415, 'GCzbrk', 8, 16, 8, 0, 7)
(5416, 'GCzbvw', 8, 17, 8, 0, 9)
(5417, 'GCzbvs', 8, 17, 8, 0, 10)
(5418, 'GCzbvk', 8, 17, 8, 0, 9)
(5419, 'GCzbv[', 8, 17, 8, 0, 11)
(5420, 'GCzbu{', 8, 17, 8, 0, 10)
(5421, 'GCzbr{', 8, 17, 8, 0, 10)
(5422, 'GCzbv{', 8, 18, 8, 0, 13)
(5423, 'GCzfvw', 8, 18, 8, 0, 11)
(5424, 'GCzfvs', 8, 18, 8, 0, 13)
(5425, 'GCzfvk', 8, 18, 8, 0, 12)
(5426, 'GCzfv[', 8, 18, 8, 0, 14)
(5427, 'GCzfr{', 8, 18, 8, 0, 12)
(5428, 'GCzfv{', 8, 19, 8, 0, 16)
(5429, 'GCzfZw', 8, 17, 8, 0, 10)
(5430, 'GCzf^w', 8, 18, 8, 0, 13)
(5431, 'GCzfZ{', 8, 18, 8, 0, 14)
(5432, 'GCzf^{', 8, 19, 8, 0, 18)
(5433, 'GCze~w', 8, 18, 8, 0, 12)
(5434, 'GCze~s', 8, 18, 8, 0, 13)
(5435, 'GCze~[', 8, 18, 8, 0, 15)
(5436, 'GCze}{', 8, 18, 8, 0, 15)
(5437, 'GCze|{', 8, 18, 8, 0, 14)
(5438, 'GCzez{', 8, 18, 8, 0, 13)
(5439, 'GCze~{', 8, 19, 8, 0, 17)
(5440, 'GCzb}w', 8, 17, 8, 0, 9)
(5441, 'GCzbzw', 8, 17, 8, 0, 8)
(5442, 'GCzb~w', 8, 18, 8, 0, 11)
(5443, 'GCzbz{', 8, 18, 8, 0, 13)
(5444, 'GCzb~{', 8, 19, 8, 0, 16)
(5445, 'GCzf~w', 8, 19, 8, 0, 14)
(5446, 'GCxvF_', 8, 14, 8, 0, 1)
(5447, 'GCxvFO', 8, 14, 8, 0, 3)
(5448, 'GCxvBo', 8, 14, 8, 0, 2)
(5449, 'GCxvFG', 8, 14, 8, 0, 2)
(5450, 'GCxvEg', 8, 14, 8, 0, 3)
(5451, 'GCxvBg', 8, 14, 8, 0, 3)
(5452, 'GCxvEW', 8, 14, 8, 0, 3)
(5453, 'GCxvBW', 8, 14, 8, 0, 4)
(5454, 'GCxvBS', 8, 14, 8, 0, 4)
(5455, 'GCxvFo', 8, 15, 8, 0, 4)
(5456, 'GCxvFg', 8, 15, 8, 0, 4)
(5457, 'GCxvFW', 8, 15, 8, 0, 5)
(5458, 'GCxvEw', 8, 15, 8, 0, 5)
(5459, 'GCxvBw', 8, 15, 8, 0, 5)
(5460, 'GCxvFS', 8, 15, 8, 0, 6)
(5461, 'GCxvBs', 8, 15, 8, 0, 4)
(5462, 'GCxvFw', 8, 16, 8, 0, 7)
(5463, 'GCxvFs', 8, 16, 8, 0, 7)
(5464, 'GCxvF[', 8, 16, 8, 0, 8)
(5465, 'GCxvF{', 8, 17, 8, 0, 10)
(5466, 'GCxvf_', 8, 15, 8, 0, 2)
(5467, 'GCxvfO', 8, 15, 8, 0, 4)
(5468, 'GCxveo', 8, 15, 8, 0, 4)
(5469, 'GCxvbo', 8, 15, 8, 0, 3)
(5470, 'GCxveW', 8, 15, 8, 0, 4)
(5471, 'GCxvbW', 8, 15, 8, 0, 5)
(5472, 'GCxvcw', 8, 15, 8, 0, 4)
(5473, 'GCxvfo', 8, 16, 8, 0, 5)
(5474, 'GCxvfW', 8, 16, 8, 0, 6)
(5475, 'GCxvew', 8, 16, 8, 0, 6)
(5476, 'GCxvfc', 8, 16, 8, 0, 6)
(5477, 'GCxvfS', 8, 16, 8, 0, 7)
(5478, 'GCxves', 8, 16, 8, 0, 7)
(5479, 'GCxvbs', 8, 16, 8, 0, 6)
(5480, 'GCxve[', 8, 16, 8, 0, 6)
(5481, 'GCxvb[', 8, 16, 8, 0, 7)
(5482, 'GCxvc{', 8, 16, 8, 0, 6)
(5483, 'GCxvfw', 8, 17, 8, 0, 8)
(5484, 'GCxvfs', 8, 17, 8, 0, 9)
(5485, 'GCxvf[', 8, 17, 8, 0, 9)
(5486, 'GCxve{', 8, 17, 8, 0, 9)
(5487, 'GCxvf{', 8, 18, 8, 0, 12)
(5488, 'GCxvVG', 8, 15, 8, 0, 5)
(5489, 'GCxvVg', 8, 16, 8, 0, 7)
(5490, 'GCxvRw', 8, 16, 8, 0, 8)
(5491, 'GCxvVS', 8, 16, 8, 0, 10)
(5492, 'GCxvVw', 8, 17, 8, 0, 10)
(5493, 'GCxvVs', 8, 17, 8, 0, 11)
(5494, 'GCxvV[', 8, 17, 8, 0, 12)
(5495, 'GCxvU{', 8, 17, 8, 0, 11)
(5496, 'GCxvR{', 8, 17, 8, 0, 11)
(5497, 'GCxvV{', 8, 18, 8, 0, 14)
(5498, 'GCxvvg', 8, 17, 8, 0, 8)
(5499, 'GCxvvw', 8, 18, 8, 0, 11)
(5500, 'GCxvvs', 8, 18, 8, 0, 13)
(5501, 'GCxvvk', 8, 18, 8, 0, 12)
(5502, 'GCxvv[', 8, 18, 8, 0, 13)
(5503, 'GCxvu{', 8, 18, 8, 0, 13)
(5504, 'GCxvr{', 8, 18, 8, 0, 13)
(5505, 'GCxvv{', 8, 19, 8, 0, 16)
(5506, 'GCxv]w', 8, 17, 8, 0, 10)
(5507, 'GCxvZw', 8, 17, 8, 0, 10)
(5508, 'GCxv^w', 8, 18, 8, 0, 12)
(5509, 'GCxv^[', 8, 18, 8, 0, 15)
(5510, 'GCxvZ{', 8, 18, 8, 0, 14)
(5511, 'GCxv^{', 8, 19, 8, 0, 17)
(5512, 'GCxu}w', 8, 17, 8, 0, 10)
(5513, 'GCxu|w', 8, 17, 8, 0, 10)
(5514, 'GCxu~w', 8, 18, 8, 0, 12)
(5515, 'GCxu~[', 8, 18, 8, 0, 14)
(5516, 'GCxu}{', 8, 18, 8, 0, 15)
(5517, 'GCxu|{', 8, 18, 8, 0, 14)
(5518, 'GCxu~{', 8, 19, 8, 0, 17)
(5519, 'GCxv~w', 8, 19, 8, 0, 14)
(5520, 'GCzvbo', 8, 16, 8, 0, 4)
(5521, 'GCzvfo', 8, 17, 8, 0, 6)
(5522, 'GCzvfg', 8, 17, 8, 0, 7)
(5523, 'GCzvfW', 8, 17, 8, 0, 8)
(5524, 'GCzvfK', 8, 17, 8, 0, 8)
(5525, 'GCzvek', 8, 17, 8, 0, 9)
(5526, 'GCzvbk', 8, 17, 8, 0, 8)
(5527, 'GCzve[', 8, 17, 8, 0, 8)
(5528, 'GCzvb[', 8, 17, 8, 0, 8)
(5529, 'GCzvc{', 8, 17, 8, 0, 8)
(5530, 'GCzva{', 8, 17, 8, 0, 7)
(5531, 'GCzvfw', 8, 18, 8, 0, 10)
(5532, 'GCzvfk', 8, 18, 8, 0, 11)
(5533, 'GCzvf[', 8, 18, 8, 0, 11)
(5534, 'GCzve{', 8, 18, 8, 0, 11)
(5535, 'GCzvb{', 8, 18, 8, 0, 10)
(5536, 'GCzvf{', 8, 19, 8, 0, 14)
(5537, 'GCzvrw', 8, 18, 8, 0, 10)
(5538, 'GCzvvw', 8, 19, 8, 0, 13)
(5539, 'GCzvvs', 8, 19, 8, 0, 14)
(5540, 'GCzvnw', 8, 19, 8, 0, 14)
(5541, 'GCzvnk', 8, 19, 8, 0, 16)
(5542, 'GCzvj{', 8, 19, 8, 0, 15)
(5543, 'GCzr~w', 8, 19, 8, 0, 14)
(5544, 'GCzr~s', 8, 19, 8, 0, 14)
(5545, 'GCzrz{', 8, 19, 8, 0, 16)
(5546, 'GCznfW', 8, 17, 8, 0, 11)
(5547, 'GCznbw', 8, 17, 8, 0, 9)
(5548, 'GCznfc', 8, 17, 8, 0, 9)
(5549, 'GCznfS', 8, 17, 8, 0, 10)
(5550, 'GCznes', 8, 17, 8, 0, 10)
(5551, 'GCznbs', 8, 17, 8, 0, 9)
(5552, 'GCzne[', 8, 17, 8, 0, 11)
(5553, 'GCznb[', 8, 17, 8, 0, 11)
(5554, 'GCznc{', 8, 17, 8, 0, 10)
(5555, 'GCzna{', 8, 17, 8, 0, 9)
(5556, 'GCznfw', 8, 18, 8, 0, 12)
(5557, 'GCznfs', 8, 18, 8, 0, 12)
(5558, 'GCznf[', 8, 18, 8, 0, 14)
(5559, 'GCzne{', 8, 18, 8, 0, 13)
(5560, 'GCznb{', 8, 18, 8, 0, 12)
(5561, 'GCznf{', 8, 19, 8, 0, 16)
(5562, 'GCznvw', 8, 19, 8, 0, 15)
(5563, 'GCznvs', 8, 19, 8, 0, 16)
(5564, 'GCznvk', 8, 19, 8, 0, 15)
(5565, 'GCznr{', 8, 19, 8, 0, 16)
(5566, 'GCzn^w', 8, 19, 8, 0, 18)
(5567, 'GCzn]{', 8, 19, 8, 0, 20)
(5568, 'GCznZ{', 8, 19, 8, 0, 19)
(5569, 'GCzm~w', 8, 19, 8, 0, 17)
(5570, 'GCzm~s', 8, 19, 8, 0, 17)
(5571, 'GCzm}{', 8, 19, 8, 0, 20)
(5572, 'GCzm|{', 8, 19, 8, 0, 19)
(5573, 'GCzj}{', 8, 19, 8, 0, 18)
(5574, 'GCzjz{', 8, 19, 8, 0, 18)
(5575, 'GCz^fo', 8, 17, 8, 0, 8)
(5576, 'GCz^fg', 8, 17, 8, 0, 8)
(5577, 'GCz^fW', 8, 17, 8, 0, 10)
(5578, 'GCz^fS', 8, 17, 8, 0, 10)
(5579, 'GCz^es', 8, 17, 8, 0, 10)
(5580, 'GCz^ds', 8, 17, 8, 0, 10)
(5581, 'GCz^bs', 8, 17, 8, 0, 9)
(5582, 'GCz^fK', 8, 17, 8, 0, 9)
(5583, 'GCz^ek', 8, 17, 8, 0, 11)
(5584, 'GCz^dk', 8, 17, 8, 0, 10)
(5585, 'GCz^bk', 8, 17, 8, 0, 9)
(5586, 'GCz^d[', 8, 17, 8, 0, 10)
(5587, 'GCz^b[', 8, 17, 8, 0, 10)
(5588, 'GCz^c{', 8, 17, 8, 0, 11)
(5589, 'GCz^a{', 8, 17, 8, 0, 10)
(5590, 'GCz^`{', 8, 17, 8, 0, 9)
(5591, 'GCz^fw', 8, 18, 8, 0, 12)
(5592, 'GCz^fs', 8, 18, 8, 0, 12)
(5593, 'GCz^fk', 8, 18, 8, 0, 12)
(5594, 'GCz^f[', 8, 18, 8, 0, 13)
(5595, 'GCz^e{', 8, 18, 8, 0, 14)
(5596, 'GCz^d{', 8, 18, 8, 0, 13)
(5597, 'GCz^b{', 8, 18, 8, 0, 12)
(5598, 'GCz^f{', 8, 19, 8, 0, 16)
(5599, 'GCz^vw', 8, 19, 8, 0, 15)
(5600, 'GCz^vs', 8, 19, 8, 0, 16)
(5601, 'GCz^vk', 8, 19, 8, 0, 15)
(5602, 'GCz^t{', 8, 19, 8, 0, 17)
(5603, 'GCz^nw', 8, 19, 8, 0, 15)
(5604, 'GCz^nk', 8, 19, 8, 0, 16)
(5605, 'GCz^j{', 8, 19, 8, 0, 16)
(5606, 'GCz]~w', 8, 19, 8, 0, 18)
(5607, 'GCz]~k', 8, 19, 8, 0, 18)
(5608, 'GCz]|{', 8, 19, 8, 0, 20)
(5609, 'GCz\\~k', 8, 19, 8, 0, 17)
(5610, 'GCx~fo', 8, 17, 8, 0, 7)
(5611, 'GCx~ew', 8, 17, 8, 0, 9)
(5612, 'GCx~fc', 8, 17, 8, 0, 8)
(5613, 'GCx~fS', 8, 17, 8, 0, 9)
(5614, 'GCx~es', 8, 17, 8, 0, 9)
(5615, 'GCx~bs', 8, 17, 8, 0, 8)
(5616, 'GCx~e[', 8, 17, 8, 0, 9)
(5617, 'GCx~b[', 8, 17, 8, 0, 10)
(5618, 'GCx~c{', 8, 17, 8, 0, 9)
(5619, 'GCx~fw', 8, 18, 8, 0, 11)
(5620, 'GCx~fs', 8, 18, 8, 0, 11)
(5621, 'GCx~f[', 8, 18, 8, 0, 12)
(5622, 'GCx~e{', 8, 18, 8, 0, 12)
(5623, 'GCx~f{', 8, 19, 8, 0, 15)
(5624, 'GCx}~w', 8, 19, 8, 0, 16)
(5625, 'GCx}}{', 8, 19, 8, 0, 19)
(5626, 'GCx}|{', 8, 19, 8, 0, 18)
(5627, 'GCvfVg', 8, 16, 8, 0, 7)
(5628, 'GCvfVW', 8, 16, 8, 0, 8)
(5629, 'GCvfRw', 8, 16, 8, 0, 7)
(5630, 'GCvfVS', 8, 16, 8, 0, 9)
(5631, 'GCvfRs', 8, 16, 8, 0, 8)
(5632, 'GCvfRk', 8, 16, 8, 0, 7)
(5633, 'GCvfR[', 8, 16, 8, 0, 9)
(5634, 'GCvfQ{', 8, 16, 8, 0, 8)
(5635, 'GCvfP{', 8, 16, 8, 0, 7)
(5636, 'GCvfVw', 8, 17, 8, 0, 10)
(5637, 'GCvfVs', 8, 17, 8, 0, 11)
(5638, 'GCvfVk', 8, 17, 8, 0, 10)
(5639, 'GCvfV[', 8, 17, 8, 0, 12)
(5640, 'GCvfU{', 8, 17, 8, 0, 12)
(5641, 'GCvfT{', 8, 17, 8, 0, 11)
(5642, 'GCvfR{', 8, 17, 8, 0, 10)
(5643, 'GCvfV{', 8, 18, 8, 0, 14)
(5644, 'GCverw', 8, 16, 8, 0, 9)
(5645, 'GCvevS', 8, 16, 8, 0, 10)
(5646, 'GCvets', 8, 16, 8, 0, 11)
(5647, 'GCvers', 8, 16, 8, 0, 10)
(5648, 'GCver[', 8, 16, 8, 0, 10)
(5649, 'GCvep{', 8, 16, 8, 0, 9)
(5650, 'GCvevw', 8, 17, 8, 0, 12)
(5651, 'GCvevs', 8, 17, 8, 0, 13)
(5652, 'GCvev[', 8, 17, 8, 0, 13)
(5653, 'GCvet{', 8, 17, 8, 0, 13)
(5654, 'GCver{', 8, 17, 8, 0, 12)
(5655, 'GCvev{', 8, 18, 8, 0, 16)
(5656, 'GCvdrw', 8, 16, 8, 0, 8)
(5657, 'GCvdvS', 8, 16, 8, 0, 9)
(5658, 'GCvdrs', 8, 16, 8, 0, 9)
(5659, 'GCvdr[', 8, 16, 8, 0, 9)
(5660, 'GCvdq{', 8, 16, 8, 0, 9)
(5661, 'GCvdvw', 8, 17, 8, 0, 11)
(5662, 'GCvdvs', 8, 17, 8, 0, 12)
(5663, 'GCvdv[', 8, 17, 8, 0, 12)
(5664, 'GCvdu{', 8, 17, 8, 0, 13)
(5665, 'GCvdr{', 8, 17, 8, 0, 11)
(5666, 'GCvdv{', 8, 18, 8, 0, 15)
(5667, 'GCvbvg', 8, 16, 8, 0, 7)
(5668, 'GCvbvW', 8, 16, 8, 0, 8)
(5669, 'GCvbuw', 8, 16, 8, 0, 9)
(5670, 'GCvbtw', 8, 16, 8, 0, 8)
(5671, 'GCvbrw', 8, 16, 8, 0, 7)
(5672, 'GCvbvc', 8, 16, 8, 0, 7)
(5673, 'GCvbrs', 8, 16, 8, 0, 9)
(5674, 'GCvbuk', 8, 16, 8, 0, 8)
(5675, 'GCvbrk', 8, 16, 8, 0, 8)
(5676, 'GCvbvw', 8, 17, 8, 0, 10)
(5677, 'GCvbvs', 8, 17, 8, 0, 11)
(5678, 'GCvbvk', 8, 17, 8, 0, 10)
(5679, 'GCvbv[', 8, 17, 8, 0, 11)
(5680, 'GCvbu{', 8, 17, 8, 0, 12)
(5681, 'GCvbt{', 8, 17, 8, 0, 11)
(5682, 'GCvbr{', 8, 17, 8, 0, 11)
(5683, 'GCvbv{', 8, 18, 8, 0, 14)
(5684, 'GCvfNo', 8, 16, 8, 0, 8)
(5685, 'GCvfJw', 8, 16, 8, 0, 8)
(5686, 'GCvfNK', 8, 16, 8, 0, 11)
(5687, 'GCvfMk', 8, 16, 8, 0, 10)
(5688, 'GCvfLk', 8, 16, 8, 0, 10)
(5689, 'GCvfJk', 8, 16, 8, 0, 9)
(5690, 'GCvfH{', 8, 16, 8, 0, 8)
(5691, 'GCvfNw', 8, 17, 8, 0, 11)
(5692, 'GCvfNk', 8, 17, 8, 0, 12)
(5693, 'GCvfN[', 8, 17, 8, 0, 13)
(5694, 'GCvfM{', 8, 17, 8, 0, 13)
(5695, 'GCvfL{', 8, 17, 8, 0, 12)
(5696, 'GCvfJ{', 8, 17, 8, 0, 11)
(5697, 'GCvfN{', 8, 18, 8, 0, 15)
(5698, 'GCveno', 8, 16, 8, 0, 8)
(5699, 'GCvejw', 8, 16, 8, 0, 8)
(5700, 'GCveh{', 8, 16, 8, 0, 8)
(5701, 'GCvenw', 8, 17, 8, 0, 11)
(5702, 'GCvens', 8, 17, 8, 0, 11)
(5703, 'GCvenk', 8, 17, 8, 0, 12)
(5704, 'GCven[', 8, 17, 8, 0, 12)
(5705, 'GCvel{', 8, 17, 8, 0, 12)
(5706, 'GCvej{', 8, 17, 8, 0, 11)
(5707, 'GCven{', 8, 18, 8, 0, 15)
(5708, 'GCvdjw', 8, 16, 8, 0, 8)
(5709, 'GCvdjs', 8, 16, 8, 0, 8)
(5710, 'GCvdmk', 8, 16, 8, 0, 10)
(5711, 'GCvdlk', 8, 16, 8, 0, 11)
(5712, 'GCvdnw', 8, 17, 8, 0, 11)
(5713, 'GCvdns', 8, 17, 8, 0, 11)
(5714, 'GCvdnk', 8, 17, 8, 0, 12)
(5715, 'GCvdn[', 8, 17, 8, 0, 12)
(5716, 'GCvdm{', 8, 17, 8, 0, 13)
(5717, 'GCvdl{', 8, 17, 8, 0, 13)
(5718, 'GCvdj{', 8, 17, 8, 0, 11)
(5719, 'GCvdn{', 8, 18, 8, 0, 15)
(5720, 'GCvbno', 8, 16, 8, 0, 7)
(5721, 'GCvbng', 8, 16, 8, 0, 7)
(5722, 'GCvbmk', 8, 16, 8, 0, 9)
(5723, 'GCvblk', 8, 16, 8, 0, 9)
(5724, 'GCvbl[', 8, 16, 8, 0, 8)
(5725, 'GCvbk{', 8, 16, 8, 0, 9)
(5726, 'GCvbnw', 8, 17, 8, 0, 10)
(5727, 'GCvbnk', 8, 17, 8, 0, 11)
(5728, 'GCvbn[', 8, 17, 8, 0, 11)
(5729, 'GCvbm{', 8, 17, 8, 0, 12)
(5730, 'GCvbl{', 8, 17, 8, 0, 11)
(5731, 'GCvbn{', 8, 18, 8, 0, 14)
(5732, 'GCvfvw', 8, 18, 8, 0, 12)
(5733, 'GCvfvs', 8, 18, 8, 0, 14)
(5734, 'GCvfvk', 8, 18, 8, 0, 13)
(5735, 'GCvfu{', 8, 18, 8, 0, 15)
(5736, 'GCvfv{', 8, 19, 8, 0, 17)
(5737, 'GCvfnw', 8, 18, 8, 0, 12)
(5738, 'GCvfnk', 8, 18, 8, 0, 14)
(5739, 'GCvfn{', 8, 19, 8, 0, 17)
(5740, 'GCvf^w', 8, 18, 8, 0, 13)
(5741, 'GCvf^s', 8, 18, 8, 0, 14)
(5742, 'GCvf^k', 8, 18, 8, 0, 14)
(5743, 'GCvf^[', 8, 18, 8, 0, 16)
(5744, 'GCvf]{', 8, 18, 8, 0, 16)
(5745, 'GCvfZ{', 8, 18, 8, 0, 14)
(5746, 'GCvf^{', 8, 19, 8, 0, 18)
(5747, 'GCve~w', 8, 18, 8, 0, 14)
(5748, 'GCve~k', 8, 18, 8, 0, 15)
(5749, 'GCve~{', 8, 19, 8, 0, 19)
(5750, 'GCvd~w', 8, 18, 8, 0, 13)
(5751, 'GCvd~s', 8, 18, 8, 0, 14)
(5752, 'GCvd~k', 8, 18, 8, 0, 14)
(5753, 'GCvd~[', 8, 18, 8, 0, 15)
(5754, 'GCvd}{', 8, 18, 8, 0, 16)
(5755, 'GCvd|{', 8, 18, 8, 0, 16)
(5756, 'GCvdz{', 8, 18, 8, 0, 14)
(5757, 'GCvd~{', 8, 19, 8, 0, 18)
(5758, 'GCvb}w', 8, 17, 8, 0, 11)
(5759, 'GCvb|w', 8, 17, 8, 0, 10)
(5760, 'GCvb~w', 8, 18, 8, 0, 12)
(5761, 'GCvb~s', 8, 18, 8, 0, 13)
(5762, 'GCvb~k', 8, 18, 8, 0, 13)
(5763, 'GCvb}{', 8, 18, 8, 0, 15)
(5764, 'GCvbz{', 8, 18, 8, 0, 14)
(5765, 'GCvb~{', 8, 19, 8, 0, 17)
(5766, 'GCvf~w', 8, 19, 8, 0, 15)
(5767, 'GCvVvw', 8, 18, 8, 0, 13)
(5768, 'GCvVvs', 8, 18, 8, 0, 15)
(5769, 'GCvVvk', 8, 18, 8, 0, 14)
(5770, 'GCvVv[', 8, 18, 8, 0, 14)
(5771, 'GCvVt{', 8, 18, 8, 0, 15)
(5772, 'GCvVv{', 8, 19, 8, 0, 18)
(5773, 'GCvV^w', 8, 18, 8, 0, 13)
(5774, 'GCvV^[', 8, 18, 8, 0, 15)
(5775, 'GCvV\\{', 8, 18, 8, 0, 15)
(5776, 'GCvVZ{', 8, 18, 8, 0, 14)
(5777, 'GCvV^{', 8, 19, 8, 0, 18)
(5778, 'GCvT~w', 8, 18, 8, 0, 14)
(5779, 'GCvT|{', 8, 18, 8, 0, 17)
(5780, 'GCvT~{', 8, 19, 8, 0, 19)
(5781, 'GCvV~w', 8, 19, 8, 0, 16)
(5782, 'GCutvc', 8, 16, 8, 0, 9)
(5783, 'GCutvw', 8, 17, 8, 0, 12)
(5784, 'GCutvs', 8, 17, 8, 0, 13)
(5785, 'GCutvk', 8, 17, 8, 0, 12)
(5786, 'GCutv[', 8, 17, 8, 0, 12)
(5787, 'GCutu{', 8, 17, 8, 0, 14)
(5788, 'GCutv{', 8, 18, 8, 0, 16)
(5789, 'GCuvvw', 8, 18, 8, 0, 13)
(5790, 'GCuvvs', 8, 18, 8, 0, 15)
(5791, 'GCuvvk', 8, 18, 8, 0, 14)
(5792, 'GCuvu{', 8, 18, 8, 0, 16)
(5793, 'GCuvt{', 8, 18, 8, 0, 16)
(5794, 'GCuvv{', 8, 19, 8, 0, 18)
(5795, 'GCuv^w', 8, 18, 8, 0, 13)
(5796, 'GCuv^s', 8, 18, 8, 0, 14)
(5797, 'GCuv^[', 8, 18, 8, 0, 15)
(5798, 'GCuv]{', 8, 18, 8, 0, 16)
(5799, 'GCuvZ{', 8, 18, 8, 0, 14)
(5800, 'GCuv^{', 8, 19, 8, 0, 18)
(5801, 'GCuu~w', 8, 18, 8, 0, 15)
(5802, 'GCuu|{', 8, 18, 8, 0, 18)
(5803, 'GCuu~{', 8, 19, 8, 0, 20)
(5804, 'GCuv~w', 8, 19, 8, 0, 16)
(5805, 'GCvvfg', 8, 17, 8, 0, 8)
(5806, 'GCvvfK', 8, 17, 8, 0, 9)
(5807, 'GCvve[', 8, 17, 8, 0, 9)
(5808, 'GCvvb[', 8, 17, 8, 0, 8)
(5809, 'GCvvc{', 8, 17, 8, 0, 10)
(5810, 'GCvvfw', 8, 18, 8, 0, 11)
(5811, 'GCvvfk', 8, 18, 8, 0, 12)
(5812, 'GCvvf[', 8, 18, 8, 0, 11)
(5813, 'GCvve{', 8, 18, 8, 0, 13)
(5814, 'GCvvd{', 8, 18, 8, 0, 12)
(5815, 'GCvvf{', 8, 19, 8, 0, 15)
(5816, 'GCvvvw', 8, 19, 8, 0, 14)
(5817, 'GCvvvs', 8, 19, 8, 0, 15)
(5818, 'GCvvvk', 8, 19, 8, 0, 15)
(5819, 'GCvvt{', 8, 19, 8, 0, 16)
(5820, 'GCvvnk', 8, 19, 8, 0, 17)
(5821, 'GCvvl{', 8, 19, 8, 0, 17)
(5822, 'GCvt~w', 8, 19, 8, 0, 16)
(5823, 'GCvt|{', 8, 19, 8, 0, 19)
(5824, 'GCv^fo', 8, 17, 8, 0, 10)
(5825, 'GCv^fW', 8, 17, 8, 0, 11)
(5826, 'GCv^dw', 8, 17, 8, 0, 12)
(5827, 'GCv^fS', 8, 17, 8, 0, 11)
(5828, 'GCv^b[', 8, 17, 8, 0, 11)
(5829, 'GCv^fw', 8, 18, 8, 0, 14)
(5830, 'GCv^fs', 8, 18, 8, 0, 14)
(5831, 'GCv^f[', 8, 18, 8, 0, 14)
(5832, 'GCv^d{', 8, 18, 8, 0, 15)
(5833, 'GCv^f{', 8, 19, 8, 0, 18)
(5834, 'GCv^vw', 8, 19, 8, 0, 17)
(5835, 'GCv^vs', 8, 19, 8, 0, 18)
(5836, 'GCv^vk', 8, 19, 8, 0, 17)
(5837, 'GCv^t{', 8, 19, 8, 0, 19)
(5838, 'GCv\\|{', 8, 19, 8, 0, 22)
(5839, 'GCu~fo', 8, 17, 8, 0, 9)
(5840, 'GCu~fW', 8, 17, 8, 0, 10)
(5841, 'GCu~fS', 8, 17, 8, 0, 10)
(5842, 'GCu~ds', 8, 17, 8, 0, 11)
(5843, 'GCu~e[', 8, 17, 8, 0, 11)
(5844, 'GCu~b[', 8, 17, 8, 0, 10)
(5845, 'GCu~c{', 8, 17, 8, 0, 13)
(5846, 'GCu~fw', 8, 18, 8, 0, 13)
(5847, 'GCu~fs', 8, 18, 8, 0, 13)
(5848, 'GCu~f[', 8, 18, 8, 0, 13)
(5849, 'GCu~e{', 8, 18, 8, 0, 15)
(5850, 'GCu~f{', 8, 19, 8, 0, 17)
(5851, 'GC~vfo', 8, 18, 8, 0, 8)
(5852, 'GC~vfW', 8, 18, 8, 0, 9)
(5853, 'GC~vew', 8, 18, 8, 0, 10)
(5854, 'GC~ve[', 8, 18, 8, 0, 9)
(5855, 'GC~vb[', 8, 18, 8, 0, 9)
(5856, 'GC~vc{', 8, 18, 8, 0, 10)
(5857, 'GC~vfw', 8, 19, 8, 0, 12)
(5858, 'GC~vf[', 8, 19, 8, 0, 12)
(5859, 'GC~ve{', 8, 19, 8, 0, 13)
(5860, 'GErvfg', 8, 17, 8, 0, 10)
(5861, 'GErvfK', 8, 17, 8, 0, 10)
(5862, 'GErvek', 8, 17, 8, 0, 12)
(5863, 'GErvfw', 8, 18, 8, 0, 12)
(5864, 'GErvfk', 8, 18, 8, 0, 14)
(5865, 'GErvf[', 8, 18, 8, 0, 12)
(5866, 'GErvf{', 8, 19, 8, 0, 16)
(5867, 'GErtrw', 8, 17, 8, 0, 9)
(5868, 'GErtr[', 8, 17, 8, 0, 9)
(5869, 'GErtvw', 8, 18, 8, 0, 12)
(5870, 'GErtvk', 8, 18, 8, 0, 13)
(5871, 'GErtv[', 8, 18, 8, 0, 12)
(5872, 'GErtu{', 8, 18, 8, 0, 14)
(5873, 'GErtv{', 8, 19, 8, 0, 16)
(5874, 'GErvvW', 8, 18, 8, 0, 11)
(5875, 'GErvvw', 8, 19, 8, 0, 14)
(5876, 'GErvvs', 8, 19, 8, 0, 15)
(5877, 'GErvvk', 8, 19, 8, 0, 16)
(5878, 'GErvv[', 8, 19, 8, 0, 15)
(5879, 'GErvnk', 8, 19, 8, 0, 19)
(5880, 'GErvn[', 8, 19, 8, 0, 17)
(5881, 'GErvm{', 8, 19, 8, 0, 19)
(5882, 'GErvl{', 8, 19, 8, 0, 17)
(5883, 'GErv]{', 8, 19, 8, 0, 18)
(5884, 'GErv\\{', 8, 19, 8, 0, 16)
(5885, 'GEru~w', 8, 19, 8, 0, 17)
(5886, 'GEru~s', 8, 19, 8, 0, 17)
(5887, 'GErt~w', 8, 19, 8, 0, 15)
(5888, 'GErt}{', 8, 19, 8, 0, 18)
(5889, 'GEr^fg', 8, 17, 8, 0, 11)
(5890, 'GEr^fW', 8, 17, 8, 0, 11)
(5891, 'GEr^fS', 8, 17, 8, 0, 11)
(5892, 'GEr^fK', 8, 17, 8, 0, 11)
(5893, 'GEr^fw', 8, 18, 8, 0, 14)
(5894, 'GEr^fs', 8, 18, 8, 0, 14)
(5895, 'GEr^fk', 8, 18, 8, 0, 15)
(5896, 'GEr^f[', 8, 18, 8, 0, 14)
(5897, 'GEr^d{', 8, 18, 8, 0, 14)
(5898, 'GEr^f{', 8, 19, 8, 0, 18)
(5899, 'GEr^vo', 8, 18, 8, 0, 12)
(5900, 'GEr^vw', 8, 19, 8, 0, 16)
(5901, 'GEr^vs', 8, 19, 8, 0, 17)
(5902, 'GEhffO', 8, 14, 8, 0, 4)
(5903, 'GEhfeW', 8, 14, 8, 0, 4)
(5904, 'GEhfdW', 8, 14, 8, 0, 5)
(5905, 'GEhf`w', 8, 14, 8, 0, 4)
(5906, 'GEhffo', 8, 15, 8, 0, 6)
(5907, 'GEhffW', 8, 15, 8, 0, 6)
(5908, 'GEhfew', 8, 15, 8, 0, 6)
(5909, 'GEhfdw', 8, 15, 8, 0, 6)
(5910, 'GEhffc', 8, 15, 8, 0, 8)
(5911, 'GEhffS', 8, 15, 8, 0, 7)
(5912, 'GEhfes', 8, 15, 8, 0, 8)
(5913, 'GEhfe[', 8, 15, 8, 0, 6)
(5914, 'GEhfc{', 8, 15, 8, 0, 6)
(5915, 'GEhf`{', 8, 15, 8, 0, 6)
(5916, 'GEhffw', 8, 16, 8, 0, 8)
(5917, 'GEhffs', 8, 16, 8, 0, 10)
(5918, 'GEhff[', 8, 16, 8, 0, 9)
(5919, 'GEhfe{', 8, 16, 8, 0, 9)
(5920, 'GEhfd{', 8, 16, 8, 0, 9)
(5921, 'GEhff{', 8, 17, 8, 0, 12)
(5922, 'GEheuo', 8, 14, 8, 0, 6)
(5924, 'GEhevo', 8, 15, 8, 0, 7)
(5925, 'GEhevg', 8, 15, 8, 0, 7)
(5926, 'GEhevW', 8, 15, 8, 0, 7)
(5927, 'GEhevS', 8, 15, 8, 0, 8)
(5928, 'GEheus', 8, 15, 8, 0, 10)
(5929, 'GEhets', 8, 15, 8, 0, 9)
(5930, 'GEhevK', 8, 15, 8, 0, 7)
(5931, 'GEherk', 8, 15, 8, 0, 8)
(5932, 'GEher[', 8, 15, 8, 0, 8)
(5933, 'GEhevw', 8, 16, 8, 0, 9)
(5934, 'GEhevs', 8, 16, 8, 0, 11)
(5935, 'GEhevk', 8, 16, 8, 0, 10)
(5936, 'GEhev[', 8, 16, 8, 0, 10)
(5937, 'GEhev{', 8, 17, 8, 0, 13)
(5938, 'GEhbro', 8, 14, 8, 0, 4)
(5939, 'GEhbtg', 8, 14, 8, 0, 4)
(5940, 'GEhbvo', 8, 15, 8, 0, 6)
(5941, 'GEhbvg', 8, 15, 8, 0, 6)
(5942, 'GEhbvc', 8, 15, 8, 0, 7)
(5943, 'GEhbus', 8, 15, 8, 0, 8)
(5944, 'GEhbrs', 8, 15, 8, 0, 8)
(5945, 'GEhbuk', 8, 15, 8, 0, 7)
(5946, 'GEhbtk', 8, 15, 8, 0, 6)
(5947, 'GEhbvw', 8, 16, 8, 0, 8)
(5948, 'GEhbvs', 8, 16, 8, 0, 10)
(5949, 'GEhbvk', 8, 16, 8, 0, 9)
(5950, 'GEhbv{', 8, 17, 8, 0, 12)
(5951, 'GEhfvo', 8, 16, 8, 0, 8)
(5952, 'GEhfvg', 8, 16, 8, 0, 8)
(5953, 'GEhfuw', 8, 16, 8, 0, 8)
(5954, 'GEhfrw', 8, 16, 8, 0, 8)
(5955, 'GEhfvw', 8, 17, 8, 0, 10)
(5956, 'GEhfvs', 8, 17, 8, 0, 13)
(5957, 'GEhfvk', 8, 17, 8, 0, 12)
(5958, 'GEhfu{', 8, 17, 8, 0, 12)
(5959, 'GEhfr{', 8, 17, 8, 0, 12)
(5960, 'GEhfv{', 8, 18, 8, 0, 15)
(5961, 'GEhf~w', 8, 18, 8, 0, 12)
(5962, 'GEhf~{', 8, 19, 8, 0, 18)
(5963, 'GEjf`w', 8, 15, 8, 0, 4)
(5964, 'GEjfbw', 8, 16, 8, 0, 6)
(5965, 'GEjffc', 8, 16, 8, 0, 8)
(5966, 'GEjffS', 8, 16, 8, 0, 7)
(5967, 'GEjffK', 8, 16, 8, 0, 8)
(5968, 'GEjfa{', 8, 16, 8, 0, 6)
(5969, 'GEjf`{', 8, 16, 8, 0, 6)
(5970, 'GEjffw', 8, 17, 8, 0, 9)
(5971, 'GEjffs', 8, 17, 8, 0, 10)
(5972, 'GEjffk', 8, 17, 8, 0, 11)
(5973, 'GEjff[', 8, 17, 8, 0, 10)
(5974, 'GEjfe{', 8, 17, 8, 0, 10)
(5975, 'GEjfd{', 8, 17, 8, 0, 10)
(5976, 'GEjfb{', 8, 17, 8, 0, 9)
(5977, 'GEjff{', 8, 18, 8, 0, 13)
(5978, 'GEjerW', 8, 15, 8, 0, 6)
(5979, 'GEjeqw', 8, 15, 8, 0, 5)
(5980, 'GEjevW', 8, 16, 8, 0, 8)
(5981, 'GEjeuw', 8, 16, 8, 0, 8)
(5982, 'GEjerw', 8, 16, 8, 0, 7)
(5983, 'GEjevc', 8, 16, 8, 0, 8)
(5984, 'GEjevS', 8, 16, 8, 0, 8)
(5985, 'GEjeus', 8, 16, 8, 0, 10)
(5986, 'GEjets', 8, 16, 8, 0, 9)
(5987, 'GEjevK', 8, 16, 8, 0, 8)
(5988, 'GEjeuk', 8, 16, 8, 0, 10)
(5989, 'GEjetk', 8, 16, 8, 0, 8)
(5990, 'GEjerk', 8, 16, 8, 0, 8)
(5991, 'GEjeu[', 8, 16, 8, 0, 9)
(5992, 'GEjet[', 8, 16, 8, 0, 9)
(5993, 'GEjer[', 8, 16, 8, 0, 8)
(5994, 'GEjeq{', 8, 16, 8, 0, 8)
(5995, 'GEjep{', 8, 16, 8, 0, 7)
(5996, 'GEjevw', 8, 17, 8, 0, 10)
(5997, 'GEjevs', 8, 17, 8, 0, 11)
(5998, 'GEjevk', 8, 17, 8, 0, 11)
(5999, 'GEjev[', 8, 17, 8, 0, 11)
(6000, 'GEjeu{', 8, 17, 8, 0, 12)
(6001, 'GEjet{', 8, 17, 8, 0, 11)
(6002, 'GEjer{', 8, 17, 8, 0, 10)
(6003, 'GEjev{', 8, 18, 8, 0, 14)
(6004, 'GEjbuo', 8, 15, 8, 0, 5)
(6005, 'GEjbro', 8, 15, 8, 0, 4)
(6006, 'GEjbvG', 8, 15, 8, 0, 5)
(6007, 'GEjbug', 8, 15, 8, 0, 6)
(6008, 'GEjbtg', 8, 15, 8, 0, 5)
(6009, 'GEjbvo', 8, 16, 8, 0, 6)
(6010, 'GEjbvg', 8, 16, 8, 0, 7)
(6011, 'GEjbvc', 8, 16, 8, 0, 7)
(6012, 'GEjbus', 8, 16, 8, 0, 8)
(6013, 'GEjbrs', 8, 16, 8, 0, 8)
(6014, 'GEjbvK', 8, 16, 8, 0, 7)
(6015, 'GEjbuk', 8, 16, 8, 0, 8)
(6016, 'GEjbtk', 8, 16, 8, 0, 7)
(6017, 'GEjbvw', 8, 17, 8, 0, 9)
(6018, 'GEjbvs', 8, 17, 8, 0, 10)
(6019, 'GEjbvk', 8, 17, 8, 0, 10)
(6020, 'GEjbv{', 8, 18, 8, 0, 13)
(6021, 'GEjfNK', 8, 16, 8, 0, 10)
(6022, 'GEjfJk', 8, 16, 8, 0, 9)
(6023, 'GEjfK{', 8, 16, 8, 0, 8)
(6024, 'GEjfI{', 8, 16, 8, 0, 7)
(6025, 'GEjfNw', 8, 17, 8, 0, 10)
(6026, 'GEjfNk', 8, 17, 8, 0, 12)
(6027, 'GEjfM{', 8, 17, 8, 0, 11)
(6028, 'GEjfJ{', 8, 17, 8, 0, 10)
(6029, 'GEjfN{', 8, 18, 8, 0, 14)
(6030, 'GEjeno', 8, 16, 8, 0, 8)
(6031, 'GEjenc', 8, 16, 8, 0, 9)
(6032, 'GEjenS', 8, 16, 8, 0, 8)
(6033, 'GEjemk', 8, 16, 8, 0, 12)
(6034, 'GEjel[', 8, 16, 8, 0, 10)
(6035, 'GEjenw', 8, 17, 8, 0, 11)
(6036, 'GEjens', 8, 17, 8, 0, 11)
(6037, 'GEjenk', 8, 17, 8, 0, 13)
(6038, 'GEjen[', 8, 17, 8, 0, 12)
(6039, 'GEjen{', 8, 18, 8, 0, 15)
(6040, 'GEjdno', 8, 16, 8, 0, 7)
(6041, 'GEjdng', 8, 16, 8, 0, 8)
(6042, 'GEjdnc', 8, 16, 8, 0, 8)
(6043, 'GEjdnS', 8, 16, 8, 0, 7)
(6044, 'GEjdlk', 8, 16, 8, 0, 10)
(6045, 'GEjdm[', 8, 16, 8, 0, 8)
(6046, 'GEjdnw', 8, 17, 8, 0, 10)
(6047, 'GEjdns', 8, 17, 8, 0, 10)
(6048, 'GEjdnk', 8, 17, 8, 0, 12)
(6049, 'GEjdn[', 8, 17, 8, 0, 11)
(6050, 'GEjdn{', 8, 18, 8, 0, 14)
(6051, 'GEjfrw', 8, 17, 8, 0, 8)
(6052, 'GEjfvw', 8, 18, 8, 0, 11)
(6053, 'GEjfvs', 8, 18, 8, 0, 13)
(6054, 'GEjfvk', 8, 18, 8, 0, 13)
(6055, 'GEjfu{', 8, 18, 8, 0, 13)
(6056, 'GEjfr{', 8, 18, 8, 0, 12)
(6057, 'GEjfv{', 8, 19, 8, 0, 16)
(6058, 'GEjfnw', 8, 18, 8, 0, 12)
(6059, 'GEjfnk', 8, 18, 8, 0, 15)
(6060, 'GEjfn[', 8, 18, 8, 0, 14)
(6061, 'GEjfm{', 8, 18, 8, 0, 14)
(6062, 'GEjfl{', 8, 18, 8, 0, 14)
(6063, 'GEjfn{', 8, 19, 8, 0, 17)
(6064, 'GEjf~w', 8, 19, 8, 0, 14)
(6065, 'GEirvg', 8, 16, 8, 0, 8)
(6066, 'GEirvW', 8, 16, 8, 0, 7)
(6067, 'GEirtw', 8, 16, 8, 0, 9)
(6068, 'GEirvc', 8, 16, 8, 0, 8)
(6069, 'GEirus', 8, 16, 8, 0, 9)
(6070, 'GEirts', 8, 16, 8, 0, 9)
(6071, 'GEirrs', 8, 16, 8, 0, 9)
(6072, 'GEirvw', 8, 17, 8, 0, 10)
(6073, 'GEirvs', 8, 17, 8, 0, 11)
(6074, 'GEirt{', 8, 17, 8, 0, 12)
(6075, 'GEirv{', 8, 18, 8, 0, 14)
(6076, 'GEit^W', 8, 16, 8, 0, 9)
(6077, 'GEit^c', 8, 16, 8, 0, 9)
(6078, 'GEit^w', 8, 17, 8, 0, 12)
(6079, 'GEit^s', 8, 17, 8, 0, 12)
(6080, 'GEit^k', 8, 17, 8, 0, 13)
(6081, 'GEit^[', 8, 17, 8, 0, 13)
(6082, 'GEit^{', 8, 18, 8, 0, 16)
(6083, 'GEivvw', 8, 18, 8, 0, 12)
(6084, 'GEivvs', 8, 18, 8, 0, 14)
(6085, 'GEivv[', 8, 18, 8, 0, 13)
(6086, 'GEivt{', 8, 18, 8, 0, 15)
(6087, 'GEivr{', 8, 18, 8, 0, 13)
(6088, 'GEivv{', 8, 19, 8, 0, 17)
(6089, 'GEivnw', 8, 18, 8, 0, 13)
(6090, 'GEivns', 8, 18, 8, 0, 14)
(6091, 'GEivnk', 8, 18, 8, 0, 16)
(6092, 'GEivn[', 8, 18, 8, 0, 14)
(6093, 'GEivm{', 8, 18, 8, 0, 15)
(6094, 'GEivl{', 8, 18, 8, 0, 16)
(6095, 'GEivj{', 8, 18, 8, 0, 14)
(6096, 'GEivn{', 8, 19, 8, 0, 18)
(6097, 'GEiv^w', 8, 18, 8, 0, 12)
(6098, 'GEiv^[', 8, 18, 8, 0, 14)
(6099, 'GEiv^{', 8, 19, 8, 0, 17)
(6100, 'GEit~w', 8, 18, 8, 0, 14)
(6101, 'GEit~[', 8, 18, 8, 0, 15)
(6102, 'GEit~{', 8, 19, 8, 0, 19)
(6103, 'GEiv~w', 8, 19, 8, 0, 15)
(6104, 'GEhvF_', 8, 14, 8, 0, 3)
(6105, 'GEhvFO', 8, 14, 8, 0, 3)
(6106, 'GEhvEo', 8, 14, 8, 0, 4)
(6107, 'GEhvDo', 8, 14, 8, 0, 4)
(6108, 'GEhvBo', 8, 14, 8, 0, 3)
(6109, 'GEhvEg', 8, 14, 8, 0, 5)
(6110, 'GEhvDg', 8, 14, 8, 0, 4)
(6111, 'GEhvCw', 8, 14, 8, 0, 4)
(6112, 'GEhvAw', 8, 14, 8, 0, 4)
(6113, 'GEhvFC', 8, 14, 8, 0, 4)
(6114, 'GEhvEc', 8, 14, 8, 0, 5)
(6115, 'GEhvDc', 8, 14, 8, 0, 4)
(6116, 'GEhvBc', 8, 14, 8, 0, 4)
(6117, 'GEhvCs', 8, 14, 8, 0, 4)
(6118, 'GEhvAs', 8, 14, 8, 0, 3)
(6119, 'GEhv@s', 8, 14, 8, 0, 3)
(6120, 'GEhvCk', 8, 14, 8, 0, 4)
(6121, 'GEhvAk', 8, 14, 8, 0, 5)
(6122, 'GEhv?{', 8, 14, 8, 0, 2)
(6123, 'GEhvFo', 8, 15, 8, 0, 5)
(6124, 'GEhvFg', 8, 15, 8, 0, 6)
(6125, 'GEhvEw', 8, 15, 8, 0, 6)
(6126, 'GEhvDw', 8, 15, 8, 0, 6)
(6127, 'GEhvFc', 8, 15, 8, 0, 6)
(6128, 'GEhvFS', 8, 15, 8, 0, 6)
(6129, 'GEhvEs', 8, 15, 8, 0, 6)
(6130, 'GEhvDs', 8, 15, 8, 0, 6)
(6131, 'GEhvBs', 8, 15, 8, 0, 5)
(6132, 'GEhvEk', 8, 15, 8, 0, 7)
(6133, 'GEhvDk', 8, 15, 8, 0, 6)
(6134, 'GEhvC{', 8, 15, 8, 0, 5)
(6135, 'GEhvA{', 8, 15, 8, 0, 5)
(6136, 'GEhvFw', 8, 16, 8, 0, 8)
(6137, 'GEhvFs', 8, 16, 8, 0, 8)
(6138, 'GEhvFk', 8, 16, 8, 0, 9)
(6139, 'GEhvE{', 8, 16, 8, 0, 8)
(6140, 'GEhvD{', 8, 16, 8, 0, 8)
(6141, 'GEhvF{', 8, 17, 8, 0, 11)
(6142, 'GEhuV_', 8, 14, 8, 0, 4)
(6143, 'GEhuVO', 8, 14, 8, 0, 4)
(6144, 'GEhuUo', 8, 14, 8, 0, 5)
(6145, 'GEhuTo', 8, 14, 8, 0, 5)
(6146, 'GEhuRo', 8, 14, 8, 0, 4)
(6147, 'GEhuUg', 8, 14, 8, 0, 6)
(6148, 'GEhuUW', 8, 14, 8, 0, 4)
(6149, 'GEhuTW', 8, 14, 8, 0, 5)
(6150, 'GEhuSw', 8, 14, 8, 0, 5)
(6151, 'GEhuQw', 8, 14, 8, 0, 5)
(6152, 'GEhuUc', 8, 14, 8, 0, 6)
(6153, 'GEhuVo', 8, 15, 8, 0, 6)
(6154, 'GEhuVg', 8, 15, 8, 0, 7)
(6155, 'GEhuVW', 8, 15, 8, 0, 6)
(6156, 'GEhuUw', 8, 15, 8, 0, 7)
(6157, 'GEhuTw', 8, 15, 8, 0, 7)
(6158, 'GEhuRw', 8, 15, 8, 0, 7)
(6159, 'GEhuVc', 8, 15, 8, 0, 6)
(6160, 'GEhuUs', 8, 15, 8, 0, 8)
(6161, 'GEhuVw', 8, 16, 8, 0, 9)
(6162, 'GEhuVs', 8, 16, 8, 0, 9)
(6163, 'GEhuU{', 8, 16, 8, 0, 10)
(6164, 'GEhuV{', 8, 17, 8, 0, 12)
(6165, 'GEhvV_', 8, 15, 8, 0, 5)
(6166, 'GEhvUo', 8, 15, 8, 0, 6)
(6167, 'GEhvRo', 8, 15, 8, 0, 5)
(6168, 'GEhvUg', 8, 15, 8, 0, 7)
(6169, 'GEhvTg', 8, 15, 8, 0, 6)
(6170, 'GEhvSw', 8, 15, 8, 0, 6)
(6171, 'GEhvQw', 8, 15, 8, 0, 6)
(6172, 'GEhvVo', 8, 16, 8, 0, 7)
(6173, 'GEhvVg', 8, 16, 8, 0, 8)
(6174, 'GEhvUw', 8, 16, 8, 0, 8)
(6175, 'GEhvTw', 8, 16, 8, 0, 8)
(6176, 'GEhvVc', 8, 16, 8, 0, 8)
(6177, 'GEhvVS', 8, 16, 8, 0, 9)
(6178, 'GEhvUs', 8, 16, 8, 0, 9)
(6179, 'GEhvTs', 8, 16, 8, 0, 9)
(6180, 'GEhvRs', 8, 16, 8, 0, 8)
(6181, 'GEhvUk', 8, 16, 8, 0, 9)
(6182, 'GEhvTk', 8, 16, 8, 0, 8)
(6183, 'GEhvS{', 8, 16, 8, 0, 8)
(6184, 'GEhvQ{', 8, 16, 8, 0, 8)
(6185, 'GEhvVw', 8, 17, 8, 0, 10)
(6186, 'GEhvVs', 8, 17, 8, 0, 11)
(6187, 'GEhvVk', 8, 17, 8, 0, 11)
(6188, 'GEhvU{', 8, 17, 8, 0, 11)
(6189, 'GEhvT{', 8, 17, 8, 0, 11)
(6190, 'GEhvV{', 8, 18, 8, 0, 14)
(6191, 'GEhuuW', 8, 15, 8, 0, 6)
(6192, 'GEhuvo', 8, 16, 8, 0, 8)
(6193, 'GEhuvW', 8, 16, 8, 0, 8)
(6194, 'GEhutw', 8, 16, 8, 0, 9)
(6195, 'GEhurw', 8, 16, 8, 0, 9)
(6196, 'GEhuts', 8, 16, 8, 0, 10)
(6197, 'GEhurs', 8, 16, 8, 0, 9)
(6198, 'GEhus{', 8, 16, 8, 0, 10)
(6199, 'GEhup{', 8, 16, 8, 0, 9)
(6200, 'GEhuvw', 8, 17, 8, 0, 11)
(6201, 'GEhuvs', 8, 17, 8, 0, 12)
(6202, 'GEhuu{', 8, 17, 8, 0, 13)
(6203, 'GEhut{', 8, 17, 8, 0, 12)
(6204, 'GEhuv{', 8, 18, 8, 0, 15)
(6205, 'GEhttW', 8, 15, 8, 0, 7)
(6206, 'GEhtvW', 8, 16, 8, 0, 8)
(6207, 'GEhtuw', 8, 16, 8, 0, 9)
(6208, 'GEhttw', 8, 16, 8, 0, 9)
(6209, 'GEhtts', 8, 16, 8, 0, 11)
(6210, 'GEhttk', 8, 16, 8, 0, 10)
(6211, 'GEhtrk', 8, 16, 8, 0, 10)
(6212, 'GEhtt[', 8, 16, 8, 0, 10)
(6213, 'GEhts{', 8, 16, 8, 0, 10)
(6214, 'GEhtq{', 8, 16, 8, 0, 9)
(6215, 'GEhtp{', 8, 16, 8, 0, 10)
(6216, 'GEhtvw', 8, 17, 8, 0, 11)
(6217, 'GEhtvs', 8, 17, 8, 0, 12)
(6218, 'GEhtvk', 8, 17, 8, 0, 12)
(6219, 'GEhtv[', 8, 17, 8, 0, 11)
(6220, 'GEhtu{', 8, 17, 8, 0, 12)
(6221, 'GEhtt{', 8, 17, 8, 0, 13)
(6222, 'GEhtr{', 8, 17, 8, 0, 12)
(6223, 'GEhtv{', 8, 18, 8, 0, 15)
(6224, 'GEhrvg', 8, 16, 8, 0, 8)
(6225, 'GEhrvW', 8, 16, 8, 0, 7)
(6226, 'GEhrts', 8, 16, 8, 0, 9)
(6227, 'GEhrrs', 8, 16, 8, 0, 9)
(6228, 'GEhrvK', 8, 16, 8, 0, 7)
(6229, 'GEhrtk', 8, 16, 8, 0, 8)
(6230, 'GEhrrk', 8, 16, 8, 0, 10)
(6231, 'GEhru[', 8, 16, 8, 0, 7)
(6232, 'GEhrt[', 8, 16, 8, 0, 8)
(6233, 'GEhrr[', 8, 16, 8, 0, 9)
(6234, 'GEhrs{', 8, 16, 8, 0, 8)
(6235, 'GEhrq{', 8, 16, 8, 0, 9)
(6236, 'GEhrp{', 8, 16, 8, 0, 9)
(6237, 'GEhrvw', 8, 17, 8, 0, 10)
(6238, 'GEhrvs', 8, 17, 8, 0, 11)
(6239, 'GEhrvk', 8, 17, 8, 0, 11)
(6240, 'GEhrv[', 8, 17, 8, 0, 10)
(6241, 'GEhru{', 8, 17, 8, 0, 11)
(6242, 'GEhrt{', 8, 17, 8, 0, 11)
(6243, 'GEhrr{', 8, 17, 8, 0, 12)
(6244, 'GEhrv{', 8, 18, 8, 0, 14)
(6245, 'GEhtno', 8, 16, 8, 0, 8)
(6246, 'GEhtng', 8, 16, 8, 0, 9)
(6247, 'GEhtlw', 8, 16, 8, 0, 9)
(6248, 'GEhtlk', 8, 16, 8, 0, 11)
(6249, 'GEhtnw', 8, 17, 8, 0, 11)
(6250, 'GEhtns', 8, 17, 8, 0, 11)
(6251, 'GEhtnk', 8, 17, 8, 0, 13)
(6252, 'GEhtm{', 8, 17, 8, 0, 12)
(6253, 'GEhtl{', 8, 17, 8, 0, 13)
(6254, 'GEhtn{', 8, 18, 8, 0, 15)
(6255, 'GEhvvW', 8, 17, 8, 0, 9)
(6256, 'GEhvvw', 8, 18, 8, 0, 12)
(6257, 'GEhvvs', 8, 18, 8, 0, 14)
(6258, 'GEhvvk', 8, 18, 8, 0, 14)
(6259, 'GEhvv[', 8, 18, 8, 0, 13)
(6260, 'GEhvu{', 8, 18, 8, 0, 14)
(6261, 'GEhvt{', 8, 18, 8, 0, 14)
(6262, 'GEhvr{', 8, 18, 8, 0, 14)
(6263, 'GEhvv{', 8, 19, 8, 0, 17)
(6264, 'GEhvnw', 8, 18, 8, 0, 13)
(6265, 'GEhvnk', 8, 18, 8, 0, 16)
(6266, 'GEhvl{', 8, 18, 8, 0, 15)
(6267, 'GEhvn{', 8, 19, 8, 0, 18)
(6268, 'GEhu~w', 8, 18, 8, 0, 13)
(6269, 'GEhu~k', 8, 18, 8, 0, 15)
(6270, 'GEhu}{', 8, 18, 8, 0, 16)
(6271, 'GEhu|{', 8, 18, 8, 0, 15)
(6272, 'GEhuz{', 8, 18, 8, 0, 15)
(6273, 'GEhu~{', 8, 19, 8, 0, 18)
(6274, 'GEht~w', 8, 18, 8, 0, 13)
(6275, 'GEht|{', 8, 18, 8, 0, 16)
(6276, 'GEht~{', 8, 19, 8, 0, 18)
(6277, 'GEhv~w', 8, 19, 8, 0, 15)
(6278, 'GEjvfK', 8, 17, 8, 0, 10)
(6279, 'GEjvbk', 8, 17, 8, 0, 11)
(6280, 'GEjve[', 8, 17, 8, 0, 9)
(6281, 'GEjvb[', 8, 17, 8, 0, 9)
(6282, 'GEjvc{', 8, 17, 8, 0, 10)
(6283, 'GEjvfw', 8, 18, 8, 0, 12)
(6284, 'GEjvfk', 8, 18, 8, 0, 14)
(6285, 'GEjvf[', 8, 18, 8, 0, 12)
(6286, 'GEjve{', 8, 18, 8, 0, 13)
(6287, 'GEjvd{', 8, 18, 8, 0, 13)
(6288, 'GEjvb{', 8, 18, 8, 0, 12)
(6289, 'GEjvf{', 8, 19, 8, 0, 16)
(6290, 'GEjvVo', 8, 17, 8, 0, 8)
(6291, 'GEjvVg', 8, 17, 8, 0, 10)
(6292, 'GEjvVW', 8, 17, 8, 0, 9)
(6293, 'GEjvUw', 8, 17, 8, 0, 10)
(6294, 'GEjvTw', 8, 17, 8, 0, 10)
(6295, 'GEjvVK', 8, 17, 8, 0, 10)
(6296, 'GEjvUk', 8, 17, 8, 0, 11)
(6297, 'GEjvTk', 8, 17, 8, 0, 10)
(6298, 'GEjvRk', 8, 17, 8, 0, 10)
(6299, 'GEjvS{', 8, 17, 8, 0, 10)
(6300, 'GEjvQ{', 8, 17, 8, 0, 9)
(6301, 'GEjvVw', 8, 18, 8, 0, 12)
(6302, 'GEjvVk', 8, 18, 8, 0, 13)
(6303, 'GEjvU{', 8, 18, 8, 0, 13)
(6304, 'GEjvR{', 8, 18, 8, 0, 12)
(6305, 'GEjvV{', 8, 19, 8, 0, 16)
(6306, 'GEjurw', 8, 17, 8, 0, 10)
(6307, 'GEjuvK', 8, 17, 8, 0, 10)
(6308, 'GEjutk', 8, 17, 8, 0, 11)
(6309, 'GEjuu[', 8, 17, 8, 0, 11)
(6310, 'GEjur[', 8, 17, 8, 0, 10)
(6311, 'GEjus{', 8, 17, 8, 0, 12)
(6312, 'GEjuvw', 8, 18, 8, 0, 13)
(6313, 'GEjuvs', 8, 18, 8, 0, 13)
(6314, 'GEjuvk', 8, 18, 8, 0, 14)
(6315, 'GEjuv[', 8, 18, 8, 0, 13)
(6316, 'GEjuu{', 8, 18, 8, 0, 15)
(6317, 'GEjut{', 8, 18, 8, 0, 14)
(6318, 'GEjur{', 8, 18, 8, 0, 13)
(6319, 'GEjuv{', 8, 19, 8, 0, 17)
(6320, 'GEjtvW', 8, 17, 8, 0, 10)
(6321, 'GEjttw', 8, 17, 8, 0, 11)
(6322, 'GEjtvc', 8, 17, 8, 0, 10)
(6323, 'GEjtvK', 8, 17, 8, 0, 10)
(6324, 'GEjttk', 8, 17, 8, 0, 12)
(6325, 'GEjtrk', 8, 17, 8, 0, 11)
(6326, 'GEjtt[', 8, 17, 8, 0, 12)
(6327, 'GEjtr[', 8, 17, 8, 0, 10)
(6328, 'GEjts{', 8, 17, 8, 0, 12)
(6329, 'GEjtvw', 8, 18, 8, 0, 13)
(6330, 'GEjtvs', 8, 18, 8, 0, 13)
(6331, 'GEjtvk', 8, 18, 8, 0, 14)
(6332, 'GEjtv[', 8, 18, 8, 0, 13)
(6333, 'GEjtu{', 8, 18, 8, 0, 14)
(6334, 'GEjtt{', 8, 18, 8, 0, 15)
(6335, 'GEjtr{', 8, 18, 8, 0, 13)
(6336, 'GEjtv{', 8, 19, 8, 0, 17)
(6337, 'GEjvvw', 8, 19, 8, 0, 14)
(6338, 'GEjvvs', 8, 19, 8, 0, 15)
(6339, 'GEjvnw', 8, 19, 8, 0, 16)
(6340, 'GEjvnk', 8, 19, 8, 0, 19)
(6341, 'GEjvn[', 8, 19, 8, 0, 17)
(6342, 'GEjvm{', 8, 19, 8, 0, 18)
(6343, 'GEjvl{', 8, 19, 8, 0, 18)
(6344, 'GEjvj{', 8, 19, 8, 0, 17)
(6345, 'GEjv^w', 8, 19, 8, 0, 15)
(6346, 'GEjv]{', 8, 19, 8, 0, 17)
(6347, 'GEjvZ{', 8, 19, 8, 0, 16)
(6348, 'GEju~s', 8, 19, 8, 0, 16)
(6349, 'GEju}{', 8, 19, 8, 0, 19)
(6350, 'GEju|{', 8, 19, 8, 0, 18)
(6351, 'GEjt~s', 8, 19, 8, 0, 16)
(6352, 'GEjt|{', 8, 19, 8, 0, 19)
(6353, 'GEjr~w', 8, 19, 8, 0, 15)
(6354, 'GEjr~s', 8, 19, 8, 0, 15)
(6355, 'GEjr}{', 8, 19, 8, 0, 17)
(6356, 'GEjr|{', 8, 19, 8, 0, 17)
(6357, 'GEjrz{', 8, 19, 8, 0, 17)
(6358, 'GEj\\s{', 8, 17, 8, 0, 14)
(6359, 'GEj\\q{', 8, 17, 8, 0, 12)
(6360, 'GEj\\vw', 8, 18, 8, 0, 14)
(6361, 'GEj\\u{', 8, 18, 8, 0, 16)
(6362, 'GEj\\r{', 8, 18, 8, 0, 14)
(6363, 'GEj\\v{', 8, 19, 8, 0, 18)
(6364, 'GEj^rw', 8, 18, 8, 0, 12)
(6365, 'GEj^vw', 8, 19, 8, 0, 15)
(6366, 'GEj^vs', 8, 19, 8, 0, 16)
(6367, 'GEj^vk', 8, 19, 8, 0, 16)
(6368, 'GEj^v[', 8, 19, 8, 0, 16)
(6369, 'GEj^t{', 8, 19, 8, 0, 17)
(6370, 'GEj^r{', 8, 19, 8, 0, 16)
(6371, 'GEj]~w', 8, 19, 8, 0, 18)
(6372, 'GEj]|{', 8, 19, 8, 0, 20)
(6373, 'GEh~fg', 8, 17, 8, 0, 9)
(6374, 'GEh~fW', 8, 17, 8, 0, 9)
(6375, 'GEh~ew', 8, 17, 8, 0, 10)
(6376, 'GEh~dw', 8, 17, 8, 0, 10)
(6377, 'GEh~bw', 8, 17, 8, 0, 10)
(6378, 'GEh~fS', 8, 17, 8, 0, 9)
(6379, 'GEh~es', 8, 17, 8, 0, 10)
(6380, 'GEh~fK', 8, 17, 8, 0, 9)
(6381, 'GEh~ek', 8, 17, 8, 0, 11)
(6382, 'GEh~dk', 8, 17, 8, 0, 10)
(6383, 'GEh~bk', 8, 17, 8, 0, 11)
(6384, 'GEh~e[', 8, 17, 8, 0, 9)
(6385, 'GEh~d[', 8, 17, 8, 0, 10)
(6386, 'GEh~b[', 8, 17, 8, 0, 10)
(6387, 'GEh~fw', 8, 18, 8, 0, 12)
(6388, 'GEh~fs', 8, 18, 8, 0, 12)
(6389, 'GEh~fk', 8, 18, 8, 0, 13)
(6390, 'GEh~f[', 8, 18, 8, 0, 12)
(6391, 'GEh~e{', 8, 18, 8, 0, 13)
(6392, 'GEh~d{', 8, 18, 8, 0, 13)
(6393, 'GEh~b{', 8, 18, 8, 0, 13)
(6394, 'GEh~f{', 8, 19, 8, 0, 16)
(6395, 'GEh}vo', 8, 17, 8, 0, 9)
(6396, 'GEh}vW', 8, 17, 8, 0, 10)
(6397, 'GEh}uw', 8, 17, 8, 0, 11)
(6398, 'GEh}tw', 8, 17, 8, 0, 11)
(6399, 'GEh}rw', 8, 17, 8, 0, 11)
(6400, 'GEh}us', 8, 17, 8, 0, 12)
(6401, 'GEh}ts', 8, 17, 8, 0, 11)
(6402, 'GEh}rs', 8, 17, 8, 0, 10)
(6403, 'GEh}s{', 8, 17, 8, 0, 12)
(6404, 'GEh}p{', 8, 17, 8, 0, 11)
(6405, 'GEh}vw', 8, 18, 8, 0, 13)
(6406, 'GEh}vs', 8, 18, 8, 0, 13)
(6407, 'GEh}u{', 8, 18, 8, 0, 15)
(6408, 'GEh}t{', 8, 18, 8, 0, 14)
(6409, 'GEh}v{', 8, 19, 8, 0, 17)
(6410, 'GEhzvo', 8, 17, 8, 0, 8)
(6411, 'GEhzrw', 8, 17, 8, 0, 10)
(6412, 'GEhzvK', 8, 17, 8, 0, 8)
(6413, 'GEhzuk', 8, 17, 8, 0, 10)
(6414, 'GEhztk', 8, 17, 8, 0, 9)
(6415, 'GEhzs{', 8, 17, 8, 0, 10)
(6416, 'GEhzq{', 8, 17, 8, 0, 11)
(6417, 'GEhzvw', 8, 18, 8, 0, 12)
(6418, 'GEhzvk', 8, 18, 8, 0, 12)
(6419, 'GEhzu{', 8, 18, 8, 0, 13)
(6420, 'GEhzr{', 8, 18, 8, 0, 14)
(6421, 'GEhzv{', 8, 19, 8, 0, 16)
(6422, 'GEh~vo', 8, 18, 8, 0, 10)
(6423, 'GEh~rw', 8, 18, 8, 0, 12)
(6424, 'GEh~vw', 8, 19, 8, 0, 14)
(6425, 'GEh~vs', 8, 19, 8, 0, 15)
(6426, 'GEh~r{', 8, 19, 8, 0, 16)
(6427, 'GEh}~s', 8, 19, 8, 0, 16)
(6428, 'GEh}}{', 8, 19, 8, 0, 19)
(6429, 'GEh}|{', 8, 19, 8, 0, 18)
(6430, 'GEhz}{', 8, 19, 8, 0, 18)
(6431, 'GEhzz{', 8, 19, 8, 0, 19)
(6432, 'GEzfvw', 8, 19, 8, 0, 13)
(6433, 'GEzfvs', 8, 19, 8, 0, 15)
(6434, 'GEzfvk', 8, 19, 8, 0, 14)
(6435, 'GEzfv[', 8, 19, 8, 0, 15)
(6436, 'GEzfu{', 8, 19, 8, 0, 15)
(6437, 'GEzft{', 8, 19, 8, 0, 14)
(6438, 'GEzf]w', 8, 18, 8, 0, 12)
(6439, 'GEzf^w', 8, 19, 8, 0, 14)
(6440, 'GEzf^[', 8, 19, 8, 0, 17)
(6441, 'GEzf]{', 8, 19, 8, 0, 16)
(6442, 'GEzTng', 8, 17, 8, 0, 10)
(6443, 'GEzTmw', 8, 17, 8, 0, 12)
(6444, 'GEzTlw', 8, 17, 8, 0, 10)
(6445, 'GEzTnc', 8, 17, 8, 0, 10)
(6446, 'GEzTms', 8, 17, 8, 0, 11)
(6447, 'GEzTls', 8, 17, 8, 0, 11)
(6448, 'GEzTlk', 8, 17, 8, 0, 12)
(6449, 'GEzTnw', 8, 18, 8, 0, 13)
(6450, 'GEzTns', 8, 18, 8, 0, 13)
(6451, 'GEzTnk', 8, 18, 8, 0, 14)
(6452, 'GEzTm{', 8, 18, 8, 0, 15)
(6453, 'GEzTl{', 8, 18, 8, 0, 14)
(6454, 'GEzTj{', 8, 18, 8, 0, 13)
(6455, 'GEzTn{', 8, 19, 8, 0, 17)
(6456, 'GEzVvw', 8, 19, 8, 0, 15)
(6457, 'GEzVvs', 8, 19, 8, 0, 17)
(6458, 'GEzVvk', 8, 19, 8, 0, 16)
(6459, 'GEzVv[', 8, 19, 8, 0, 16)
(6460, 'GEzVu{', 8, 19, 8, 0, 18)
(6461, 'GEzVt{', 8, 19, 8, 0, 16)
(6462, 'GEzVnw', 8, 19, 8, 0, 15)
(6463, 'GEzVnk', 8, 19, 8, 0, 17)
(6464, 'GEzVm{', 8, 19, 8, 0, 18)
(6465, 'GEzU~o', 8, 18, 8, 0, 14)
(6466, 'GEzU~w', 8, 19, 8, 0, 17)
(6467, 'GEzT~w', 8, 19, 8, 0, 15)
(6468, 'GEzT~k', 8, 19, 8, 0, 16)
(6469, 'GEzT}{', 8, 19, 8, 0, 18)
(6470, 'GEzT|{', 8, 19, 8, 0, 17)
(6471, 'GEzTz{', 8, 19, 8, 0, 16)
(6472, 'GEzvew', 8, 18, 8, 0, 11)
(6473, 'GEzvfK', 8, 18, 8, 0, 10)
(6474, 'GEzvek', 8, 18, 8, 0, 12)
(6475, 'GEzvfw', 8, 19, 8, 0, 13)
(6476, 'GEzvfk', 8, 19, 8, 0, 14)
(6477, 'GEzvf[', 8, 19, 8, 0, 13)
(6478, 'GEznfo', 8, 18, 8, 0, 10)
(6479, 'GEznfW', 8, 18, 8, 0, 12)
(6480, 'GEzndw', 8, 18, 8, 0, 11)
(6481, 'GEznfc', 8, 18, 8, 0, 11)
(6482, 'GEznfS', 8, 18, 8, 0, 11)
(6483, 'GEznes', 8, 18, 8, 0, 12)
(6484, 'GEzne[', 8, 18, 8, 0, 12)
(6485, 'GEznc{', 8, 18, 8, 0, 11)
(6486, 'GEzn`{', 8, 18, 8, 0, 10)
(6487, 'GEznfw', 8, 19, 8, 0, 14)
(6488, 'GEznfs', 8, 19, 8, 0, 14)
(6489, 'GEznf[', 8, 19, 8, 0, 15)
(6490, 'GEzne{', 8, 19, 8, 0, 15)
(6491, 'GEznd{', 8, 19, 8, 0, 14)
(6492, 'GEnfbW', 8, 16, 8, 0, 6)
(6493, 'GEnffW', 8, 17, 8, 0, 8)
(6494, 'GEnfbw', 8, 17, 8, 0, 8)
(6495, 'GEnffS', 8, 17, 8, 0, 8)
(6496, 'GEnffK', 8, 17, 8, 0, 9)
(6497, 'GEnfdk', 8, 17, 8, 0, 9)
(6498, 'GEnffw', 8, 18, 8, 0, 11)
(6499, 'GEnffs', 8, 18, 8, 0, 12)
(6500, 'GEnffk', 8, 18, 8, 0, 12)
(6501, 'GEnff[', 8, 18, 8, 0, 11)
(6502, 'GEnff{', 8, 19, 8, 0, 15)
(6503, 'GEnbvG', 8, 16, 8, 0, 7)
(6504, 'GEnbvo', 8, 17, 8, 0, 9)
(6505, 'GEnbrw', 8, 17, 8, 0, 9)
(6506, 'GEnbus', 8, 17, 8, 0, 11)
(6507, 'GEnbvw', 8, 18, 8, 0, 12)
(6508, 'GEnbvs', 8, 18, 8, 0, 13)
(6509, 'GEnbu{', 8, 18, 8, 0, 13)
(6510, 'GEnbv{', 8, 19, 8, 0, 16)
(6511, 'GEnfvw', 8, 19, 8, 0, 14)
(6512, 'GEnfvs', 8, 19, 8, 0, 16)
(6513, 'GEnfu{', 8, 19, 8, 0, 16)
(6514, 'GEnfr{', 8, 19, 8, 0, 15)
(6515, 'GEnfnw', 8, 19, 8, 0, 14)
(6516, 'GEnfns', 8, 19, 8, 0, 15)
(6517, 'GEnfnk', 8, 19, 8, 0, 16)
(6518, 'GEnfn[', 8, 19, 8, 0, 15)
(6519, 'GEnfm{', 8, 19, 8, 0, 16)
(6520, 'GEnfl{', 8, 19, 8, 0, 16)
(6521, 'GEnfj{', 8, 19, 8, 0, 15)
(6522, 'GEne~w', 8, 19, 8, 0, 15)
(6523, 'GEne}{', 8, 19, 8, 0, 18)
(6524, 'GEne|{', 8, 19, 8, 0, 17)
(6525, 'GEnb~g', 8, 18, 8, 0, 11)
(6526, 'GEnb~w', 8, 19, 8, 0, 14)
(6527, 'GEnb}{', 8, 19, 8, 0, 16)
(6528, 'GEnbz{', 8, 19, 8, 0, 16)
(6529, 'GEnvVo', 8, 18, 8, 0, 10)
(6530, 'GEnvVW', 8, 18, 8, 0, 10)
(6531, 'GEnvUw', 8, 18, 8, 0, 12)
(6532, 'GEnvTw', 8, 18, 8, 0, 12)
(6533, 'GEnvRw', 8, 18, 8, 0, 11)
(6534, 'GEnvTk', 8, 18, 8, 0, 11)
(6535, 'GEnvRk', 8, 18, 8, 0, 11)
(6536, 'GEnvS{', 8, 18, 8, 0, 12)
(6537, 'GEnvQ{', 8, 18, 8, 0, 11)
(6538, 'GEnvVw', 8, 19, 8, 0, 14)
(6539, 'GEnvVk', 8, 19, 8, 0, 14)
(6540, 'GEnvU{', 8, 19, 8, 0, 15)
(6541, 'GEnvR{', 8, 19, 8, 0, 14)
(6542, 'GFzfvo', 8, 19, 8, 0, 12)
(6543, 'GFzfuw', 8, 19, 8, 0, 12)
(6544, 'GFzvVo', 8, 19, 8, 0, 12)
(6545, 'GFzvVg', 8, 19, 8, 0, 13)
(6546, 'GFzvUw', 8, 19, 8, 0, 13)
(6547, 'GFzvS{', 8, 19, 8, 0, 12)
(6548, 'GQhTV_', 8, 13, 8, 0, 7)
(6549, 'GQhTVO', 8, 13, 8, 0, 8)
(6550, 'GQhTUg', 8, 13, 8, 0, 8)
(6551, 'GQhTVo', 8, 14, 8, 0, 9)
(6552, 'GQhTVg', 8, 14, 8, 0, 9)
(6553, 'GQhTVS', 8, 14, 8, 0, 11)
(6554, 'GQhTVw', 8, 15, 8, 0, 11)
(6555, 'GQhTVs', 8, 15, 8, 0, 12)
(6556, 'GQhTV{', 8, 16, 8, 0, 14)
(6593, 'GQjdvo', 8, 16, 8, 0, 9)
(6594, 'GQjdvg', 8, 16, 8, 0, 10)
(6595, 'GQjdvW', 8, 16, 8, 0, 11)
(6596, 'GQjdts', 8, 16, 8, 0, 12)
(6597, 'GQjdtk', 8, 16, 8, 0, 11)
(6598, 'GQjdq{', 8, 16, 8, 0, 9)
(6599, 'GQjdvw', 8, 17, 8, 0, 12)
(6600, 'GQjdvs', 8, 17, 8, 0, 13)
(6601, 'GQjdvk', 8, 17, 8, 0, 13)
(6602, 'GQjdv[', 8, 17, 8, 0, 14)
(6603, 'GQjdu{', 8, 17, 8, 0, 12)
(6604, 'GQjdt{', 8, 17, 8, 0, 14)
(6605, 'GQjdv{', 8, 18, 8, 0, 16)
(6606, 'GQjfLk', 8, 16, 8, 0, 12)
(6607, 'GQjfK{', 8, 16, 8, 0, 10)
(6608, 'GQjfNw', 8, 17, 8, 0, 13)
(6609, 'GQjfNk', 8, 17, 8, 0, 15)
(6610, 'GQjfM{', 8, 17, 8, 0, 13)
(6611, 'GQjfL{', 8, 17, 8, 0, 14)
(6612, 'GQjfN{', 8, 18, 8, 0, 17)
(6613, 'GQjdmk', 8, 16, 8, 0, 11)
(6614, 'GQjdm[', 8, 16, 8, 0, 10)
(6615, 'GQjdnw', 8, 17, 8, 0, 12)
(6616, 'GQjdnk', 8, 17, 8, 0, 14)
(6617, 'GQjdn[', 8, 17, 8, 0, 14)
(6618, 'GQjdm{', 8, 17, 8, 0, 12)
(6619, 'GQjdn{', 8, 18, 8, 0, 16)
(6620, 'GQjfvw', 8, 18, 8, 0, 13)
(6621, 'GQjfvs', 8, 18, 8, 0, 15)
(6622, 'GQjfv[', 8, 18, 8, 0, 16)
(6623, 'GQjfv{', 8, 19, 8, 0, 18)
(6624, 'GQjfnw', 8, 18, 8, 0, 14)
(6625, 'GQjfns', 8, 18, 8, 0, 15)
(6626, 'GQjfnk', 8, 18, 8, 0, 17)
(6627, 'GQjfn[', 8, 18, 8, 0, 17)
(6628, 'GQjfm{', 8, 18, 8, 0, 15)
(6629, 'GQjfn{', 8, 19, 8, 0, 19)
(6630, 'GQjf^w', 8, 18, 8, 0, 15)
(6631, 'GQjf^{', 8, 19, 8, 0, 20)
(6632, 'GQje~w', 8, 18, 8, 0, 13)
(6633, 'GQje~s', 8, 18, 8, 0, 14)
(6634, 'GQje~[', 8, 18, 8, 0, 16)
(6635, 'GQje}{', 8, 18, 8, 0, 15)
(6636, 'GQjez{', 8, 18, 8, 0, 14)
(6637, 'GQje~{', 8, 19, 8, 0, 18)
(6638, 'GQjd~w', 8, 18, 8, 0, 14)
(6639, 'GQjd~s', 8, 18, 8, 0, 15)
(6640, 'GQjd~k', 8, 18, 8, 0, 16)
(6641, 'GQjd~[', 8, 18, 8, 0, 17)
(6642, 'GQjd}{', 8, 18, 8, 0, 15)
(6643, 'GQjd|{', 8, 18, 8, 0, 17)
(6644, 'GQjd~{', 8, 19, 8, 0, 19)
(6645, 'GQjf~w', 8, 19, 8, 0, 16)
(6646, 'GQjRf_', 8, 14, 8, 0, 5)
(6647, 'GQjRfO', 8, 14, 8, 0, 6)
(6648, 'GQjReo', 8, 14, 8, 0, 5)
(6649, 'GQjRfG', 8, 14, 8, 0, 6)
(6650, 'GQjReg', 8, 14, 8, 0, 7)
(6651, 'GQjRbg', 8, 14, 8, 0, 6)
(6652, 'GQjReW', 8, 14, 8, 0, 6)
(6654, 'GQjRbW', 8, 14, 8, 0, 5)
(6655, 'GQjRaw', 8, 14, 8, 0, 6)
(6656, 'GQjReK', 8, 14, 8, 0, 6)
(6657, 'GQjRdK', 8, 14, 8, 0, 6)
(6659, 'GQjRc[', 8, 14, 8, 0, 5)
(6660, 'GQjRa[', 8, 14, 8, 0, 5)
(6661, 'GQjRfo', 8, 15, 8, 0, 7)
(6662, 'GQjRfg', 8, 15, 8, 0, 8)
(6663, 'GQjRfW', 8, 15, 8, 0, 8)
(6664, 'GQjRew', 8, 15, 8, 0, 8)
(6665, 'GQjRbw', 8, 15, 8, 0, 7)
(6666, 'GQjRfK', 8, 15, 8, 0, 8)
(6667, 'GQjRek', 8, 15, 8, 0, 9)
(6668, 'GQjRe[', 8, 15, 8, 0, 7)
(6669, 'GQjRd[', 8, 15, 8, 0, 8)
(6670, 'GQjRa{', 8, 15, 8, 0, 8)
(6671, 'GQjRfw', 8, 16, 8, 0, 10)
(6672, 'GQjRfk', 8, 16, 8, 0, 11)
(6673, 'GQjRf[', 8, 16, 8, 0, 10)
(6674, 'GQjRe{', 8, 16, 8, 0, 10)
(6675, 'GQjRf{', 8, 17, 8, 0, 13)
(6676, 'GQjVfg', 8, 16, 8, 0, 9)
(6677, 'GQjVfW', 8, 16, 8, 0, 9)
(6678, 'GQjVbw', 8, 16, 8, 0, 8)
(6679, 'GQjVfc', 8, 16, 8, 0, 10)
(6680, 'GQjVes', 8, 16, 8, 0, 9)
(6681, 'GQjVek', 8, 16, 8, 0, 11)
(6682, 'GQjVb[', 8, 16, 8, 0, 8)
(6683, 'GQjVfw', 8, 17, 8, 0, 11)
(6684, 'GQjVfs', 8, 17, 8, 0, 12)
(6685, 'GQjVfk', 8, 17, 8, 0, 13)
(6686, 'GQjVf[', 8, 17, 8, 0, 12)
(6687, 'GQjVe{', 8, 17, 8, 0, 12)
(6688, 'GQjVb{', 8, 17, 8, 0, 11)
(6689, 'GQjVf{', 8, 18, 8, 0, 15)
(6690, 'GQjVRg', 8, 15, 8, 0, 8)
(6691, 'GQjVRW', 8, 15, 8, 0, 7)
(6692, 'GQjVVo', 8, 16, 8, 0, 9)
(6693, 'GQjVVg', 8, 16, 8, 0, 10)
(6694, 'GQjVVW', 8, 16, 8, 0, 10)
(6695, 'GQjVRw', 8, 16, 8, 0, 9)
(6696, 'GQjVVc', 8, 16, 8, 0, 10)
(6697, 'GQjVVS', 8, 16, 8, 0, 12)
(6698, 'GQjVTs', 8, 16, 8, 0, 11)
(6699, 'GQjVVK', 8, 16, 8, 0, 11)
(6700, 'GQjVUk', 8, 16, 8, 0, 11)
(6701, 'GQjVVw', 8, 17, 8, 0, 12)
(6702, 'GQjVVs', 8, 17, 8, 0, 13)
(6703, 'GQjVVk', 8, 17, 8, 0, 13)
(6704, 'GQjVV[', 8, 17, 8, 0, 14)
(6705, 'GQjVV{', 8, 18, 8, 0, 16)
(6706, 'GQjRv_', 8, 15, 8, 0, 6)
(6707, 'GQjRro', 8, 15, 8, 0, 6)
(6708, 'GQjRvG', 8, 15, 8, 0, 7)
(6709, 'GQjRug', 8, 15, 8, 0, 8)
(6710, 'GQjRvo', 8, 16, 8, 0, 8)
(6711, 'GQjRvg', 8, 16, 8, 0, 9)
(6712, 'GQjRvc', 8, 16, 8, 0, 9)
(6713, 'GQjRvS', 8, 16, 8, 0, 10)
(6714, 'GQjRrs', 8, 16, 8, 0, 10)
(6715, 'GQjRvK', 8, 16, 8, 0, 9)
(6716, 'GQjRuk', 8, 16, 8, 0, 10)
(6717, 'GQjRvw', 8, 17, 8, 0, 11)
(6718, 'GQjRvs', 8, 17, 8, 0, 12)
(6719, 'GQjRvk', 8, 17, 8, 0, 12)
(6720, 'GQjRv{', 8, 18, 8, 0, 15)
(6721, 'GQjVNo', 8, 16, 8, 0, 9)
(6722, 'GQjVNg', 8, 16, 8, 0, 10)
(6723, 'GQjVNc', 8, 16, 8, 0, 10)
(6724, 'GQjVMs', 8, 16, 8, 0, 9)
(6725, 'GQjVNK', 8, 16, 8, 0, 12)
(6726, 'GQjVNw', 8, 17, 8, 0, 12)
(6727, 'GQjVNs', 8, 17, 8, 0, 12)
(6728, 'GQjVNk', 8, 17, 8, 0, 14)
(6729, 'GQjVM{', 8, 17, 8, 0, 13)
(6730, 'GQjVN{', 8, 18, 8, 0, 16)
(6731, 'GQjUno', 8, 16, 8, 0, 10)
(6732, 'GQjUmk', 8, 16, 8, 0, 14)
(6733, 'GQjUl[', 8, 16, 8, 0, 12)
(6734, 'GQjUj[', 8, 16, 8, 0, 10)
(6735, 'GQjUnw', 8, 17, 8, 0, 13)
(6736, 'GQjUnk', 8, 17, 8, 0, 15)
(6737, 'GQjUn[', 8, 17, 8, 0, 14)
(6738, 'GQjUj{', 8, 17, 8, 0, 13)
(6739, 'GQjUn{', 8, 18, 8, 0, 17)
(6740, 'GQjVrw', 8, 17, 8, 0, 10)
(6741, 'GQjVvw', 8, 18, 8, 0, 13)
(6742, 'GQjVvs', 8, 18, 8, 0, 15)
(6743, 'GQjVvk', 8, 18, 8, 0, 15)
(6744, 'GQjVv[', 8, 18, 8, 0, 15)
(6745, 'GQjVr{', 8, 18, 8, 0, 14)
(6746, 'GQjVv{', 8, 19, 8, 0, 18)
(6747, 'GQjVnw', 8, 18, 8, 0, 14)
(6748, 'GQjVnk', 8, 18, 8, 0, 17)
(6749, 'GQjVn[', 8, 18, 8, 0, 16)
(6750, 'GQjVm{', 8, 18, 8, 0, 16)
(6751, 'GQjVn{', 8, 19, 8, 0, 19)
(6752, 'GQjV~w', 8, 19, 8, 0, 16)
(6753, 'GQinTw', 8, 16, 8, 0, 13)
(6754, 'GQinVc', 8, 16, 8, 0, 12)
(6755, 'GQinTs', 8, 16, 8, 0, 13)
(6756, 'GQinVw', 8, 17, 8, 0, 14)
(6757, 'GQinVs', 8, 17, 8, 0, 15)
(6758, 'GQinVk', 8, 17, 8, 0, 14)
(6759, 'GQinT{', 8, 17, 8, 0, 16)
(6760, 'GQinV{', 8, 18, 8, 0, 18)
(6761, 'GQil^w', 8, 17, 8, 0, 17)
(6762, 'GQil^{', 8, 18, 8, 0, 21)
(6763, 'GQinvw', 8, 18, 8, 0, 15)
(6764, 'GQinvs', 8, 18, 8, 0, 17)
(6765, 'GQinvk', 8, 18, 8, 0, 16)
(6766, 'GQinv[', 8, 18, 8, 0, 18)
(6767, 'GQinv{', 8, 19, 8, 0, 20)
(6768, 'GQin^w', 8, 18, 8, 0, 17)
(6769, 'GQin\\{', 8, 18, 8, 0, 20)
(6770, 'GQin^{', 8, 19, 8, 0, 22)
(6771, 'GQin~w', 8, 19, 8, 0, 18)
(6772, 'GQjvfg', 8, 17, 8, 0, 11)
(6773, 'GQjvfK', 8, 17, 8, 0, 12)
(6774, 'GQjvek', 8, 17, 8, 0, 12)
(6775, 'GQjve[', 8, 17, 8, 0, 10)
(6776, 'GQjvd[', 8, 17, 8, 0, 12)
(6777, 'GQjva{', 8, 17, 8, 0, 10)
(6778, 'GQjvfw', 8, 18, 8, 0, 13)
(6779, 'GQjvfk', 8, 18, 8, 0, 15)
(6780, 'GQjvf[', 8, 18, 8, 0, 14)
(6781, 'GQjve{', 8, 18, 8, 0, 13)
(6782, 'GQjvf{', 8, 19, 8, 0, 17)
(6783, 'GQjuvo', 8, 17, 8, 0, 9)
(6784, 'GQjuvg', 8, 17, 8, 0, 11)
(6785, 'GQjuuw', 8, 17, 8, 0, 10)
(6786, 'GQjurw', 8, 17, 8, 0, 10)
(6787, 'GQjuvK', 8, 17, 8, 0, 11)
(6788, 'GQjuuk', 8, 17, 8, 0, 12)
(6789, 'GQjurk', 8, 17, 8, 0, 11)
(6790, 'GQjut[', 8, 17, 8, 0, 12)
(6791, 'GQjur[', 8, 17, 8, 0, 10)
(6792, 'GQjuvw', 8, 18, 8, 0, 13)
(6793, 'GQjuvk', 8, 18, 8, 0, 14)
(6794, 'GQjuv[', 8, 18, 8, 0, 14)
(6795, 'GQjur{', 8, 18, 8, 0, 13)
(6796, 'GQjuv{', 8, 19, 8, 0, 17)
(6797, 'GQjvvw', 8, 19, 8, 0, 15)
(6798, 'GQjvvs', 8, 19, 8, 0, 16)
(6799, 'GQjvvk', 8, 19, 8, 0, 17)
(6800, 'GQjvnk', 8, 19, 8, 0, 20)
(6801, 'GQjvn[', 8, 19, 8, 0, 19)
(6802, 'GQjvm{', 8, 19, 8, 0, 18)
(6803, 'GQjv^w', 8, 19, 8, 0, 17)
(6804, 'GQjv^s', 8, 19, 8, 0, 17)
(6805, 'GQjv^[', 8, 19, 8, 0, 20)
(6806, 'GQjv\\{', 8, 19, 8, 0, 19)
(6807, 'GQju~w', 8, 19, 8, 0, 16)
(6808, 'GQju~[', 8, 19, 8, 0, 18)
(6809, 'GQjuz{', 8, 19, 8, 0, 17)
(6810, 'GQjnfg', 8, 17, 8, 0, 11)
(6811, 'GQjnfW', 8, 17, 8, 0, 13)
(6812, 'GQjnew', 8, 17, 8, 0, 11)
(6813, 'GQjndw', 8, 17, 8, 0, 12)
(6814, 'GQjnfc', 8, 17, 8, 0, 12)
(6815, 'GQjnfK', 8, 17, 8, 0, 13)
(6816, 'GQjnek', 8, 17, 8, 0, 12)
(6817, 'GQjndk', 8, 17, 8, 0, 12)
(6818, 'GQjnd[', 8, 17, 8, 0, 14)
(6819, 'GQjna{', 8, 17, 8, 0, 11)
(6820, 'GQjnfw', 8, 18, 8, 0, 14)
(6821, 'GQjnfs', 8, 18, 8, 0, 14)
(6822, 'GQjnfk', 8, 18, 8, 0, 15)
(6823, 'GQjnf[', 8, 18, 8, 0, 16)
(6824, 'GQjne{', 8, 18, 8, 0, 14)
(6825, 'GQjnd{', 8, 18, 8, 0, 15)
(6826, 'GQjnf{', 8, 19, 8, 0, 18)
(6827, 'GQjnVg', 8, 17, 8, 0, 12)
(6828, 'GQjnTw', 8, 17, 8, 0, 13)
(6829, 'GQjnTk', 8, 17, 8, 0, 12)
(6830, 'GQjnVw', 8, 18, 8, 0, 15)
(6831, 'GQjnVk', 8, 18, 8, 0, 15)
(6832, 'GQjnT{', 8, 18, 8, 0, 16)
(6833, 'GQjnV{', 8, 19, 8, 0, 19)
(6834, 'GQjlvo', 8, 17, 8, 0, 11)
(6835, 'GQjlvg', 8, 17, 8, 0, 12)
(6836, 'GQjlvW', 8, 17, 8, 0, 14)
(6837, 'GQjlvK', 8, 17, 8, 0, 13)
(6838, 'GQjlt[', 8, 17, 8, 0, 16)
(6839, 'GQjlvw', 8, 18, 8, 0, 15)
(6840, 'GQjlvk', 8, 18, 8, 0, 15)
(6841, 'GQjlv[', 8, 18, 8, 0, 17)
(6842, 'GQjlv{', 8, 19, 8, 0, 19)
(6843, 'GQjnvw', 8, 19, 8, 0, 16)
(6844, 'GQjnvs', 8, 19, 8, 0, 17)
(6845, 'GQjnt{', 8, 19, 8, 0, 18)
(6846, 'GQjn^w', 8, 19, 8, 0, 19)
(6847, 'GQjn\\{', 8, 19, 8, 0, 21)
(6848, 'GQzTrg', 8, 16, 8, 0, 8)
(6849, 'GQzTvg', 8, 17, 8, 0, 10)
(6850, 'GQzTvW', 8, 17, 8, 0, 11)
(6851, 'GQzTuw', 8, 17, 8, 0, 11)
(6852, 'GQzTus', 8, 17, 8, 0, 11)
(6853, 'GQzTvw', 8, 18, 8, 0, 13)
(6854, 'GQzTvs', 8, 18, 8, 0, 14)
(6855, 'GQzTu{', 8, 18, 8, 0, 14)
(6856, 'GQzTv{', 8, 19, 8, 0, 17)
(6857, 'GQzVvg', 8, 18, 8, 0, 12)
(6858, 'GQzVvw', 8, 19, 8, 0, 15)
(6859, 'GQzVvs', 8, 19, 8, 0, 17)
(6860, 'GQzVvk', 8, 19, 8, 0, 16)
(6861, 'GQzVv[', 8, 19, 8, 0, 17)
(6862, 'GQzVu{', 8, 19, 8, 0, 17)
(6863, 'GQzVt{', 8, 19, 8, 0, 16)
(6864, 'GQzVr{', 8, 19, 8, 0, 16)
(6865, 'GQzV]w', 8, 18, 8, 0, 14)
(6866, 'GQzV^w', 8, 19, 8, 0, 16)
(6867, 'GQzV^[', 8, 19, 8, 0, 19)
(6868, 'GQzV]{', 8, 19, 8, 0, 18)
(6869, 'GQyvfo', 8, 17, 8, 0, 9)
(6870, 'GQyvfW', 8, 17, 8, 0, 10)
(6871, 'GQyvew', 8, 17, 8, 0, 9)
(6872, 'GQyvfc', 8, 17, 8, 0, 10)
(6873, 'GQyves', 8, 17, 8, 0, 10)
(6874, 'GQyvfw', 8, 18, 8, 0, 12)
(6875, 'GQyvfs', 8, 18, 8, 0, 13)
(6876, 'GQyvf[', 8, 18, 8, 0, 13)
(6877, 'GQyve{', 8, 18, 8, 0, 12)
(6878, 'GQyvf{', 8, 19, 8, 0, 16)
(6879, 'GQyvVo', 8, 17, 8, 0, 11)
(6880, 'GQyvTw', 8, 17, 8, 0, 12)
(6881, 'GQyvVw', 8, 18, 8, 0, 14)
(6882, 'GQyvVs', 8, 18, 8, 0, 15)
(6883, 'GQyvV[', 8, 18, 8, 0, 16)
(6884, 'GQyvV{', 8, 19, 8, 0, 18)
(6885, 'GQyurg', 8, 16, 8, 0, 8)
(6886, 'GQyuvg', 8, 17, 8, 0, 10)
(6887, 'GQyurw', 8, 17, 8, 0, 10)
(6888, 'GQyuuk', 8, 17, 8, 0, 11)
(6889, 'GQyus{', 8, 17, 8, 0, 11)
(6890, 'GQyuvw', 8, 18, 8, 0, 13)
(6891, 'GQyuvs', 8, 18, 8, 0, 14)
(6892, 'GQyuvk', 8, 18, 8, 0, 13)
(6893, 'GQyuu{', 8, 18, 8, 0, 14)
(6894, 'GQyuv{', 8, 19, 8, 0, 17)
(6895, 'GQyvvw', 8, 19, 8, 0, 15)
(6896, 'GQyvvs', 8, 19, 8, 0, 17)
(6897, 'GQyvvk', 8, 19, 8, 0, 16)
(6898, 'GQyvv[', 8, 19, 8, 0, 17)
(6899, 'GQyvt{', 8, 19, 8, 0, 17)
(6900, 'GQyv^w', 8, 19, 8, 0, 16)
(6901, 'GQyv^[', 8, 19, 8, 0, 19)
(6902, 'GQyv\\{', 8, 19, 8, 0, 18)
(6903, 'GQyuzw', 8, 18, 8, 0, 12)
(6904, 'GQyu~w', 8, 19, 8, 0, 15)
(6905, 'GQyu~s', 8, 19, 8, 0, 16)
(6906, 'GQyu~[', 8, 19, 8, 0, 17)
(6907, 'GQyu}{', 8, 19, 8, 0, 17)
(6908, 'GQyuz{', 8, 19, 8, 0, 16)
(6909, 'GQzvVo', 8, 18, 8, 0, 12)
(6910, 'GQzvVg', 8, 18, 8, 0, 13)
(6911, 'GQzvVW', 8, 18, 8, 0, 14)
(6912, 'GQzvUw', 8, 18, 8, 0, 13)
(6913, 'GQzvTw', 8, 18, 8, 0, 13)
(6914, 'GQzvVS', 8, 18, 8, 0, 15)
(6915, 'GQzvVw', 8, 19, 8, 0, 16)
(6916, 'GQzvVs', 8, 19, 8, 0, 16)
(6917, 'GQzvV[', 8, 19, 8, 0, 18)
(6918, 'GQzvvg', 8, 19, 8, 0, 14)
(6919, 'GQz^fo', 8, 18, 8, 0, 11)
(6920, 'GQz^fc', 8, 18, 8, 0, 12)
(6921, 'GQz^fS', 8, 18, 8, 0, 13)
(6922, 'GQz^es', 8, 18, 8, 0, 12)
(6923, 'GQz^ds', 8, 18, 8, 0, 12)
(6924, 'GQz^e[', 8, 18, 8, 0, 13)
(6925, 'GQz^d[', 8, 18, 8, 0, 13)
(6926, 'GQz^b[', 8, 18, 8, 0, 12)
(6927, 'GQz^`{', 8, 18, 8, 0, 11)
(6928, 'GQz^fw', 8, 19, 8, 0, 15)
(6929, 'GQz^fs', 8, 19, 8, 0, 15)
(6930, 'GQz^f[', 8, 19, 8, 0, 16)
(6931, 'GQz^d{', 8, 19, 8, 0, 15)
(6932, 'GQy~fW', 8, 18, 8, 0, 13)
(6933, 'GQy~ew', 8, 18, 8, 0, 12)
(6934, 'GQy~fc', 8, 18, 8, 0, 12)
(6935, 'GQy~fS', 8, 18, 8, 0, 13)
(6936, 'GQy~es', 8, 18, 8, 0, 12)
(6937, 'GQy~e[', 8, 18, 8, 0, 12)
(6938, 'GQy~d[', 8, 18, 8, 0, 14)
(6939, 'GQy~a{', 8, 18, 8, 0, 12)
(6940, 'GQy~fw', 8, 19, 8, 0, 15)
(6941, 'GQy~fs', 8, 19, 8, 0, 15)
(6942, 'GQy~f[', 8, 19, 8, 0, 16)
(6943, 'GQy~e{', 8, 19, 8, 0, 15)
(6944, 'GUZvfo', 8, 18, 8, 0, 11)
(6945, 'GUZvfg', 8, 18, 8, 0, 13)
(6946, 'GUZvfK', 8, 18, 8, 0, 13)
(6947, 'GUZvek', 8, 18, 8, 0, 14)
(6948, 'GUZve[', 8, 18, 8, 0, 11)
(6949, 'GUZvd[', 8, 18, 8, 0, 12)
(6950, 'GUZvb[', 8, 18, 8, 0, 12)
(6951, 'GUZvfw', 8, 19, 8, 0, 15)
(6952, 'GUZvfk', 8, 19, 8, 0, 17)
(6953, 'GUZvf[', 8, 19, 8, 0, 15)
(6954, 'GUZve{', 8, 19, 8, 0, 15)
(6955, 'GUZuvo', 8, 18, 8, 0, 11)
(6956, 'GUZuvW', 8, 18, 8, 0, 12)
(6957, 'GUZurw', 8, 18, 8, 0, 12)
(6958, 'GUZuvK', 8, 18, 8, 0, 12)
(6959, 'GUZuuk', 8, 18, 8, 0, 14)
(6960, 'GUZuvw', 8, 19, 8, 0, 15)
(6961, 'GUZuvk', 8, 19, 8, 0, 16)
(6962, 'GUZuv[', 8, 19, 8, 0, 15)
(6963, 'GUZvvo', 8, 19, 8, 0, 13)
(6964, 'GUZvvg', 8, 19, 8, 0, 15)
(6965, 'GUZvvW', 8, 19, 8, 0, 14)
(6966, 'GUxvvo', 8, 19, 8, 0, 14)
(6967, 'GUxvvg', 8, 19, 8, 0, 14)
(6968, 'GUxvuw', 8, 19, 8, 0, 14)
(6969, 'GUzrvo', 8, 19, 8, 0, 13)
(6970, 'GUzrvg', 8, 19, 8, 0, 14)
(6971, 'GUzrvW', 8, 19, 8, 0, 14)
